uniprot_accession,signal_peptide,transmembrane,topological_domain,subcellular_location_[cc]
A1L3X0,,"TRANSMEM 28..48; /note=""Helical; Name=1""; /evidence=""ECO:0000255|HAMAP-Rule:MF_03207""; TRANSMEM 73..93; /note=""Helical; Name=2""; /evidence=""ECO:0000255|HAMAP-Rule:MF_03207""; TRANSMEM 116..136; /note=""Helical; Name=3""; /evidence=""ECO:0000255|HAMAP-Rule:MF_03207""; TRANSMEM 143..162; /note=""Helical; Name=4""; /evidence=""ECO:0000255|HAMAP-Rule:MF_03207""; TRANSMEM 172..194; /note=""Helical; Name=5""; /evidence=""ECO:0000255|HAMAP-Rule:MF_03207""; TRANSMEM 207..227; /note=""Helical; Name=6""; /evidence=""ECO:0000255|HAMAP-Rule:MF_03207""; TRANSMEM 237..257; /note=""Helical; Name=7""; /evidence=""ECO:0000255|HAMAP-Rule:MF_03207""","TOPO_DOM 2..27; /note=""Lumenal""; /evidence=""ECO:0000305|PubMed:34117479""; TOPO_DOM 49..72; /note=""Cytoplasmic""; /evidence=""ECO:0000305|PubMed:34117479""; TOPO_DOM 94..115; /note=""Lumenal""; /evidence=""ECO:0000305|PubMed:34117479""; TOPO_DOM 137..142; /note=""Cytoplasmic""; /evidence=""ECO:0000305""; TOPO_DOM 163..171; /note=""Lumenal""; /evidence=""ECO:0000305|PubMed:34117479""; TOPO_DOM 195..206; /note=""Cytoplasmic""; /evidence=""ECO:0000305""; TOPO_DOM 228..236; /note=""Lumenal""; /evidence=""ECO:0000305|PubMed:34117479""; TOPO_DOM 258..281; /note=""Cytoplasmic""; /evidence=""ECO:0000305|PubMed:34117479""","SUBCELLULAR LOCATION: Endoplasmic reticulum membrane {ECO:0000255|HAMAP-Rule:MF_03207, ECO:0000269|PubMed:20937905}; Multi-pass membrane protein {ECO:0000255|HAMAP-Rule:MF_03207}."
O00291,,,,"SUBCELLULAR LOCATION: Cytoplasm. Nucleus. Endomembrane system. Cytoplasmic vesicle, clathrin-coated vesicle membrane. Note=Shuttles between cytoplasm and nucleus. Nuclear translocation can be induced by AR."
O00400,,"TRANSMEM 75..95; /note=""Helical""; /evidence=""ECO:0000255""; TRANSMEM 114..134; /note=""Helical""; /evidence=""ECO:0000255""; TRANSMEM 142..162; /note=""Helical""; /evidence=""ECO:0000255""; TRANSMEM 176..196; /note=""Helical""; /evidence=""ECO:0000255""; TRANSMEM 218..238; /note=""Helical""; /evidence=""ECO:0000255""; TRANSMEM 257..277; /note=""Helical""; /evidence=""ECO:0000255""; TRANSMEM 300..320; /note=""Helical""; /evidence=""ECO:0000255""; TRANSMEM 344..364; /note=""Helical""; /evidence=""ECO:0000255""; TRANSMEM 379..398; /note=""Helical""; /evidence=""ECO:0000255""; TRANSMEM 405..425; /note=""Helical""; /evidence=""ECO:0000255""; TRANSMEM 509..529; /note=""Helical""; /evidence=""ECO:0000255""","TOPO_DOM 1..74; /note=""Cytoplasmic""; /evidence=""ECO:0000255""; TOPO_DOM 96..113; /note=""Extracellular""; /evidence=""ECO:0000255""; TOPO_DOM 135..141; /note=""Cytoplasmic""; /evidence=""ECO:0000255""; TOPO_DOM 163..175; /note=""Extracellular""; /evidence=""ECO:0000255""; TOPO_DOM 197..217; /note=""Cytoplasmic""; /evidence=""ECO:0000255""; TOPO_DOM 239..256; /note=""Extracellular""; /evidence=""ECO:0000255""; TOPO_DOM 278..299; /note=""Cytoplasmic""; /evidence=""ECO:0000255""; TOPO_DOM 321..343; /note=""Extracellular""; /evidence=""ECO:0000255""; TOPO_DOM 365..378; /note=""Cytoplasmic""; /evidence=""ECO:0000255""; TOPO_DOM 399..404; /note=""Extracellular""; /evidence=""ECO:0000255""; TOPO_DOM 426..508; /note=""Cytoplasmic""; /evidence=""ECO:0000255""; TOPO_DOM 530..549; /note=""Extracellular""; /evidence=""ECO:0000255""","SUBCELLULAR LOCATION: Endoplasmic reticulum membrane {ECO:0000269|PubMed:20826464, ECO:0000269|PubMed:24828632}; Multi-pass membrane protein {ECO:0000255}."
O00444,,,,"SUBCELLULAR LOCATION: Cytoplasm, cytoskeleton, microtubule organizing center, centrosome, centriole {ECO:0000269|PubMed:22020124, ECO:0000269|PubMed:27246242, ECO:0000269|PubMed:27796307}. Nucleus, nucleolus {ECO:0000250|UniProtKB:Q64702}. Cleavage furrow {ECO:0000250|UniProtKB:Q64702}. Cytoplasm, cytoskeleton, microtubule organizing center, centrosome {ECO:0000269|PubMed:30804208, ECO:0000269|PubMed:32433990}. Note=Component of the deuterosome, a structure that promotes de novo centriole amplification in multiciliated cells that can generate more than 100 centrioles. Associates with centrioles throughout the cell cycle. According to PubMed:16244668, it is not present at cleavage furrows."
O00487,,,,
O00505,,,,SUBCELLULAR LOCATION: Cytoplasm {ECO:0000305|PubMed:34564892}. Nucleus {ECO:0000269|PubMed:34564892}.
O00506,,,,SUBCELLULAR LOCATION: Cytoplasm {ECO:0000269|PubMed:15037601}. Golgi apparatus {ECO:0000269|PubMed:15037601}. Note=Localizes to the Golgi apparatus.
O14497,,,,"SUBCELLULAR LOCATION: Nucleus {ECO:0000255|PROSITE-ProRule:PRU00355, ECO:0000269|PubMed:11318604, ECO:0000269|PubMed:26614907}."
O14757,,,,"SUBCELLULAR LOCATION: Nucleus {ECO:0000269|PubMed:11836499, ECO:0000269|PubMed:12676962, ECO:0000269|PubMed:15311285, ECO:0000269|PubMed:15710331, ECO:0000269|PubMed:9278511}. Chromosome {ECO:0000269|PubMed:12676962, ECO:0000269|PubMed:31316063, ECO:0000269|PubMed:9382850}. Cytoplasm {ECO:0000269|PubMed:12676962}. Cytoplasm, cytoskeleton, microtubule organizing center, centrosome {ECO:0000269|PubMed:15311285}. Note=Nuclear export is mediated at least in part by XPO1/CRM1 (PubMed:12676962). Also localizes to the centrosome specifically during interphase, where it may protect centrosomal CDC2 kinase from inappropriate activation by cytoplasmic CDC25B (PubMed:15311285). Proteolytic cleavage at the C-terminus by SPRTN promotes removal from chromatin (PubMed:31316063). {ECO:0000269|PubMed:12676962, ECO:0000269|PubMed:15311285, ECO:0000269|PubMed:31316063}."
O15111,,,,"SUBCELLULAR LOCATION: Cytoplasm {ECO:0000269|PubMed:12789342, ECO:0000269|PubMed:30341167}. Nucleus {ECO:0000269|PubMed:12789342}. Note=Shuttles between the cytoplasm and the nucleus."
O15120,"SIGNAL 1..23; /evidence=""ECO:0000255""","TRANSMEM 30..50; /note=""Helical""; /evidence=""ECO:0000255""; TRANSMEM 122..142; /note=""Helical""; /evidence=""ECO:0000255""","TOPO_DOM 24..29; /note=""Lumenal""; /evidence=""ECO:0000305""; TOPO_DOM 51..121; /note=""Cytoplasmic""; /evidence=""ECO:0000305""; TOPO_DOM 143..278; /note=""Lumenal""; /evidence=""ECO:0000305""",SUBCELLULAR LOCATION: Endoplasmic reticulum membrane {ECO:0000269|PubMed:21873652}; Multi-pass membrane protein {ECO:0000255}.
O15127,,"TRANSMEM 154..174; /note=""Helical""; /evidence=""ECO:0000255""; TRANSMEM 182..202; /note=""Helical""; /evidence=""ECO:0000255""; TRANSMEM 219..239; /note=""Helical""; /evidence=""ECO:0000255""; TRANSMEM 263..283; /note=""Helical""; /evidence=""ECO:0000255""","TOPO_DOM 1..153; /note=""Cytoplasmic""; /evidence=""ECO:0000255""; TOPO_DOM 175..181; /note=""Lumenal""; /evidence=""ECO:0000255""; TOPO_DOM 203..218; /note=""Cytoplasmic""; /evidence=""ECO:0000255""; TOPO_DOM 240..262; /note=""Lumenal""; /evidence=""ECO:0000255""; TOPO_DOM 284..329; /note=""Cytoplasmic""; /evidence=""ECO:0000255""","SUBCELLULAR LOCATION: Golgi apparatus, trans-Golgi network membrane {ECO:0000269|PubMed:15840657}; Multi-pass membrane protein {ECO:0000269|PubMed:15840657}. Recycling endosome membrane {ECO:0000269|PubMed:15840657}; Multi-pass membrane protein {ECO:0000269|PubMed:15840657}."
A0JLT2,,,,SUBCELLULAR LOCATION: Nucleus {ECO:0000305}.
O00233,,,,
O00425,,,,"SUBCELLULAR LOCATION: Nucleus. Cytoplasm. Cytoplasm, P-body {ECO:0000269|PubMed:29476152}. Cytoplasm, Stress granule {ECO:0000269|PubMed:29476152}. Note=Found in lamellipodia of the leading edge, in the perinuclear region, and beneath the plasma membrane. The subcytoplasmic localization is cell specific and regulated by cell contact and growth. Localized at the connecting piece and the tail of the spermatozoa. Colocalized with CD44 mRNA in RNP granules. In response to cellular stress, such as oxidative stress, recruited to stress granules."
O14495,,"TRANSMEM 34..54; /note=""Helical""; /evidence=""ECO:0000255""; TRANSMEM 86..106; /note=""Helical""; /evidence=""ECO:0000255""; TRANSMEM 123..143; /note=""Helical""; /evidence=""ECO:0000255""; TRANSMEM 194..214; /note=""Helical""; /evidence=""ECO:0000255""; TRANSMEM 226..243; /note=""Helical""; /evidence=""ECO:0000255""; TRANSMEM 258..278; /note=""Helical""; /evidence=""ECO:0000255""","TOPO_DOM 1..33; /note=""Cytoplasmic""; /evidence=""ECO:0000305|PubMed:12660161""; TOPO_DOM 55..85; /note=""Extracellular""; /evidence=""ECO:0000305|PubMed:12660161""; TOPO_DOM 107..122; /note=""Cytoplasmic""; /evidence=""ECO:0000305|PubMed:12660161""; TOPO_DOM 144..193; /note=""Extracellular""; /evidence=""ECO:0000269|PubMed:12660161""; TOPO_DOM 215..225; /note=""Cytoplasmic""; /evidence=""ECO:0000305|PubMed:12660161""; TOPO_DOM 244..257; /note=""Extracellular""; /evidence=""ECO:0000305|PubMed:12660161""; TOPO_DOM 279..311; /note=""Cytoplasmic""; /evidence=""ECO:0000305|PubMed:12660161""","SUBCELLULAR LOCATION: Cell membrane {ECO:0000269|PubMed:12660161, ECO:0000269|PubMed:20123964, ECO:0000269|PubMed:9705349}; Multi-pass membrane protein {ECO:0000250|UniProtKB:P97544}. Basolateral cell membrane {ECO:0000269|PubMed:14527693}; Multi-pass membrane protein {ECO:0000250|UniProtKB:P97544}. Endoplasmic reticulum membrane {ECO:0000269|PubMed:23591818}; Multi-pass membrane protein {ECO:0000250|UniProtKB:P97544}. Endoplasmic reticulum-Golgi intermediate compartment membrane {ECO:0000269|PubMed:23591818}; Multi-pass membrane protein {ECO:0000250|UniProtKB:P97544}. Golgi apparatus membrane {ECO:0000269|PubMed:23591818}; Multi-pass membrane protein {ECO:0000250|UniProtKB:P97544}. Golgi apparatus, trans-Golgi network membrane {ECO:0000269|PubMed:23591818}; Multi-pass membrane protein {ECO:0000250|UniProtKB:P97544}. Membrane raft {ECO:0000269|PubMed:17005594}; Multi-pass membrane protein {ECO:0000250|UniProtKB:P97544}. Note=Cycles between the endoplasmic reticulum and the Golgi. {ECO:0000269|PubMed:23591818}."
O14966,,,,"SUBCELLULAR LOCATION: Cell membrane {ECO:0000269|PubMed:38127736}; Lipid-anchor {ECO:0000305}; Cytoplasmic side {ECO:0000305}. Cytoplasm {ECO:0000269|PubMed:24788816, ECO:0000269|PubMed:29212815}. Cytoplasm, perinuclear region {ECO:0000269|PubMed:24788816}. Golgi apparatus {ECO:0000269|PubMed:22042847}. Golgi apparatus membrane {ECO:0000269|PubMed:38127736}. Golgi apparatus, trans-Golgi network {ECO:0000269|PubMed:24788816, ECO:0000269|PubMed:29212815}. Vacuole {ECO:0000269|PubMed:22042847}. Cytoplasm, cytoskeleton {ECO:0000269|PubMed:22042847}. Note=Colocalizes with LRRK2 along tubular structures emerging from Golgi apparatus (PubMed:29212815). Colocalizes with GM130 at the Golgi apparatus (PubMed:22042847). Colocalizes with dynamic tubules emerging from and retracting to the Golgi apparatus (PubMed:22042847, PubMed:38127736). Colocalizes with TGN46 at the trans-Golgi network (TGN) (PubMed:24788816). In Salmonella enterica serovar Typhi (S.typhi) infected epithelial cells, is recruited and colocalized with both S.typhi-containing vacuoles and dynamic tubules as well as those emerging from the vacuole toward the cell periphery (PubMed:22042847). {ECO:0000269|PubMed:22042847, ECO:0000269|PubMed:24788816, ECO:0000269|PubMed:29212815, ECO:0000269|PubMed:38127736}."
O15066,,,,"SUBCELLULAR LOCATION: Cytoplasm, cytoskeleton {ECO:0000305}. Cell projection, cilium {ECO:0000250|UniProtKB:Q61771}. Cell projection, dendritic spine {ECO:0000250|UniProtKB:Q61771}."
O15131,,,,SUBCELLULAR LOCATION: Cytoplasm.
O15155,,"TRANSMEM 95..115; /note=""Helical; Anchor for type IV membrane protein""; /evidence=""ECO:0000255""","TOPO_DOM 1..94; /note=""Cytoplasmic""; /evidence=""ECO:0000255""; TOPO_DOM 116..118; /note=""Vesicular""; /evidence=""ECO:0000255""","SUBCELLULAR LOCATION: Endoplasmic reticulum membrane {ECO:0000269|PubMed:34779586}; Single-pass type IV membrane protein {ECO:0000250}. Golgi apparatus, cis-Golgi network membrane {ECO:0000269|PubMed:34779586}. Golgi apparatus membrane {ECO:0000250}. Note=Concentrated most in the intermediate compartment/cis-Golgi network and the cis-Golgi cisternae 1 and 2. Greatly reduced in concentration at the trans end of the Golgi apparatus (By similarity). {ECO:0000250}."
O15182,,,,"SUBCELLULAR LOCATION: Cytoplasm, cytoskeleton, microtubule organizing center, centrosome {ECO:0000269|PubMed:14654843, ECO:0000269|PubMed:9256449}. Nucleus, nucleolus {ECO:0000303|PubMed:22307388}. Nucleus envelope {ECO:0000269|PubMed:23591820}. Nucleus, nuclear pore complex {ECO:0000269|PubMed:23591820}. Cytoplasm, cytoskeleton, microtubule organizing center, centrosome, centriole {ECO:0000269|PubMed:23591820, ECO:0000269|PubMed:26337392}. Note=Centrosome of interphase and mitotic cells (PubMed:9256449). Localizes to centriole distal lumen (PubMed:26337392). Localization at the nuclear pore complex requires NUP153 and TPR (PubMed:23591820). {ECO:0000269|PubMed:23591820, ECO:0000269|PubMed:26337392, ECO:0000269|PubMed:9256449}."
O15213,,,,"SUBCELLULAR LOCATION: Nucleus, nucleolus {ECO:0000269|PubMed:23848194, ECO:0000269|PubMed:34516797}."
O15258,,"TRANSMEM 41..61; /note=""Helical""; /evidence=""ECO:0000255""; TRANSMEM 63..83; /note=""Helical""; /evidence=""ECO:0000255""; TRANSMEM 118..138; /note=""Helical""; /evidence=""ECO:0000255""; TRANSMEM 140..160; /note=""Helical""; /evidence=""ECO:0000255""","TOPO_DOM 2..40; /note=""Cytoplasmic""; /evidence=""ECO:0000305""; TOPO_DOM 62; /note=""Lumenal""; /evidence=""ECO:0000305""; TOPO_DOM 84..117; /note=""Cytoplasmic""; /evidence=""ECO:0000305""; TOPO_DOM 139; /note=""Lumenal""; /evidence=""ECO:0000305""; TOPO_DOM 161..196; /note=""Cytoplasmic""; /evidence=""ECO:0000305""","SUBCELLULAR LOCATION: Golgi apparatus membrane {ECO:0000269|PubMed:9309388}; Multi-pass membrane protein {ECO:0000255}. Golgi apparatus, cis-Golgi network membrane {ECO:0000269|PubMed:28877262}."
O00232,,,,
O00264,,"TRANSMEM 25..43; /note=""Helical""; /evidence=""ECO:0000255""","TOPO_DOM 1..24; /note=""Lumenal""; /evidence=""ECO:0000255""; TOPO_DOM 44..195; /note=""Cytoplasmic""; /evidence=""ECO:0000255""","SUBCELLULAR LOCATION: Microsome membrane {ECO:0000250|UniProtKB:Q95250}; Single-pass membrane protein {ECO:0000255}. Smooth endoplasmic reticulum membrane {ECO:0000303|PubMed:28396637}; Single-pass membrane protein {ECO:0000255}. Mitochondrion outer membrane {ECO:0000250|UniProtKB:O55022}; Single-pass membrane protein {ECO:0000305}; Extracellular side {ECO:0000250|UniProtKB:O55022}. Secreted {ECO:0000269|PubMed:36213313, ECO:0000269|PubMed:37453717}. Note=Localized at cell membrane, probably in lipid rafts, in serum-starved conditions. {ECO:0000269|PubMed:30443021}."
O00401,,,,"SUBCELLULAR LOCATION: Cytoplasm, cytoskeleton {ECO:0000269|PubMed:9422512}. Nucleus {ECO:0000269|PubMed:16767080}. Cytoplasm {ECO:0000250|UniProtKB:Q91YD9}. Note=Preferentially localized in the cytoplasm when phosphorylated and in the nucleus when unphosphorylated (By similarity). Exported from the nucleus by an nuclear export signal (NES)-dependent mechanism to the cytoplasm (By similarity). {ECO:0000250|UniProtKB:Q91YD9}."
O00443,,,,"SUBCELLULAR LOCATION: Cell membrane {ECO:0000269|PubMed:10766823, ECO:0000269|PubMed:11239472, ECO:0000269|PubMed:17038310}. Cytoplasmic vesicle, clathrin-coated vesicle {ECO:0000269|PubMed:10766823, ECO:0000269|PubMed:11239472}. Nucleus {ECO:0000269|PubMed:11606566}. Cytoplasm {ECO:0000269|PubMed:11606566, ECO:0000269|PubMed:14563213}. Golgi apparatus, trans-Golgi network {ECO:0000269|PubMed:10766823, ECO:0000269|PubMed:11239472}. Note=Inserts preferentially into membranes containing PtdIns(4,5)P2 (PubMed:17038310). Associated with RNA-containing structures (PubMed:11606566). {ECO:0000269|PubMed:11606566, ECO:0000269|PubMed:17038310}."
O00541,,,,"SUBCELLULAR LOCATION: Nucleus, nucleolus. Nucleus, nucleoplasm. Chromosome. Note=Appears to localize to the periphery of metaphase chromosomes during mitosis and to the prenucleolar bodies that form in mitotic cells prior to the actual nucleoli. {ECO:0000255|HAMAP-Rule:MF_03028}."
O14732,,,,SUBCELLULAR LOCATION: Cytoplasm {ECO:0000269|PubMed:17068342}.
O14810,,,,"SUBCELLULAR LOCATION: Cytoplasm, cytosol {ECO:0000250|UniProtKB:P63040}. Perikaryon {ECO:0000250|UniProtKB:P63040}. Presynapse {ECO:0000250|UniProtKB:P63040}. Note=Enriched at synaptic-releasing sites in mature neurons. {ECO:0000250|UniProtKB:P63040}."
O14950,,,,
O14964,,,,"SUBCELLULAR LOCATION: Cytoplasm {ECO:0000250|UniProtKB:Q9JJ50}. Early endosome membrane {ECO:0000269|PubMed:23166352, ECO:0000269|PubMed:24790097}; Peripheral membrane protein {ECO:0000305|PubMed:23166352, ECO:0000305|PubMed:24790097}; Cytoplasmic side {ECO:0000305|PubMed:23166352, ECO:0000305|PubMed:24790097}. Endosome, multivesicular body membrane {ECO:0000250|UniProtKB:Q9JJ50}; Peripheral membrane protein {ECO:0000250|UniProtKB:Q9JJ50}. Note=Colocalizes with UBQLN1 in ubiquitin-rich cytoplasmic aggregates that are not endocytic compartments. {ECO:0000269|PubMed:16159959}."
O15084,,,,"SUBCELLULAR LOCATION: Nucleus, nucleoplasm {ECO:0000269|PubMed:16564677}. Cytoplasm, cytosol {ECO:0000269|PubMed:35512830}. Cell projection, lamellipodium {ECO:0000269|PubMed:35512830}. Note=Seems to be excluded from nucleoli. Mostly localized in the cytosol, but a fraction could be observed at the lamellipodia (PubMed:35512830). {ECO:0000269|PubMed:35512830}."
O15126,,"TRANSMEM 156..176; /note=""Helical""; /evidence=""ECO:0000255""; TRANSMEM 182..202; /note=""Helical""; /evidence=""ECO:0000255""; TRANSMEM 219..239; /note=""Helical""; /evidence=""ECO:0000255""; TRANSMEM 262..282; /note=""Helical""; /evidence=""ECO:0000255""","TOPO_DOM 2..155; /note=""Cytoplasmic""; /evidence=""ECO:0000255""; TOPO_DOM 177..181; /note=""Lumenal""; /evidence=""ECO:0000255""; TOPO_DOM 203..218; /note=""Cytoplasmic""; /evidence=""ECO:0000255""; TOPO_DOM 240..261; /note=""Lumenal""; /evidence=""ECO:0000255""; TOPO_DOM 283..338; /note=""Cytoplasmic""; /evidence=""ECO:0000255""","SUBCELLULAR LOCATION: Golgi apparatus, trans-Golgi network membrane {ECO:0000269|PubMed:15840657}; Multi-pass membrane protein {ECO:0000269|PubMed:15840657}. Recycling endosome membrane {ECO:0000269|PubMed:15840657}; Multi-pass membrane protein {ECO:0000269|PubMed:15840657}."
O15173,,"TRANSMEM 42..66; /note=""Helical""; /evidence=""ECO:0000255""",,"SUBCELLULAR LOCATION: Membrane {ECO:0000305|PubMed:23793472}; Single-pass membrane protein {ECO:0000305}. Nucleus envelope {ECO:0000269|PubMed:27754849, ECO:0000269|PubMed:28111073}. Endoplasmic reticulum {ECO:0000269|PubMed:27754849}. Secreted {ECO:0000269|PubMed:37453717}."
A5D8V6,,,,SUBCELLULAR LOCATION: Late endosome membrane {ECO:0000305|PubMed:15509564}; Peripheral membrane protein {ECO:0000305|PubMed:15509564}. Note=Probably associates with membranes. Recruited to the plasma membrane by HIV-1.
O00459,,,,
O00566,,,,"SUBCELLULAR LOCATION: Nucleus, nucleolus {ECO:0000269|PubMed:12429849, ECO:0000269|PubMed:12655004, ECO:0000269|PubMed:34516797, ECO:0000269|PubMed:9450966}. Chromosome {ECO:0000269|PubMed:9450966}. Note=Fibrillar region of the nucleolus (PubMed:9450966). After dissolution of the nucleolus in early M phase becomes associated with chromosomes through metaphase and anaphase (PubMed:9450966). In telophase localized to small cellular prenucleolar bodies that not always contain fibrillarin (PubMed:9450966). The reassociation with nucleolus is preceeded by the arrival of fibrillarin (PubMed:9450966). {ECO:0000269|PubMed:9450966}."
O00629,,,,"SUBCELLULAR LOCATION: Cytoplasm {ECO:0000305|PubMed:28760339, ECO:0000305|PubMed:29042532}. Nucleus {ECO:0000305|PubMed:28760339, ECO:0000305|PubMed:29042532}."
O14494,,"TRANSMEM 7..27; /note=""Helical""; /evidence=""ECO:0000255""; TRANSMEM 54..74; /note=""Helical""; /evidence=""ECO:0000255""; TRANSMEM 95..115; /note=""Helical""; /evidence=""ECO:0000255""; TRANSMEM 165..185; /note=""Helical""; /evidence=""ECO:0000255""; TRANSMEM 200..220; /note=""Helical""; /evidence=""ECO:0000255""; TRANSMEM 230..250; /note=""Helical""; /evidence=""ECO:0000255""","TOPO_DOM 1..6; /note=""Cytoplasmic""; /evidence=""ECO:0000250|UniProtKB:Q61469""; TOPO_DOM 28..53; /note=""Extracellular""; /evidence=""ECO:0000250|UniProtKB:Q61469""; TOPO_DOM 75..94; /note=""Cytoplasmic""; /evidence=""ECO:0000250|UniProtKB:Q61469""; TOPO_DOM 116..164; /note=""Extracellular""; /evidence=""ECO:0000250|UniProtKB:Q61469""; TOPO_DOM 186..199; /note=""Cytoplasmic""; /evidence=""ECO:0000250|UniProtKB:Q61469""; TOPO_DOM 221..229; /note=""Extracellular""; /evidence=""ECO:0000250|UniProtKB:Q61469""; TOPO_DOM 251..284; /note=""Cytoplasmic""; /evidence=""ECO:0000250|UniProtKB:Q61469""","SUBCELLULAR LOCATION: Cell membrane {ECO:0000269|PubMed:10962286, ECO:0000269|PubMed:9705349}; Multi-pass membrane protein {ECO:0000255}. Apical cell membrane {ECO:0000269|PubMed:14527693}; Multi-pass membrane protein {ECO:0000255}. Membrane raft {ECO:0000269|PubMed:17005594}; Multi-pass membrane protein {ECO:0000255}. Membrane, caveola {ECO:0000250|UniProtKB:Q61469}; Multi-pass membrane protein {ECO:0000255}."
O14662,,"TRANSMEM 302..322; /note=""Helical; Anchor for type IV membrane protein""; /evidence=""ECO:0000255""","TOPO_DOM 1..301; /note=""Cytoplasmic""; /evidence=""ECO:0000255""; TOPO_DOM 323..325; /note=""Vesicular""; /evidence=""ECO:0000255""",SUBCELLULAR LOCATION: Golgi apparatus membrane; Single-pass type IV membrane protein.; SUBCELLULAR LOCATION: [Isoform C]: Cytoplasm.
O14802,,,,"SUBCELLULAR LOCATION: Nucleus {ECO:0000269|PubMed:11416169, ECO:0000269|PubMed:33335104}. Cytoplasm, cytosol {ECO:0000269|PubMed:33335104}."
O14965,,,,"SUBCELLULAR LOCATION: Cytoplasm, cytoskeleton, microtubule organizing center, centrosome {ECO:0000269|PubMed:12576638, ECO:0000269|PubMed:13678582, ECO:0000269|PubMed:17229885, ECO:0000269|PubMed:17726514, ECO:0000269|PubMed:19357306, ECO:0000269|PubMed:21225229, ECO:0000269|PubMed:22014574, ECO:0000269|PubMed:23213400, ECO:0000269|PubMed:25657325, ECO:0000269|PubMed:30538148, ECO:0000269|PubMed:9153231}. Cytoplasm, cytoskeleton, spindle pole {ECO:0000269|PubMed:12576638, ECO:0000269|PubMed:13678582, ECO:0000269|PubMed:17726514, ECO:0000269|PubMed:19351716, ECO:0000269|PubMed:25657325, ECO:0000269|PubMed:26246606, ECO:0000269|PubMed:9153231, ECO:0000269|PubMed:9606188}. Cytoplasm, cytoskeleton, microtubule organizing center, centrosome, centriole {ECO:0000250|UniProtKB:P97477}. Cell projection, neuron projection {ECO:0000250|UniProtKB:P97477}. Cell projection, cilium {ECO:0000269|PubMed:17604723}. Cytoplasm, cytoskeleton, cilium basal body {ECO:0000269|PubMed:17604723}. Basolateral cell membrane {ECO:0000250|UniProtKB:F1PNY0}. Note=Detected at the neurite hillock in developing neurons (By similarity). Localizes at the centrosome in mitotic cells from early prophase until telophase, but also localizes to the spindle pole MTs from prophase to anaphase (PubMed:17229885, PubMed:21225229, PubMed:9606188). Colocalized with SIRT2 at centrosome (PubMed:22014574). Moves to the midbody during both telophase and cytokinesis (PubMed:17726514). Associates with both the pericentriolar material (PCM) and centrioles (PubMed:22014574). The localization to the spindle poles is regulated by AAAS (PubMed:26246606). {ECO:0000250|UniProtKB:P97477, ECO:0000269|PubMed:17229885, ECO:0000269|PubMed:17726514, ECO:0000269|PubMed:21225229, ECO:0000269|PubMed:22014574, ECO:0000269|PubMed:26246606, ECO:0000269|PubMed:9606188}."
O15145,,,,"SUBCELLULAR LOCATION: Cytoplasm, cytoskeleton {ECO:0000269|PubMed:9230079, ECO:0000269|PubMed:9359840}. Cell projection {ECO:0000269|PubMed:9230079, ECO:0000269|PubMed:9359840}. Nucleus {ECO:0000269|PubMed:29925947}."
O15164,,,,"SUBCELLULAR LOCATION: Nucleus {ECO:0000269|PubMed:21164480, ECO:0000269|PubMed:25593309, ECO:0000269|PubMed:32324863}. Cytoplasm {ECO:0000269|PubMed:21164480}. Mitochondrion {ECO:0000269|PubMed:32324863}. Note=Colocalizes with sites of active transcription. Predominantly nuclear. Translocated from nucleus to mitochondria to mediate antiviral immunity (PubMed:32324863). Localizes to sites of DNA damage (PubMed:25593309). {ECO:0000269|PubMed:25593309, ECO:0000269|PubMed:32324863}."
O15212,,,,
A1L390,,,,"SUBCELLULAR LOCATION: Cytoplasm, cytoskeleton {ECO:0000269|PubMed:27555588}. Note=Colocalizes with actin at the leading edge of polarized cells. {ECO:0000269|PubMed:27555588}."
O00311,,,,SUBCELLULAR LOCATION: Nucleus {ECO:0000305|PubMed:27401717}.
O00767,,"TRANSMEM 73..93; /note=""Helical""; /evidence=""ECO:0000269|PubMed:26098317""; TRANSMEM 98..118; /note=""Helical""; /evidence=""ECO:0000269|PubMed:26098317""; TRANSMEM 218..237; /note=""Helical""; /evidence=""ECO:0000269|PubMed:26098317""; TRANSMEM 242..263; /note=""Helical""; /evidence=""ECO:0000269|PubMed:26098317""","TOPO_DOM 1..72; /note=""Cytoplasmic""; /evidence=""ECO:0000305|PubMed:26098317""; TOPO_DOM 94..97; /note=""Lumenal""; /evidence=""ECO:0000305|PubMed:26098317""; TOPO_DOM 119..217; /note=""Cytoplasmic""; /evidence=""ECO:0000305|PubMed:26098317""; TOPO_DOM 238..241; /note=""Lumenal""; /evidence=""ECO:0000305|PubMed:26098317""; TOPO_DOM 264..359; /note=""Cytoplasmic""; /evidence=""ECO:0000305|PubMed:26098317""","SUBCELLULAR LOCATION: Endoplasmic reticulum membrane {ECO:0000269|PubMed:15907797}; Multi-pass membrane protein {ECO:0000269|PubMed:18765284, ECO:0000305}."
O14730,,,,"SUBCELLULAR LOCATION: Cytoplasm, cytosol {ECO:0000269|PubMed:22418843, ECO:0000269|PubMed:39947182, ECO:0000269|PubMed:39947183}."
O14746,,,,"SUBCELLULAR LOCATION: Nucleus, nucleolus {ECO:0000269|PubMed:22226966}. Nucleus, nucleoplasm. Nucleus. Chromosome, telomere. Cytoplasm. Nucleus, PML body. Note=Shuttling between nuclear and cytoplasm depends on cell cycle, phosphorylation states, transformation and DNA damage. Diffuse localization in the nucleoplasm. Enriched in nucleoli of certain cell types. Translocated to the cytoplasm via nuclear pores in a CRM1/RAN-dependent manner involving oxidative stress-mediated phosphorylation at Tyr-707. Dephosphorylation at this site by SHP2 retains TERT in the nucleus. Translocated to the nucleus by phosphorylation by AKT."
O14976,,,,"SUBCELLULAR LOCATION: Cytoplasm, perinuclear region {ECO:0000269|PubMed:10625686}. Golgi apparatus, trans-Golgi network {ECO:0000269|PubMed:10625686}. Cell junction, focal adhesion {ECO:0000305|PubMed:10625686}. Cytoplasmic vesicle, clathrin-coated vesicle {ECO:0000269|PubMed:31962345}. Note=Localizes to the perinuclear area and to the trans-Golgi network. Also seen on the plasma membrane, probably at focal adhesions. Recruitment to clathrin-coated vesicles depends on temporal variations in phosphoinositide composition of clathrin-coated vesicles (PubMed:31962345). {ECO:0000269|PubMed:31962345}."
O14980,,,,"SUBCELLULAR LOCATION: Cytoplasm. Nucleus, nucleoplasm. Nucleus, Cajal body. Nucleus, nucleolus. Note=Located in the nucleoplasm, Cajal bodies and nucleoli. Shuttles between the nucleus/nucleolus and the cytoplasm."
O15042,,,,SUBCELLULAR LOCATION: Nucleus {ECO:0000269|PubMed:20858735}.
O15121,,"TRANSMEM 41..61; /note=""Helical""; /evidence=""ECO:0000255""; TRANSMEM 68..88; /note=""Helical""; /evidence=""ECO:0000255""; TRANSMEM 102..122; /note=""Helical""; /evidence=""ECO:0000255""; TRANSMEM 152..172; /note=""Helical""; /evidence=""ECO:0000255""; TRANSMEM 184..204; /note=""Helical""; /evidence=""ECO:0000255""; TRANSMEM 209..229; /note=""Helical""; /evidence=""ECO:0000255""",,"SUBCELLULAR LOCATION: Mitochondrion membrane {ECO:0000269|PubMed:19647031, ECO:0000269|PubMed:30620338}. Endoplasmic reticulum membrane {ECO:0000269|PubMed:19647031, ECO:0000269|PubMed:30620338, ECO:0000269|PubMed:9188692}; Multi-pass membrane protein {ECO:0000269|PubMed:19647031, ECO:0000269|PubMed:9188692}."
O15144,,,,"SUBCELLULAR LOCATION: Cytoplasm, cytoskeleton {ECO:0000269|PubMed:9230079}. Cell projection {ECO:0000269|PubMed:9230079}. Synapse, synaptosome {ECO:0000250|UniProtKB:Q9CVB6}. Nucleus {ECO:0000269|PubMed:29925947}."
O15160,,,,"SUBCELLULAR LOCATION: Nucleus {ECO:0000269|PubMed:26151409, ECO:0000269|PubMed:33335104}. Nucleus, nucleolus {ECO:0000269|PubMed:34887565}. Cytoplasm, cytosol {ECO:0000269|PubMed:33335104}."
O15270,,"TRANSMEM 67..87; /note=""Helical""; /evidence=""ECO:0000255""",,SUBCELLULAR LOCATION: Endoplasmic reticulum membrane {ECO:0000250|UniProtKB:P97363}; Single-pass membrane protein {ECO:0000250|UniProtKB:P97363}.
O00159,,,,"SUBCELLULAR LOCATION: Cytoplasm {ECO:0000269|PubMed:22736583}. Nucleus {ECO:0000269|PubMed:22736583}. Cytoplasm, cell cortex {ECO:0000250|UniProtKB:Q9WTI7}. Cell projection, stereocilium membrane {ECO:0000250|UniProtKB:Q92002}. Cytoplasmic vesicle {ECO:0000250|UniProtKB:Q9WTI7}. Cell projection, ruffle membrane {ECO:0000269|PubMed:34380438}. Note=Colocalizes with CABP1 and CIB1 at cell margin, membrane ruffles and punctate regions on the cell membrane (By similarity). Colocalizes in adipocytes with GLUT4 at actin-based membranes (By similarity). Colocalizes with GLUT4 at insulin-induced ruffles at the cell membrane (By similarity). Localizes transiently at cell membrane to region known to be enriched in PIP2 (By similarity). Activation of phospholipase C results in its redistribution to the cytoplasm (By similarity). Colocalizes with RNA polymerase II (PubMed:22736583). Translocates to nuclear speckles upon exposure to inhibitors of RNA polymerase II transcription (PubMed:22736583). {ECO:0000250|UniProtKB:Q9WTI7, ECO:0000269|PubMed:22736583}.; SUBCELLULAR LOCATION: [Isoform 3]: Nucleus, nucleoplasm {ECO:0000269|PubMed:16133118}. Nucleus, nucleolus {ECO:0000269|PubMed:16133118, ECO:0000269|PubMed:16877530}. Note=Colocalizes with RNA polymerase II in the nucleus (By similarity). Colocalizes with RNA polymerase I in nucleoli (By similarity). In the nucleolus, is localized predominantly in dense fibrillar component (DFC) and in granular component (GC) (PubMed:16133118, PubMed:16877530). Accumulates strongly in DFC and GC during activation of transcription (PubMed:16133118). Colocalizes with transcription sites (By similarity). Colocalizes in the granular cortex at the periphery of the nucleolus with RPS6 (PubMed:16877530). Colocalizes in nucleoplasm with RPS6 and actin that are in contact with RNP particles (PubMed:16877530). Colocalizes with RPS6 at the nuclear pore level (PubMed:16877530). {ECO:0000250|UniProtKB:Q9WTI7, ECO:0000269|PubMed:16133118, ECO:0000269|PubMed:16877530}."
O14939,,,,SUBCELLULAR LOCATION: Cell membrane {ECO:0000250|UniProtKB:P97813}; Lipid-anchor {ECO:0000250|UniProtKB:P97813}.
O15269,,"TRANSMEM 16..36; /note=""Helical""; /evidence=""ECO:0000255""","TOPO_DOM 1..15; /note=""Lumenal""; /evidence=""ECO:0000255""; TOPO_DOM 37..473; /note=""Cytoplasmic""; /evidence=""ECO:0000255""",SUBCELLULAR LOCATION: Endoplasmic reticulum membrane {ECO:0000269|PubMed:21618344}; Single-pass membrane protein {ECO:0000250|UniProtKB:O35704}.
O15297,,,,"SUBCELLULAR LOCATION: Nucleus {ECO:0000269|PubMed:28343630, ECO:0000269|PubMed:9177166}. Cytoplasm, cytosol {ECO:0000269|PubMed:28343630}."
O00231,,,,"SUBCELLULAR LOCATION: Nucleus {ECO:0000250}. Cytoplasm, cytosol {ECO:0000250}."
O14653,,"TRANSMEM 191..211; /note=""Helical; Anchor for type IV membrane protein""; /evidence=""ECO:0000255""","TOPO_DOM 1..190; /note=""Cytoplasmic""; /evidence=""ECO:0000255""; TOPO_DOM 212; /note=""Vesicular""; /evidence=""ECO:0000255""","SUBCELLULAR LOCATION: Golgi apparatus, cis-Golgi network membrane {ECO:0000269|PubMed:21549339}; Single-pass type IV membrane protein {ECO:0000255}. Golgi apparatus membrane {ECO:0000269|PubMed:9349823}. Endoplasmic reticulum membrane {ECO:0000250|UniProtKB:O35165}. Note=Concentrated most in the intermediate compartment/cis-Golgi network and the cis-Golgi cisternae 1 and 2. Greatly reduced in concentration at the trans end of the Golgi apparatus. {ECO:0000250|UniProtKB:O35165}."
O14735,,"TRANSMEM 6..26; /note=""Helical""; /evidence=""ECO:0000255""; TRANSMEM 28..48; /note=""Helical""; /evidence=""ECO:0000255""; TRANSMEM 74..94; /note=""Helical""; /evidence=""ECO:0000255""; TRANSMEM 96..116; /note=""Helical""; /evidence=""ECO:0000305""; TRANSMEM 140..160; /note=""Helical""; /evidence=""ECO:0000255""; TRANSMEM 175..195; /note=""Helical""; /evidence=""ECO:0000255""","TOPO_DOM 1..5; /note=""Cytoplasmic""; /evidence=""ECO:0000305""; TOPO_DOM 27; /note=""Lumenal""; /evidence=""ECO:0000305""; TOPO_DOM 49..73; /note=""Cytoplasmic""; /evidence=""ECO:0000305""; TOPO_DOM 95; /note=""Lumenal""; /evidence=""ECO:0000305""; TOPO_DOM 117..139; /note=""Cytoplasmic""; /evidence=""ECO:0000305""; TOPO_DOM 161..174; /note=""Lumenal""; /evidence=""ECO:0000305""; TOPO_DOM 196..213; /note=""Cytoplasmic""; /evidence=""ECO:0000305""",SUBCELLULAR LOCATION: Endoplasmic reticulum membrane {ECO:0000305|PubMed:8110188}; Multi-pass membrane protein {ECO:0000255}. Cell membrane {ECO:0000305|PubMed:8110188}; Multi-pass membrane protein {ECO:0000255}.
O14920,,,,SUBCELLULAR LOCATION: Cytoplasm {ECO:0000269|PubMed:20797629}. Nucleus {ECO:0000269|PubMed:20797629}. Membrane raft {ECO:0000269|PubMed:17287217}. Note=Colocalized with DPP4 in membrane rafts. {ECO:0000269|PubMed:17287217}.
O15027,,,,"SUBCELLULAR LOCATION: Endoplasmic reticulum membrane {ECO:0000269|PubMed:17005010, ECO:0000269|PubMed:29300766}; Peripheral membrane protein {ECO:0000269|PubMed:17005010}. Golgi apparatus membrane {ECO:0000305}; Peripheral membrane protein {ECO:0000305}. Cytoplasm, perinuclear region {ECO:0000250|UniProtKB:E9QAT4}. Cytoplasm, cytosol {ECO:0000269|PubMed:17428803, ECO:0000269|PubMed:21768384}. Microsome membrane {ECO:0000269|PubMed:17428803}. Note=SAR1A activity is required to maintain SEC16A localization at discrete locations on the ER membrane perhaps by preventing its dissociation (PubMed:17192411). Localizes to endoplasmic reticulum exit sites (ERES), also known as transitional endoplasmic reticulum (tER). MIA3 and LRRK2 are required for its proper localization to ERES (PubMed:17428803, PubMed:19638414, PubMed:22355596, PubMed:25201882, PubMed:28442536). Recruited to microsomal membrane in SAR1-dependent manner (PubMed:17428803). {ECO:0000269|PubMed:17192411, ECO:0000269|PubMed:17428803, ECO:0000269|PubMed:19638414, ECO:0000269|PubMed:22355596, ECO:0000269|PubMed:25201882, ECO:0000269|PubMed:28442536}."
O00267,,,,SUBCELLULAR LOCATION: Nucleus {ECO:0000269|PubMed:10075709}.
O14787,,,,SUBCELLULAR LOCATION: Cytoplasm {ECO:0000250}. Nucleus {ECO:0000250}.
B2RTY4,,"TRANSMEM 175..195; /note=""Helical""; /evidence=""ECO:0000255""",,"SUBCELLULAR LOCATION: Membrane {ECO:0000255}; Single-pass membrane protein {ECO:0000255}. Cytoplasm {ECO:0000250|UniProtKB:Q9Z1N3}. Synapse {ECO:0000250|UniProtKB:Q8C170}. Cell projection, growth cone {ECO:0000250|UniProtKB:Q8C170}. Note=Localized in the cytoplasm of cell bodies, dendrites and axons with occasional hints of an enrichment near the plasma membrane. Localized at the neuromuscular junction (By similarity). {ECO:0000250|UniProtKB:Q8C170, ECO:0000250|UniProtKB:Q9Z1N3}."
O00410,,,,"SUBCELLULAR LOCATION: Cytoplasm. Nucleus. Nucleus, nucleolus. Note=Nucleus; nuclear rim. Found particularly in the nuclear rim and nucleolus."
O14579,,,,"SUBCELLULAR LOCATION: Cytoplasm {ECO:0000250}. Golgi apparatus membrane {ECO:0000250}; Peripheral membrane protein {ECO:0000250}; Cytoplasmic side {ECO:0000250}. Cytoplasmic vesicle, COPI-coated vesicle membrane {ECO:0000250}; Peripheral membrane protein {ECO:0000250}; Cytoplasmic side {ECO:0000250}. Note=The coatomer is cytoplasmic or polymerized on the cytoplasmic side of the Golgi, as well as on the vesicles/buds originating from it. {ECO:0000250}."
O14733,,,,SUBCELLULAR LOCATION: Nucleus. Cytoplasm {ECO:0000250}.
O00139,,,,"SUBCELLULAR LOCATION: Cytoplasm {ECO:0000250}. Cytoplasm, cytoskeleton, microtubule organizing center, centrosome. Cytoplasm, cytoskeleton, spindle pole {ECO:0000269|PubMed:30785839}. Cytoplasm, cytoskeleton, spindle. Note=Localized to the spindle microtubules and spindle poles from prophase to metaphase. Efficient targeting to spindle microtubules and spindle poles requires the kinase activity of PLK1. Recruited to mitotic spindles by interaction with PSRC1."
O14745,,,,"SUBCELLULAR LOCATION: Cytoplasm {ECO:0000250}. Apical cell membrane {ECO:0000250}. Endomembrane system; Peripheral membrane protein. Cell projection, filopodium. Cell projection, ruffle. Cell projection, microvillus. Note=Translocates from the cytoplasm to the apical cell membrane in a PODXL-dependent manner. Colocalizes with CFTR at the midpiece of sperm tail (By similarity). Colocalizes with actin in microvilli-rich apical regions of the syncytiotrophoblast. Found in microvilli, ruffling membrane and filopodia of HeLa cells. Present in lipid rafts of T-cells. {ECO:0000250}."
O00499,,,,"SUBCELLULAR LOCATION: [Isoform BIN1]: Nucleus {ECO:0000269|PubMed:8782822}. Cytoplasm {ECO:0000269|PubMed:9182667}. Endosome {ECO:0000250|UniProtKB:O08539}. Cell membrane, sarcolemma, T-tubule {ECO:0000250|UniProtKB:O08839}.; SUBCELLULAR LOCATION: [Isoform IIA]: Cytoplasm {ECO:0000269|PubMed:9182667}."
O00429,,,,"SUBCELLULAR LOCATION: Cytoplasm, cytosol {ECO:0000269|PubMed:11514614, ECO:0000269|PubMed:12618434, ECO:0000269|PubMed:9786947}. Golgi apparatus {ECO:0000269|PubMed:20688057, ECO:0000269|PubMed:9348079, ECO:0000269|PubMed:9570752}. Endomembrane system {ECO:0000269|PubMed:11514614, ECO:0000269|PubMed:9348079, ECO:0000269|PubMed:9472031, ECO:0000269|PubMed:9570752}; Peripheral membrane protein. Mitochondrion outer membrane {ECO:0000269|PubMed:26122121, ECO:0000269|PubMed:27145208, ECO:0000269|PubMed:27145933, ECO:0000269|PubMed:28969390}; Peripheral membrane protein. Peroxisome {ECO:0000269|PubMed:12499366, ECO:0000269|PubMed:12618434}. Membrane, clathrin-coated pit {ECO:0000250|UniProtKB:O35303}. Cytoplasmic vesicle, secretory vesicle, synaptic vesicle membrane {ECO:0000250|UniProtKB:O35303}. Note=Mainly cytosolic. Recruited by RALA and RALBP1 to mitochondrion during mitosis (PubMed:21822277). Translocated to the mitochondrial membrane through O-GlcNAcylation and interaction with FIS1. Colocalized with MARCHF5 at mitochondrial membrane (PubMed:17606867). Localizes to mitochondria at sites of division (PubMed:15208300). Localizes to mitochondria following necrosis induction. Recruited to the mitochondrial outer membrane by interaction with MIEF1. Mitochondrial recruitment is inhibited by C11orf65/MFI (By similarity). Associated with peroxisomal membranes, partly recruited there by PEX11B. May also be associated with endoplasmic reticulum tubules and cytoplasmic vesicles and found to be perinuclear (PubMed:9422767, PubMed:9570752). In some cell types, localizes to the Golgi complex (By similarity). Binds to phospholipid membranes (By similarity). {ECO:0000250, ECO:0000250|UniProtKB:Q8K1M6, ECO:0000269|PubMed:15208300, ECO:0000269|PubMed:17606867, ECO:0000269|PubMed:21822277, ECO:0000269|PubMed:9422767, ECO:0000269|PubMed:9570752}."
A0A6Q8PGB0,,,,SUBCELLULAR LOCATION: Chromosome {ECO:0000256|ARBA:ARBA00004286}. Cytoplasm {ECO:0000256|ARBA:ARBA00004496}. Nucleus {ECO:0000256|ARBA:ARBA00004123}.
A7E2S9,,,,
H3BPG6,,,,SUBCELLULAR LOCATION: Cytoplasm {ECO:0000256|ARBA:ARBA00004496}.
O15318,,,,"SUBCELLULAR LOCATION: Nucleus {ECO:0000269|PubMed:20154270, ECO:0000269|PubMed:21898682, ECO:0000269|PubMed:33335104}. Cytoplasm {ECO:0000250|UniProtKB:Q6NXY9}. Note=Excluded from nucleoli (PubMed:21898682). In zygotes and the 2-cell stage embryos, mainly in the cytoplasm. Starts to localize to the nucleus in the 8-16 cell stage embryo and early blastocysts (By similarity). {ECO:0000250|UniProtKB:Q6NXY9, ECO:0000269|PubMed:21898682}."
O15370,,,,"SUBCELLULAR LOCATION: Nucleus {ECO:0000255|PROSITE-ProRule:PRU00267, ECO:0000269|PubMed:9215677}."
O15488,,,,"SUBCELLULAR LOCATION: Cytoplasm {ECO:0000250|UniProtKB:P13280}. Nucleus {ECO:0000250|UniProtKB:P13280}. Note=Localizes to glycogen granules (glycosomes) in the cytoplasm (By similarity). Cytosolic localization is dependent on the actin cytoskeleton (By similarity). {ECO:0000250|UniProtKB:C4R941, ECO:0000250|UniProtKB:P13280}."
O43237,,,,"SUBCELLULAR LOCATION: Cytoplasm, cytoskeleton {ECO:0000305|PubMed:36071160}."
O43808,,"TRANSMEM 10..30; /note=""Helical; Name=1""; /evidence=""ECO:0000255""; TRANSMEM 67..87; /note=""Helical; Name=2""; /evidence=""ECO:0000255""; TRANSMEM 105..125; /note=""Helical; Name=3""; /evidence=""ECO:0000255""; TRANSMEM 161..181; /note=""Helical; Name=4""; /evidence=""ECO:0000255""; TRANSMEM 203..223; /note=""Helical; Name=5""; /evidence=""ECO:0000255""; TRANSMEM 281..301; /note=""Helical; Name=6""; /evidence=""ECO:0000255""","TOPO_DOM 1..9; /note=""Cytoplasmic""; TOPO_DOM 31..66; /note=""Lumenal""; /evidence=""ECO:0000255""; TOPO_DOM 88..104; /note=""Cytoplasmic""; /evidence=""ECO:0000255""; TOPO_DOM 126..160; /note=""Lumenal""; /evidence=""ECO:0000255""; TOPO_DOM 182..202; /note=""Cytoplasmic""; /evidence=""ECO:0000255""; TOPO_DOM 224..280; /note=""Lumenal""; /evidence=""ECO:0000255""; TOPO_DOM 302..307; /note=""Cytoplasmic""","SUBCELLULAR LOCATION: Cytoplasm {ECO:0000269|PubMed:14709540}. Peroxisome membrane {ECO:0000269|PubMed:11121399, ECO:0000269|PubMed:11402059, ECO:0000269|PubMed:14709540, ECO:0000269|PubMed:9874197}; Multi-pass membrane protein {ECO:0000255}."
O43826,,"TRANSMEM 12..33; /note=""Helical; Name=1""; /evidence=""ECO:0000269|PubMed:41136424, ECO:0000269|PubMed:41225049, ECO:0007744|PDB:9KUY, ECO:0007744|PDB:9KV0, ECO:0007744|PDB:9KVV, ECO:0007744|PDB:9W1N, ECO:0007744|PDB:9W1O, ECO:0007744|PDB:9W1P, ECO:0007744|PDB:9W1Q, ECO:0007744|PDB:9W1R""; TRANSMEM 50..70; /note=""Helical; Name=2""; /evidence=""ECO:0000269|PubMed:41136424, ECO:0000269|PubMed:41225049, ECO:0007744|PDB:9KUY, ECO:0007744|PDB:9KV0, ECO:0007744|PDB:9KVV, ECO:0007744|PDB:9W1N, ECO:0007744|PDB:9W1O, ECO:0007744|PDB:9W1P, ECO:0007744|PDB:9W1Q, ECO:0007744|PDB:9W1R""; TRANSMEM 78..96; /note=""Helical; Name=3""; /evidence=""ECO:0000269|PubMed:41136424, ECO:0000269|PubMed:41225049, ECO:0007744|PDB:9KUY, ECO:0007744|PDB:9KV0, ECO:0007744|PDB:9KVV, ECO:0007744|PDB:9W1N, ECO:0007744|PDB:9W1O, ECO:0007744|PDB:9W1P, ECO:0007744|PDB:9W1Q, ECO:0007744|PDB:9W1R""; TRANSMEM 102..118; /note=""Helical; Name=4""; /evidence=""ECO:0000269|PubMed:41136424, ECO:0000269|PubMed:41225049, ECO:0007744|PDB:9KUY, ECO:0007744|PDB:9KV0, ECO:0007744|PDB:9KVV, ECO:0007744|PDB:9W1N, ECO:0007744|PDB:9W1O, ECO:0007744|PDB:9W1P, ECO:0007744|PDB:9W1Q, ECO:0007744|PDB:9W1R""; TRANSMEM 139..159; /note=""Helical; Name=5""; /evidence=""ECO:0000269|PubMed:41136424, ECO:0000269|PubMed:41225049, ECO:0007744|PDB:9KUY, ECO:0007744|PDB:9KV0, ECO:0007744|PDB:9KVV, ECO:0007744|PDB:9W1N, ECO:0007744|PDB:9W1O, ECO:0007744|PDB:9W1P, ECO:0007744|PDB:9W1Q, ECO:0007744|PDB:9W1R""; TRANSMEM 169..187; /note=""Helical; Name=6""; /evidence=""ECO:0000269|PubMed:41136424, ECO:0000269|PubMed:41225049, ECO:0007744|PDB:9KUY, ECO:0007744|PDB:9KV0, ECO:0007744|PDB:9KVV, ECO:0007744|PDB:9W1N, ECO:0007744|PDB:9W1O, ECO:0007744|PDB:9W1P, ECO:0007744|PDB:9W1Q, ECO:0007744|PDB:9W1R""; TRANSMEM 226..247; /note=""Helical; Name=7""; /evidence=""ECO:0000269|PubMed:41136424, ECO:0000269|PubMed:41225049, ECO:0007744|PDB:9KUY, ECO:0007744|PDB:9KV0, ECO:0007744|PDB:9KVV, ECO:0007744|PDB:9W1N, ECO:0007744|PDB:9W1O, ECO:0007744|PDB:9W1P, ECO:0007744|PDB:9W1Q, ECO:0007744|PDB:9W1R""; TRANSMEM 266..283; /note=""Helical; Name=8""; /evidence=""ECO:0000269|PubMed:41136424, ECO:0000269|PubMed:41225049, ECO:0007744|PDB:9KUY, ECO:0007744|PDB:9KV0, ECO:0007744|PDB:9KVV, ECO:0007744|PDB:9W1N, ECO:0007744|PDB:9W1O, ECO:0007744|PDB:9W1P, ECO:0007744|PDB:9W1Q, ECO:0007744|PDB:9W1R""; TRANSMEM 302..320; /note=""Helical; Name=9""; /evidence=""ECO:0000269|PubMed:41136424, ECO:0000269|PubMed:41225049, ECO:0007744|PDB:9KUY, ECO:0007744|PDB:9KV0, ECO:0007744|PDB:9KVV, ECO:0007744|PDB:9W1N, ECO:0007744|PDB:9W1O, ECO:0007744|PDB:9W1P, ECO:0007744|PDB:9W1Q, ECO:0007744|PDB:9W1R""; TRANSMEM 329..349; /note=""Helical; Name=10""; /evidence=""ECO:0000269|PubMed:41136424, ECO:0000269|PubMed:41225049, ECO:0007744|PDB:9KUY, ECO:0007744|PDB:9KV0, ECO:0007744|PDB:9KVV, ECO:0007744|PDB:9W1N, ECO:0007744|PDB:9W1O, ECO:0007744|PDB:9W1P, ECO:0007744|PDB:9W1Q, ECO:0007744|PDB:9W1R""; TRANSMEM 367..384; /note=""Helical; Name=11""; /evidence=""ECO:0000269|PubMed:41136424, ECO:0000269|PubMed:41225049, ECO:0007744|PDB:9KUY, ECO:0007744|PDB:9KV0, ECO:0007744|PDB:9KVV, ECO:0007744|PDB:9W1N, ECO:0007744|PDB:9W1O, ECO:0007744|PDB:9W1P, ECO:0007744|PDB:9W1Q, ECO:0007744|PDB:9W1R""; TRANSMEM 395..414; /note=""Helical; Name=12""; /evidence=""ECO:0000269|PubMed:41136424, ECO:0000269|PubMed:41225049, ECO:0007744|PDB:9KUY, ECO:0007744|PDB:9KV0, ECO:0007744|PDB:9KVV, ECO:0007744|PDB:9W1N, ECO:0007744|PDB:9W1O, ECO:0007744|PDB:9W1P, ECO:0007744|PDB:9W1Q, ECO:0007744|PDB:9W1R""","TOPO_DOM 1..11; /note=""Cytoplasmic""; /evidence=""ECO:0000269|PubMed:41136424, ECO:0000269|PubMed:41225049, ECO:0007744|PDB:9KUY, ECO:0007744|PDB:9KV0, ECO:0007744|PDB:9KVV, ECO:0007744|PDB:9W1N, ECO:0007744|PDB:9W1O, ECO:0007744|PDB:9W1P, ECO:0007744|PDB:9W1Q, ECO:0007744|PDB:9W1R""; TOPO_DOM 34..49; /note=""Lumenal""; /evidence=""ECO:0000269|PubMed:41136424, ECO:0000269|PubMed:41225049, ECO:0007744|PDB:9KUY, ECO:0007744|PDB:9KV0, ECO:0007744|PDB:9KVV, ECO:0007744|PDB:9W1N, ECO:0007744|PDB:9W1O, ECO:0007744|PDB:9W1P, ECO:0007744|PDB:9W1Q, ECO:0007744|PDB:9W1R""; TOPO_DOM 71..77; /note=""Cytoplasmic""; /evidence=""ECO:0000269|PubMed:41136424, ECO:0000269|PubMed:41225049, ECO:0007744|PDB:9KUY, ECO:0007744|PDB:9KV0, ECO:0007744|PDB:9KVV, ECO:0007744|PDB:9W1N, ECO:0007744|PDB:9W1O, ECO:0007744|PDB:9W1P, ECO:0007744|PDB:9W1Q, ECO:0007744|PDB:9W1R""; TOPO_DOM 97..101; /note=""Lumenal""; /evidence=""ECO:0000269|PubMed:41136424, ECO:0000269|PubMed:41225049, ECO:0007744|PDB:9KUY, ECO:0007744|PDB:9KV0, ECO:0007744|PDB:9KVV, ECO:0007744|PDB:9W1N, ECO:0007744|PDB:9W1O, ECO:0007744|PDB:9W1P, ECO:0007744|PDB:9W1Q, ECO:0007744|PDB:9W1R""; TOPO_DOM 119..138; /note=""Cytoplasmic""; /evidence=""ECO:0000269|PubMed:41136424, ECO:0000269|PubMed:41225049, ECO:0007744|PDB:9KUY, ECO:0007744|PDB:9KV0, ECO:0007744|PDB:9KVV, ECO:0007744|PDB:9W1N, ECO:0007744|PDB:9W1O, ECO:0007744|PDB:9W1P, ECO:0007744|PDB:9W1Q, ECO:0007744|PDB:9W1R""; TOPO_DOM 160..168; /note=""Lumenal""; /evidence=""ECO:0000269|PubMed:41136424, ECO:0000269|PubMed:41225049, ECO:0007744|PDB:9KUY, ECO:0007744|PDB:9KV0, ECO:0007744|PDB:9KVV, ECO:0007744|PDB:9W1N, ECO:0007744|PDB:9W1O, ECO:0007744|PDB:9W1P, ECO:0007744|PDB:9W1Q, ECO:0007744|PDB:9W1R""; TOPO_DOM 188..225; /note=""Cytoplasmic""; /evidence=""ECO:0000269|PubMed:41136424, ECO:0000269|PubMed:41225049, ECO:0007744|PDB:9KUY, ECO:0007744|PDB:9KV0, ECO:0007744|PDB:9KVV, ECO:0007744|PDB:9W1N, ECO:0007744|PDB:9W1O, ECO:0007744|PDB:9W1P, ECO:0007744|PDB:9W1Q, ECO:0007744|PDB:9W1R""; TOPO_DOM 248..265; /note=""Lumenal""; /evidence=""ECO:0000269|PubMed:41136424, ECO:0000269|PubMed:41225049, ECO:0007744|PDB:9KUY, ECO:0007744|PDB:9KV0, ECO:0007744|PDB:9KVV, ECO:0007744|PDB:9W1N, ECO:0007744|PDB:9W1O, ECO:0007744|PDB:9W1P, ECO:0007744|PDB:9W1Q, ECO:0007744|PDB:9W1R""; TOPO_DOM 284..301; /note=""Cytoplasmic""; /evidence=""ECO:0000269|PubMed:41136424, ECO:0000269|PubMed:41225049, ECO:0007744|PDB:9KUY, ECO:0007744|PDB:9KV0, ECO:0007744|PDB:9KVV, ECO:0007744|PDB:9W1N, ECO:0007744|PDB:9W1O, ECO:0007744|PDB:9W1P, ECO:0007744|PDB:9W1Q, ECO:0007744|PDB:9W1R""; TOPO_DOM 321..328; /note=""Lumenal""; /evidence=""ECO:0000269|PubMed:41136424, ECO:0000269|PubMed:41225049, ECO:0007744|PDB:9KUY, ECO:0007744|PDB:9KV0, ECO:0007744|PDB:9KVV, ECO:0007744|PDB:9W1N, ECO:0007744|PDB:9W1O, ECO:0007744|PDB:9W1P, ECO:0007744|PDB:9W1Q, ECO:0007744|PDB:9W1R""; TOPO_DOM 350..366; /note=""Cytoplasmic""; /evidence=""ECO:0000269|PubMed:41136424, ECO:0000269|PubMed:41225049, ECO:0007744|PDB:9KUY, ECO:0007744|PDB:9KV0, ECO:0007744|PDB:9KVV, ECO:0007744|PDB:9W1N, ECO:0007744|PDB:9W1O, ECO:0007744|PDB:9W1P, ECO:0007744|PDB:9W1Q, ECO:0007744|PDB:9W1R""; TOPO_DOM 385..394; /note=""Lumenal""; /evidence=""ECO:0000269|PubMed:41136424, ECO:0000269|PubMed:41225049, ECO:0007744|PDB:9KUY, ECO:0007744|PDB:9KV0, ECO:0007744|PDB:9KVV, ECO:0007744|PDB:9W1N, ECO:0007744|PDB:9W1O, ECO:0007744|PDB:9W1P, ECO:0007744|PDB:9W1Q, ECO:0007744|PDB:9W1R""; TOPO_DOM 415..429; /note=""Cytoplasmic""; /evidence=""ECO:0000269|PubMed:41136424, ECO:0000269|PubMed:41225049, ECO:0007744|PDB:9KUY, ECO:0007744|PDB:9KV0, ECO:0007744|PDB:9KVV, ECO:0007744|PDB:9W1N, ECO:0007744|PDB:9W1O, ECO:0007744|PDB:9W1P, ECO:0007744|PDB:9W1Q, ECO:0007744|PDB:9W1R""","SUBCELLULAR LOCATION: Endoplasmic reticulum membrane {ECO:0000269|PubMed:21949678, ECO:0000269|PubMed:32884905, ECO:0000269|PubMed:33964207}; Multi-pass membrane protein {ECO:0000255}."
O60264,,,,"SUBCELLULAR LOCATION: Nucleus {ECO:0000255|PROSITE-ProRule:PRU00624, ECO:0000269|PubMed:12434153, ECO:0000269|PubMed:12972596, ECO:0000269|PubMed:15543136, ECO:0000269|PubMed:33092197}. Chromosome {ECO:0000269|PubMed:12972596, ECO:0000269|PubMed:23911928}. Note=Localizes to mitotic chromosomes (PubMed:12972596). Co-localizes with RSF1 in the nucleus (PubMed:12972596). Co-localizes with PCNA at replication foci during S phase (PubMed:15543136). Co-localizes with BAZ1B/WSTF at replication foci during late-S phase (PubMed:15543136). Recruited to DNA damage sites following interaction with SIRT6 (PubMed:23911928). {ECO:0000269|PubMed:12972596, ECO:0000269|PubMed:15543136, ECO:0000269|PubMed:23911928}."
O60884,,,,SUBCELLULAR LOCATION: Membrane {ECO:0000305}; Lipid-anchor {ECO:0000305}.
O60921,,,,"SUBCELLULAR LOCATION: Nucleus {ECO:0000269|PubMed:10846170, ECO:0000269|PubMed:11077446}. Cytoplasm, cytosol {ECO:0000269|PubMed:11077446}. Note=In discrete nuclear foci upon DNA damage (PubMed:11077446). According to PubMed:11077446, localized also in the cytoplasm (PubMed:11077446). DNA damage induces its nuclear translocation (PubMed:11077446). Shuttles between the nucleus and the cytoplasm (PubMed:11077446). {ECO:0000269|PubMed:11077446}."
O75190,,,,"SUBCELLULAR LOCATION: Cytoplasm, perinuclear region {ECO:0000269|PubMed:10954706}. Nucleus {ECO:0000269|PubMed:10954706}. Cytoplasm, myofibril, sarcomere, Z line {ECO:0000269|PubMed:22366786}."
O75379,,"TRANSMEM 116..136; /note=""Helical; Anchor for type IV membrane protein""; /evidence=""ECO:0000255""","TOPO_DOM 1..115; /note=""Cytoplasmic""; /evidence=""ECO:0000255""; TOPO_DOM 137..141; /note=""Vesicular""; /evidence=""ECO:0000255""",SUBCELLULAR LOCATION: Cytoplasmic vesicle membrane {ECO:0000250|UniProtKB:O70480}; Single-pass type IV membrane protein {ECO:0000255}. Note=Associated with trans Golgi network (TGN) and newly formed immature secretory granules (ISG). Not found on the mature secretory organelles. {ECO:0000305|PubMed:28626000}.
O75396,,"TRANSMEM 195..215; /note=""Helical; Anchor for type IV membrane protein""; /evidence=""ECO:0000255""","TOPO_DOM 2..194; /note=""Cytoplasmic""; /evidence=""ECO:0000255""","SUBCELLULAR LOCATION: Endoplasmic reticulum membrane {ECO:0000250|UniProtKB:Q4KM74}; Single-pass type IV membrane protein {ECO:0000250|UniProtKB:Q4KM74}. Endoplasmic reticulum-Golgi intermediate compartment membrane {ECO:0000250|UniProtKB:Q4KM74}. Golgi apparatus, cis-Golgi network membrane {ECO:0000250|UniProtKB:Q4KM74}. Golgi apparatus, trans-Golgi network membrane {ECO:0000250|UniProtKB:Q4KM74}. Melanosome {ECO:0000269|PubMed:17081065}. Note=Concentrated most in the intermediate compartment/cis-Golgi network and the cis-Golgi cisternae 1 and 2. Greatly reduced in concentration at the trans end of the Golgi apparatus (By similarity). Identified by mass spectrometry in melanosome fractions from stage I to stage IV (PubMed:17081065). {ECO:0000250|UniProtKB:Q4KM74, ECO:0000269|PubMed:17081065}."
O15357,,,,"SUBCELLULAR LOCATION: Cytoplasm, cytosol {ECO:0000269|PubMed:11349134}. Cytoplasm, cytoskeleton. Membrane {ECO:0000269|PubMed:11739414}; Peripheral membrane protein. Cell projection, filopodium {ECO:0000269|PubMed:12676785}. Cell projection, lamellipodium {ECO:0000269|PubMed:12676785}. Basal cell membrane {ECO:0000250|UniProtKB:F1PNY0}. Nucleus {ECO:0000250|UniProtKB:D7PF45}. Nucleus speckle {ECO:0000250|UniProtKB:D7PF45}. Cytoplasm, cytoskeleton, spindle pole {ECO:0000250|UniProtKB:F1PNY0}. Note=Translocates to membrane ruffles when activated, translocation is probably due to different mechanisms depending on the stimulus and cell type (PubMed:11739414). Partly translocated via its SH2 domain which mediates interaction with tyrosine phosphorylated receptors such as the FC-gamma-RIIB receptor (FCGR2B). Tyrosine phosphorylation may also participate in membrane localization. Insulin specifically stimulates its redistribution from the cytosol to the plasma membrane. Recruited to the membrane following M-CSF stimulation. In activated spreading platelets, localizes with actin at filopodia, lamellipodia and the central actin ring. {ECO:0000269|PubMed:11739414}."
O15514,,,,SUBCELLULAR LOCATION: Nucleus {ECO:0000269|PubMed:9852112}.
O43731,,"TRANSMEM 5..24; /note=""Helical""; /evidence=""ECO:0000250|UniProtKB:Q5ZKX9""; TRANSMEM 33..52; /note=""Helical""; /evidence=""ECO:0000250|UniProtKB:Q5ZKX9""; TRANSMEM 59..79; /note=""Helical""; /evidence=""ECO:0000250|UniProtKB:Q5ZKX9""; TRANSMEM 93..110; /note=""Helical""; /evidence=""ECO:0000250|UniProtKB:Q5ZKX9""; TRANSMEM 117..135; /note=""Helical""; /evidence=""ECO:0000250|UniProtKB:Q5ZKX9""; TRANSMEM 150..168; /note=""Helical""; /evidence=""ECO:0000250|UniProtKB:Q5ZKX9""; TRANSMEM 179..199; /note=""Helical""; /evidence=""ECO:0000250|UniProtKB:Q5ZKX9""","TOPO_DOM 1..4; /note=""Lumenal""; /evidence=""ECO:0000305""; TOPO_DOM 25..32; /note=""Cytoplasmic""; /evidence=""ECO:0000305""; TOPO_DOM 53..58; /note=""Lumenal""; /evidence=""ECO:0000305""; TOPO_DOM 80..92; /note=""Cytoplasmic""; /evidence=""ECO:0000305""; TOPO_DOM 111..116; /note=""Lumenal""; /evidence=""ECO:0000305""; TOPO_DOM 136..149; /note=""Cytoplasmic""; /evidence=""ECO:0000305""; TOPO_DOM 169..178; /note=""Lumenal""; /evidence=""ECO:0000305""; TOPO_DOM 200..214; /note=""Cytoplasmic""; /evidence=""ECO:0000305""","SUBCELLULAR LOCATION: Endoplasmic reticulum membrane {ECO:0000269|PubMed:18086916}; Multi-pass membrane protein {ECO:0000250|UniProtKB:Q5ZKX9}. Golgi apparatus membrane {ECO:0000269|PubMed:18086916}; Multi-pass membrane protein {ECO:0000250|UniProtKB:Q5ZKX9}. Cytoplasmic vesicle, COPI-coated vesicle membrane {ECO:0000269|PubMed:18086916}; Multi-pass membrane protein {ECO:0000250|UniProtKB:Q5ZKX9}. Note=Localized in the Golgi in the absence of bound proteins with the sequence motif K-D-E-L. Trafficks back to the endoplasmic reticulum together with cargo proteins containing the sequence motif K-D-E-L. {ECO:0000305|PubMed:18086916}."
O43896,,,,"SUBCELLULAR LOCATION: Cytoplasm, cytoskeleton {ECO:0000305}."
O60216,,,,"SUBCELLULAR LOCATION: [Double-strand-break repair protein rad21 homolog]: Nucleus {ECO:0000269|PubMed:11073952, ECO:0000269|PubMed:11509732, ECO:0000269|PubMed:12417729}. Nucleus matrix {ECO:0000269|PubMed:10623634, ECO:0000269|PubMed:11590136}. Chromosome {ECO:0000269|PubMed:11073952, ECO:0000269|PubMed:11590136}. Chromosome, centromere {ECO:0000269|PubMed:11073952}. Cytoplasm, cytoskeleton, spindle pole {ECO:0000269|PubMed:11073952, ECO:0000269|PubMed:11590136}. Note=Associates with chromatin (PubMed:11073952, PubMed:11590136). Before prophase, scattered along chromosome arms (PubMed:11073952). During prophase and prometaphase, most cohesins dissociate from the arms of condensing chromosome, possibly through PLK1-mediated phosphorylation (PubMed:11931760). A small amount of cohesin remains in centromeric regions and is removed from chromosomes only at the onset of anaphase. At anaphase, cleavage by separase/ESPL1 leads to the dissociation of cohesin from chromosomes and chromosome separation (PubMed:11073952, PubMed:11509732). {ECO:0000269|PubMed:11073952, ECO:0000269|PubMed:11509732, ECO:0000269|PubMed:11590136, ECO:0000269|PubMed:11931760}.; SUBCELLULAR LOCATION: [64-kDa C-terminal product]: Cytoplasm, cytosol {ECO:0000269|PubMed:11875078, ECO:0000269|PubMed:12417729}. Nucleus {ECO:0000269|PubMed:11875078, ECO:0000269|PubMed:12417729}."
O60427,,"TRANSMEM 122..142; /note=""Helical""; /evidence=""ECO:0000255""; TRANSMEM 146..170; /note=""Helical""; /evidence=""ECO:0000255""; TRANSMEM 268..288; /note=""Helical""; /evidence=""ECO:0000255""; TRANSMEM 306..326; /note=""Helical""; /evidence=""ECO:0000255""","TOPO_DOM 1..121; /note=""Cytoplasmic""; /evidence=""ECO:0000255""; TOPO_DOM 143..145; /note=""Lumenal""; /evidence=""ECO:0000255""; TOPO_DOM 171..267; /note=""Cytoplasmic""; /evidence=""ECO:0000255""; TOPO_DOM 289..305; /note=""Lumenal""; /evidence=""ECO:0000255""; TOPO_DOM 327..444; /note=""Cytoplasmic""; /evidence=""ECO:0000255""",SUBCELLULAR LOCATION: [Isoform 1]: Endoplasmic reticulum membrane {ECO:0000250|UniProtKB:A4UVI1}; Multi-pass membrane protein {ECO:0000250|UniProtKB:A4UVI1}. Mitochondrion {ECO:0000269|PubMed:22619218}.; SUBCELLULAR LOCATION: [Isoform 2]: Endoplasmic reticulum membrane {ECO:0000250|UniProtKB:A4UVI1}; Multi-pass membrane protein {ECO:0000250|UniProtKB:A4UVI1}.
O60499,,"TRANSMEM 229..249; /note=""Helical; Anchor for type IV membrane protein""; /evidence=""ECO:0000255""","TOPO_DOM 2..228; /note=""Cytoplasmic""; /evidence=""ECO:0000255""",SUBCELLULAR LOCATION: Golgi apparatus membrane {ECO:0000305}; Single-pass type IV membrane protein {ECO:0000305}.
O60684,,,,
O60701,,,,
O60749,,,,"SUBCELLULAR LOCATION: Early endosome membrane {ECO:0000269|PubMed:16179610, ECO:0000269|PubMed:17101778}; Peripheral membrane protein {ECO:0000269|PubMed:16179610, ECO:0000269|PubMed:17101778}; Cytoplasmic side {ECO:0000269|PubMed:16179610, ECO:0000269|PubMed:17101778}. Cell projection, lamellipodium {ECO:0000269|PubMed:20604901}. Note=Colocalized with SORT1 to tubular endosomal membrane structures called endosome-to-TGN transport carriers (ETCs) which are budding from early endosome vacuoles just before maturing into late endosome vacuoles (PubMed:18088323). Colocalized with F-actin at the leading edge of lamellipodia in cells in a KALRN-dependent manner (PubMed:20604901). {ECO:0000269|PubMed:18088323, ECO:0000269|PubMed:20604901}."
O60826,,,,"SUBCELLULAR LOCATION: Endosome {ECO:0000305|PubMed:28892079}. Cytoplasm, cytoskeleton, microtubule organizing center, centrosome {ECO:0000269|PubMed:26638075}."
O60885,,,,"SUBCELLULAR LOCATION: Nucleus {ECO:0000269|PubMed:16109376, ECO:0000269|PubMed:25593309}. Chromosome {ECO:0000269|PubMed:16109376, ECO:0000269|PubMed:21890894}. Note=Associates with acetylated chromatin (PubMed:16109376, PubMed:21890894). Released from chromatin upon deacetylation of histones that can be triggered by different signals such as activation of the JNK pathway or nocodazole treatment (PubMed:16109376, PubMed:21890894). Preferentially localizes to mitotic chromosomes, while it does not localize to meiotic chromosomes (PubMed:16109376, PubMed:21890894). {ECO:0000269|PubMed:16109376, ECO:0000269|PubMed:21890894}.; SUBCELLULAR LOCATION: [Isoform B]: Chromosome {ECO:0000269|PubMed:23728299}."
O75348,,,,SUBCELLULAR LOCATION: Apical cell membrane {ECO:0000269|PubMed:29993276}.
O15342,,"TRANSMEM 8..28; /note=""Helical""; /evidence=""ECO:0000255""; TRANSMEM 36..56; /note=""Helical""; /evidence=""ECO:0000255""","TOPO_DOM 1..7; /note=""Lumenal""; /evidence=""ECO:0000305""; TOPO_DOM 29..35; /note=""Cytoplasmic""; /evidence=""ECO:0000305""; TOPO_DOM 57..81; /note=""Lumenal""; /evidence=""ECO:0000305""",SUBCELLULAR LOCATION: Membrane {ECO:0000255}; Multi-pass membrane protein {ECO:0000255}.
O15360,,,,SUBCELLULAR LOCATION: Nucleus. Cytoplasm. Note=The major form is nuclear. The minor form is cytoplasmic.
O15397,,,,SUBCELLULAR LOCATION: Cytoplasm {ECO:0000250}. Nucleus {ECO:0000250}.
O15498,,,,"SUBCELLULAR LOCATION: Cytoplasm, cytosol. Cytoplasmic vesicle membrane; Lipid-anchor; Cytoplasmic side. Golgi apparatus membrane; Lipid-anchor; Cytoplasmic side. Note=Probably cycles through vesicles between Golgi and endosomes."
O43175,,,,
O43592,,,,"SUBCELLULAR LOCATION: Nucleus. Cytoplasm. Note=Nuclear, once bound to tRNA and Ran the complex translocates to the cytoplasm. Shuttles between the nucleus and the cytoplasm."
O43639,,,,SUBCELLULAR LOCATION: Cytoplasm {ECO:0000269|PubMed:16835242}. Endoplasmic reticulum {ECO:0000269|PubMed:16835242}.
O43752,,"TRANSMEM 235..255; /note=""Helical; Anchor for type IV membrane protein""; /evidence=""ECO:0000255""","TOPO_DOM 2..234; /note=""Cytoplasmic""; /evidence=""ECO:0000255""","SUBCELLULAR LOCATION: Golgi apparatus membrane {ECO:0000269|PubMed:23818989}; Single-pass type IV membrane protein {ECO:0000305}. Golgi apparatus, trans-Golgi network membrane {ECO:0000250|UniProtKB:Q63635}; Single-pass type IV membrane protein {ECO:0000255}. Recycling endosome membrane {ECO:0000250|UniProtKB:Q63635}; Single-pass type IV membrane protein {ECO:0000255}."
O60244,,,,SUBCELLULAR LOCATION: Nucleus {ECO:0000305}.
O60566,,,,"SUBCELLULAR LOCATION: Cytoplasm. Nucleus. Chromosome, centromere, kinetochore {ECO:0000250|UniProtKB:Q9Z1S0}. Cytoplasm, cytoskeleton, microtubule organizing center, centrosome. Note=Cytoplasmic in interphase cells. Associates with the kinetochores in early prophase. Kinetochore localization requires BUB1, PLK1 and KNL1."
O60832,,,,"SUBCELLULAR LOCATION: [Isoform 1]: Nucleus, nucleolus {ECO:0000269|PubMed:10556300, ECO:0000269|PubMed:10591218, ECO:0000269|PubMed:12429849}. Nucleus, Cajal body {ECO:0000250|UniProtKB:P40615}.; SUBCELLULAR LOCATION: [Isoform 3]: Cytoplasm {ECO:0000269|PubMed:21820037}."
O75122,,,,"SUBCELLULAR LOCATION: Cytoplasm, cytoskeleton {ECO:0000269|PubMed:15631994, ECO:0000269|PubMed:20937854}. Cytoplasm, cytoskeleton, microtubule organizing center, centrosome {ECO:0000269|PubMed:16914514}. Chromosome, centromere, kinetochore {ECO:0000269|PubMed:16866869, ECO:0000269|PubMed:16914514}. Cytoplasm, cytoskeleton, spindle {ECO:0000269|PubMed:16866869, ECO:0000269|PubMed:16914514}. Golgi apparatus {ECO:0000250|UniProtKB:Q8BRT1}. Golgi apparatus, trans-Golgi network {ECO:0000269|PubMed:17543864}. Cell membrane {ECO:0000269|PubMed:20937854}. Cell projection, ruffle membrane {ECO:0000269|PubMed:20937854}. Cytoplasm, cell cortex {ECO:0000269|PubMed:27410476}. Note=Localizes to microtubule plus ends (PubMed:15631994). Localizes to centrosomes, kinetochores and the mitotic spindle from prometaphase. Subsequently localizes to the spindle midzone from anaphase and to the midbody from telophase (PubMed:16866869, PubMed:16914514). In migrating cells localizes to the plus ends of microtubules within the cell body and to the entire microtubule lattice within the lamella. Localizes to the cell cortex and this requires ERC1 and PHLDB2 (PubMed:16824950). Colocalizes with KANK1 at the cell cortex, likely recruited in cortical microtubule stabilization complexes (CMSC) at focal adhesions rims (PubMed:27410476). The MEMO1-RHOA-DIAPH1 signaling pathway controls localization of the phosphorylated form to the cell membrane. {ECO:0000269|PubMed:15631994, ECO:0000269|PubMed:16824950, ECO:0000269|PubMed:16866869, ECO:0000269|PubMed:16914514, ECO:0000269|PubMed:20937854, ECO:0000269|PubMed:27410476}."
O75146,,,,"SUBCELLULAR LOCATION: Cytoplasm, perinuclear region. Endomembrane system. Cytoplasmic vesicle, clathrin-coated vesicle membrane. Note=Membrane-associated protein, mainly localized at the endocytic compartments and in the perinuclear region."
O75165,,,,SUBCELLULAR LOCATION: Early endosome {ECO:0000269|PubMed:18256511}. Early endosome membrane {ECO:0000305}; Peripheral membrane protein {ECO:0000269|PubMed:18256511}. Endosome membrane {ECO:0000269|PubMed:24643499}.
O75197,"SIGNAL 1..31; /evidence=""ECO:0000255""","TRANSMEM 1385..1407; /note=""Helical""; /evidence=""ECO:0000255""","TOPO_DOM 32..1384; /note=""Extracellular""; /evidence=""ECO:0000255""; TOPO_DOM 1408..1615; /note=""Cytoplasmic""; /evidence=""ECO:0000255""",SUBCELLULAR LOCATION: Membrane {ECO:0000250|UniProtKB:Q91VN0}; Single-pass type I membrane protein {ECO:0000250|UniProtKB:Q91VN0}. Endoplasmic reticulum {ECO:0000269|PubMed:25920554}. Note=Chaperoned to the plasma membrane by MESD. {ECO:0000250|UniProtKB:Q91VN0}.
O15355,,,,SUBCELLULAR LOCATION: Cytoplasm {ECO:0000305}. Membrane {ECO:0000305}; Lipid-anchor {ECO:0000305}.
O15381,,,,"SUBCELLULAR LOCATION: [Isoform 2]: Nucleus, nucleoplasm {ECO:0000269|PubMed:15469983}.; SUBCELLULAR LOCATION: [Isoform 1]: Nucleus, nucleolus {ECO:0000269|PubMed:12429849, ECO:0000269|PubMed:15469983, ECO:0000269|PubMed:22226966, ECO:0000269|PubMed:26456651, ECO:0000269|PubMed:9286697}. Nucleus, nucleoplasm {ECO:0000269|PubMed:15469983}. Note=Expressed predominantly in the nucleolus. Associates with pre-ribosomal particles in the nucleus. {ECO:0000269|PubMed:16782053}."
O15431,,"TRANSMEM 62..82; /note=""Helical""; /evidence=""ECO:0000255""; TRANSMEM 133..153; /note=""Helical""; /evidence=""ECO:0000255""; TRANSMEM 157..177; /note=""Helical""; /evidence=""ECO:0000255""","TOPO_DOM 1..61; /note=""Extracellular""; /evidence=""ECO:0000255""; TOPO_DOM 83..132; /note=""Cytoplasmic""; /evidence=""ECO:0000255""; TOPO_DOM 154..156; /note=""Extracellular""; /evidence=""ECO:0000255""; TOPO_DOM 178..190; /note=""Cytoplasmic""; /evidence=""ECO:0000255""","SUBCELLULAR LOCATION: Cell membrane {ECO:0000269|PubMed:11734551, ECO:0000269|PubMed:12023893, ECO:0000269|PubMed:15326162, ECO:0000269|PubMed:17525160, ECO:0000269|PubMed:20451502, ECO:0000269|PubMed:26205368, ECO:0000269|PubMed:26945057, ECO:0000269|PubMed:35913762}; Multi-pass membrane protein {ECO:0000255}. Early endosome membrane {ECO:0000269|PubMed:26945057}; Multi-pass membrane protein {ECO:0000255}. Recycling endosome membrane {ECO:0000269|PubMed:26945057}; Multi-pass membrane protein {ECO:0000255}. Apical cell membrane {ECO:0000250|UniProtKB:Q8K211}; Multi-pass membrane protein {ECO:0000255}. Late endosome membrane {ECO:0000250|UniProtKB:Q8K211}; Multi-pass membrane protein {ECO:0000255}. Basolateral cell membrane {ECO:0000250|UniProtKB:Q8K211}; Multi-pass membrane protein {ECO:0000255}. Note=The localization is controlled by the intra and extra-cellular copper concentration (PubMed:15326162, PubMed:19740744, PubMed:23658018, PubMed:26205368, PubMed:26945057). Under conditions of elevated extracellular copper concentrations, it is rapidly internalized by endocytosis from the plasma membrane by a clathrin- and dynamin-mediated process and degradated in order to prevent intracellular copper accumulation and to reduce the transport of the copper across the membrane (PubMed:15326162, PubMed:19740744, PubMed:23658018, PubMed:26205368, PubMed:26945057). The internalized SLC31A1 is then localized in early endosomes, and, upon a low extracellular copper concentrations, it is transported back to the plasma membrane in a RAB11A-dependent recycling pathway (PubMed:26945057). Localizes to the apical membrane in intestinal epithelial cells (By similarity). Mainly localized on the basolateral side of renal tubular cells (By similarity). Localizes to the neuronal cell body plasma membranes (By similarity). {ECO:0000250|UniProtKB:Q8K211, ECO:0000250|UniProtKB:Q9JK41, ECO:0000269|PubMed:15326162, ECO:0000269|PubMed:19740744, ECO:0000269|PubMed:23658018, ECO:0000269|PubMed:26205368, ECO:0000269|PubMed:26945057}."
O15503,,"TRANSMEM 85..107; /note=""Helical; Name=1""; /evidence=""ECO:0000250|UniProtKB:A1T557""; TRANSMEM 127..144; /note=""Helical; Name=2""; /evidence=""ECO:0000250|UniProtKB:A1T557""; TRANSMEM 160..182; /note=""Helical; Name=3""; /evidence=""ECO:0000250|UniProtKB:A1T557""; TRANSMEM 186..204; /note=""Helical; Name=4""; /evidence=""ECO:0000250|UniProtKB:A1T557""; TRANSMEM 210..231; /note=""Helical; Name=5""; /evidence=""ECO:0000250|UniProtKB:A1T557""; TRANSMEM 246..263; /note=""Helical; Name=6""; /evidence=""ECO:0000250|UniProtKB:A1T557""","TOPO_DOM 1..84; /note=""Cytoplasmic""; /evidence=""ECO:0000305|PubMed:14660594""; TOPO_DOM 108..126; /note=""Lumenal""; /evidence=""ECO:0000305""; TOPO_DOM 145..159; /note=""Cytoplasmic""; /evidence=""ECO:0000305""; TOPO_DOM 183..185; /note=""Lumenal""; /evidence=""ECO:0000305""; TOPO_DOM 205..209; /note=""Cytoplasmic""; /evidence=""ECO:0000305|PubMed:14660594""; TOPO_DOM 232..245; /note=""Lumenal""; /evidence=""ECO:0000305""; TOPO_DOM 264..277; /note=""Cytoplasmic""; /evidence=""ECO:0000305|PubMed:14660594""","SUBCELLULAR LOCATION: Endoplasmic reticulum membrane {ECO:0000269|PubMed:12202038, ECO:0000269|PubMed:32322062}; Multi-pass membrane protein {ECO:0000269|PubMed:12202038}."
O43242,,,,
O43318,,,,"SUBCELLULAR LOCATION: Cytoplasm {ECO:0000269|PubMed:12242293}. Cell membrane {ECO:0000269|PubMed:12242293}; Peripheral membrane protein {ECO:0000269|PubMed:12242293}; Cytoplasmic side {ECO:0000269|PubMed:12242293}. Note=Although the majority of MAP3K7/TAK1 is found in the cytosol, when complexed with TAB1/MAP3K7IP1 and TAB2/MAP3K7IP2, it is also localized at the cell membrane."
O43633,,,,"SUBCELLULAR LOCATION: Late endosome membrane {ECO:0000269|PubMed:16730941, ECO:0000269|PubMed:17853893}; Peripheral membrane protein {ECO:0000269|PubMed:16730941, ECO:0000269|PubMed:17853893}; Cytoplasmic side {ECO:0000269|PubMed:16730941, ECO:0000269|PubMed:17853893}. Nucleus envelope {ECO:0000269|PubMed:28242692}. Note=Localizes to the midbody of dividing cells. Localized in two distinct rings on either side of the Fleming body. Localizes to the reforming nuclear envelope on chromatin disks during late anaphase (PubMed:28242692). {ECO:0000269|PubMed:28242692}."
O43795,,,,
O60308,,,,"SUBCELLULAR LOCATION: Cell projection, cilium {ECO:0000269|PubMed:23970417, ECO:0000269|PubMed:36606424}. Cytoplasm, cytoskeleton, microtubule organizing center, centrosome, centriole {ECO:0000269|PubMed:21399614, ECO:0000269|PubMed:23970417}. Cytoplasm, cytoskeleton, microtubule organizing center, centrosome {ECO:0000269|PubMed:23970417}. Cytoplasm, cytoskeleton, spindle pole. Note=In interphase non-ciliated cells, localizes to the distal ends of both the mother and daughter centrioles. In ciliated cells, present at the distal end of the daughter centriole, but not on the mother centriole, and at the tip of primary cilium. Localization at the ciliary tip is also observed in motile cilia. Throughout S phase, associated with both mother and daughter centrioles in each centrosome. During metaphase and telophase, present at both spindle poles. {ECO:0000269|PubMed:23970417}."
O60337,,"TRANSMEM 92..112; /note=""Helical""; /evidence=""ECO:0000255""; TRANSMEM 143..163; /note=""Helical""; /evidence=""ECO:0000255""; TRANSMEM 284..304; /note=""Helical""; /evidence=""ECO:0000255""; TRANSMEM 337..357; /note=""Helical""; /evidence=""ECO:0000255""; TRANSMEM 377..397; /note=""Helical""; /evidence=""ECO:0000255""; TRANSMEM 422..442; /note=""Helical""; /evidence=""ECO:0000255""; TRANSMEM 481..501; /note=""Helical""; /evidence=""ECO:0000255""; TRANSMEM 520..540; /note=""Helical""; /evidence=""ECO:0000255""; TRANSMEM 633..653; /note=""Helical""; /evidence=""ECO:0000255""; TRANSMEM 679..699; /note=""Helical""; /evidence=""ECO:0000255""; TRANSMEM 722..742; /note=""Helical""; /evidence=""ECO:0000255""; TRANSMEM 765..785; /note=""Helical""; /evidence=""ECO:0000255""; TRANSMEM 816..836; /note=""Helical""; /evidence=""ECO:0000255""; TRANSMEM 849..869; /note=""Helical""; /evidence=""ECO:0000255""","TOPO_DOM 1..91; /note=""Cytoplasmic""; /evidence=""ECO:0000305|PubMed:15673284, ECO:0000305|PubMed:16373356""; TOPO_DOM 113..142; /note=""Extracellular""; /evidence=""ECO:0000255""; TOPO_DOM 164..283; /note=""Cytoplasmic""; /evidence=""ECO:0000255""; TOPO_DOM 305..336; /note=""Extracellular""; /evidence=""ECO:0000255""; TOPO_DOM 358..376; /note=""Cytoplasmic""; /evidence=""ECO:0000255""; TOPO_DOM 398..421; /note=""Extracellular""; /evidence=""ECO:0000255""; TOPO_DOM 443..480; /note=""Cytoplasmic""; /evidence=""ECO:0000255""; TOPO_DOM 502..519; /note=""Extracellular""; /evidence=""ECO:0000255""; TOPO_DOM 541..632; /note=""Cytoplasmic""; /evidence=""ECO:0000255""; TOPO_DOM 654..678; /note=""Extracellular""; /evidence=""ECO:0000255""; TOPO_DOM 700..721; /note=""Cytoplasmic""; /evidence=""ECO:0000255""; TOPO_DOM 743..764; /note=""Extracellular""; /evidence=""ECO:0000255""; TOPO_DOM 786..815; /note=""Cytoplasmic""; /evidence=""ECO:0000255""; TOPO_DOM 837..848; /note=""Extracellular""; /evidence=""ECO:0000255""; TOPO_DOM 870..910; /note=""Cytoplasmic""; /evidence=""ECO:0000305|PubMed:16373356""",SUBCELLULAR LOCATION: Endoplasmic reticulum membrane {ECO:0000269|PubMed:15673284}; Multi-pass membrane protein {ECO:0000269|PubMed:15673284}.
O60476,,"TRANSMEM 37..57; /note=""Helical; Signal-anchor for type II membrane protein""; /evidence=""ECO:0000255""","TOPO_DOM 2..36; /note=""Cytoplasmic""; /evidence=""ECO:0000255""; TOPO_DOM 58..641; /note=""Lumenal""; /evidence=""ECO:0000255""",SUBCELLULAR LOCATION: Golgi apparatus membrane; Single-pass type II membrane protein.
O60493,,,,"SUBCELLULAR LOCATION: Early endosome {ECO:0000269|PubMed:11433298, ECO:0000269|PubMed:21725319, ECO:0000269|PubMed:30213940}. Cytoplasmic vesicle, phagosome {ECO:0000269|PubMed:23237080}. Note=Colocalizes to clathrin-coated endosomal vesicles morphologically distinct from retromer-decorated non-branched endosomal tubule structures (PubMed:21725319) Colocalizes with EEA1 on nascent phagosomes in dendritic cells but competes with EEA1 for binding to phagosomal membrane (PubMed:23237080). In the case of Salmonella enterica infection localizes to Salmonella-containing vacuoles (SCVs) from which SNX3-containing tubules form 30-60 minutes after infection (PubMed:20482551). {ECO:0000269|PubMed:20482551, ECO:0000269|PubMed:21725319, ECO:0000269|PubMed:23237080}."
O15379,,,,"SUBCELLULAR LOCATION: Nucleus {ECO:0000269|PubMed:21030595}. Chromosome {ECO:0000269|PubMed:16569215, ECO:0000269|PubMed:18417529}. Cytoplasm {ECO:0000269|PubMed:25190803}. Cytoplasm, cytosol {ECO:0000269|PubMed:21030595}. Note=Colocalizes with XBP1 and AKT1 in the cytoplasm (PubMed:25190803). Predominantly expressed in the nucleus in the presence of CCAR2 (PubMed:21030595). {ECO:0000269|PubMed:21030595, ECO:0000269|PubMed:25190803}."
O43293,,,,"SUBCELLULAR LOCATION: Nucleus {ECO:0000269|PubMed:15367680, ECO:0000269|PubMed:15910542, ECO:0000269|PubMed:20854903}. Nucleus, PML body {ECO:0000250|UniProtKB:O54784}. Cytoplasm, cytoskeleton, microtubule organizing center, centrosome {ECO:0000250|UniProtKB:O54784}. Chromosome, centromere {ECO:0000269|PubMed:38009294}. Cytoplasm {ECO:0000269|PubMed:15367680, ECO:0000269|PubMed:15611134, ECO:0000269|PubMed:17953487, ECO:0000269|PubMed:20854903}. Cytoplasm, cytoskeleton, spindle {ECO:0000269|PubMed:38009294}. Midbody {ECO:0000269|PubMed:38009294}. Note=Predominantly localizes to the cytoplasm but can shuttle between the nucleus and cytoplasm; cytoplasmic localization is promoted by phosphorylation at Thr-299 and involves Rho/Rock signaling. {ECO:0000269|PubMed:17953487, ECO:0000269|PubMed:20854903}.; SUBCELLULAR LOCATION: [Isoform 1]: Nucleus {ECO:0000269|PubMed:17126281}. Cytoplasm {ECO:0000269|PubMed:17126281}.; SUBCELLULAR LOCATION: [Isoform 2]: Nucleus {ECO:0000269|PubMed:17126281}. Cytoplasm {ECO:0000269|PubMed:17126281}."
O43314,,,,"SUBCELLULAR LOCATION: Cytoplasm, cytosol {ECO:0000269|PubMed:17690096}."
O43502,,,,"SUBCELLULAR LOCATION: Nucleus {ECO:0000269|PubMed:12966089, ECO:0000269|PubMed:16215984}. Cytoplasm {ECO:0000269|PubMed:16215984}. Cytoplasm, perinuclear region {ECO:0000269|PubMed:16215984}. Mitochondrion {ECO:0000269|PubMed:20413593}. Note=DNA damage induces an increase in nuclear levels. Accumulates in DNA damage induced nuclear foci or RAD51C foci which is formed during the S or G2 phase of cell cycle. Accumulation at DNA lesions requires the presence of NBN/NBS1, ATM and RPA."
O43707,,,,"SUBCELLULAR LOCATION: Nucleus {ECO:0000269|PubMed:22351778, ECO:0000269|PubMed:9508771}. Cytoplasm {ECO:0000269|PubMed:22351778, ECO:0000269|PubMed:9508771}. Cell junction {ECO:0000250|UniProtKB:P57780}. Cytoplasm, cytoskeleton, stress fiber {ECO:0000269|PubMed:9508771}. Cytoplasm, perinuclear region {ECO:0000250|UniProtKB:P57780}. Note=Localized in cytoplasmic mRNP granules containing untranslated mRNAs. Expressed in the perinuclear rim and manchette structure in early elongating spermatids during spermiogenesis (By similarity). Nuclear translocation can be induced by the PI3 kinase inhibitor wortmannin or by cytochalasin D. Exclusively localized in the nucleus in a limited number of cell lines (breast cancer cell line MCF-7, oral floor cancer IMC-2, and bladder cancer KU-7). {ECO:0000250|UniProtKB:P57780, ECO:0000269|PubMed:17289661, ECO:0000269|PubMed:9508771}."
O60869,,,,SUBCELLULAR LOCATION: Cytoplasm. Nucleus. Note=Also nuclear upon binding to NR5A1 and treatment of cells with TPA or forskolin.
O75150,,,,SUBCELLULAR LOCATION: Nucleus {ECO:0000269|PubMed:10944455}.
O75385,,,,"SUBCELLULAR LOCATION: Cytoplasm, cytosol {ECO:0000250}. Preautophagosomal structure {ECO:0000250}. Note=Under starvation conditions, is localized to puncate structures primarily representing the isolation membrane that sequesters a portion of the cytoplasm resulting in the formation of an autophagosome. {ECO:0000250}."
O15400,,"TRANSMEM 239..259; /note=""Helical; Anchor for type IV membrane protein""; /evidence=""ECO:0000255""","TOPO_DOM 2..238; /note=""Cytoplasmic""; /evidence=""ECO:0000255""; TOPO_DOM 260..261; /note=""Vesicular""; /evidence=""ECO:0000255""",SUBCELLULAR LOCATION: Early endosome membrane {ECO:0000250}; Single-pass type IV membrane protein {ECO:0000250}.
O15530,,,,"SUBCELLULAR LOCATION: Cytoplasm. Nucleus. Cell membrane; Peripheral membrane protein. Cell junction, focal adhesion. Note=Tyrosine phosphorylation seems to occur only at the cell membrane. Translocates to the cell membrane following insulin stimulation by a mechanism that involves binding to GRB14 and INSR. SRC and HSP90 promote its localization to the cell membrane. Its nuclear localization is dependent on its association with PTPN6 and its phosphorylation at Ser-396. Restricted to the nucleus in neuronal cells while in non-neuronal cells it is found in the cytoplasm. The Ser-241 phosphorylated form is distributed along the perinuclear region in neuronal cells while in non-neuronal cells it is found in both the nucleus and the cytoplasm. IGF1 transiently increases phosphorylation at Ser-241 of neuronal PDPK1, resulting in its translocation to other cellular compartments. The tyrosine-phosphorylated form colocalizes with PTK2B in focal adhesions after angiotensin II stimulation."
O43402,,,,SUBCELLULAR LOCATION: Endoplasmic reticulum membrane {ECO:0000269|PubMed:22119785}; Peripheral membrane protein {ECO:0000305|PubMed:32439656}; Cytoplasmic side {ECO:0000269|PubMed:32439656}.
O43493,"SIGNAL 1..21; /evidence=""ECO:0000255""","TRANSMEM 382..402; /note=""Helical""; /evidence=""ECO:0000255""","TOPO_DOM 22..381; /note=""Extracellular""; /evidence=""ECO:0000255""; TOPO_DOM 403..437; /note=""Cytoplasmic""; /evidence=""ECO:0000255""","SUBCELLULAR LOCATION: Cell membrane; Single-pass type I membrane protein. Golgi apparatus, trans-Golgi network membrane; Single-pass type I membrane protein. Note=Primarily in trans-Golgi network. Cycles between the trans-Golgi network and the cell surface returning via endosomes."
O75061,,,,"SUBCELLULAR LOCATION: Cytoplasmic vesicle, clathrin-coated vesicle {ECO:0000250|UniProtKB:Q27974}. Note=Appears on coated vesicles in successive transient bursts, immediately after the vesicle release from the plasma membrane. Recruitment to clathrin-coated vesicles depends on temporal variations in phosphoinositide composition of clathrin-coated vesicles. {ECO:0000250|UniProtKB:Q27974}."
O75340,,,,"SUBCELLULAR LOCATION: Endoplasmic reticulum membrane {ECO:0000269|PubMed:16957052, ECO:0000269|PubMed:27813252}; Peripheral membrane protein {ECO:0000269|PubMed:16957052}. Cytoplasmic vesicle, COPII-coated vesicle membrane {ECO:0000269|PubMed:27716508}. Cytoplasm {ECO:0000269|PubMed:27716508, ECO:0000269|PubMed:27784779}. Nucleus {ECO:0000269|PubMed:17045351, ECO:0000269|PubMed:21122810, ECO:0000269|PubMed:27784779}. Endosome {ECO:0000269|PubMed:19864416}. Note=Interaction with RBM22 induces relocalization from the cytoplasm to the nucleus (PubMed:17045351). Translocated from the cytoplasm to the nucleus after heat shock cell treatment. Accumulates in cytoplasmic vesicle-like organelles after heat shock treatment, which may represent stress granules (PubMed:21122810). In response to calcium increase, relocates from cytoplasm to COPII vesicle coat (PubMed:27716508). Localizes to endoplasmic reticulum exit site (ERES) (PubMed:27813252). {ECO:0000269|PubMed:17045351, ECO:0000269|PubMed:21122810, ECO:0000269|PubMed:27716508, ECO:0000269|PubMed:27813252}."
O15371,,,,SUBCELLULAR LOCATION: Cytoplasm {ECO:0000255|HAMAP-Rule:MF_03003}.
O60331,,,,"SUBCELLULAR LOCATION: Cell membrane; Peripheral membrane protein; Cytoplasmic side {ECO:0000250|UniProtKB:Q5I6B8}. Endomembrane system {ECO:0000250|UniProtKB:Q5I6B8}. Cytoplasm {ECO:0000250|UniProtKB:O70161}. Cell junction, focal adhesion {ECO:0000269|PubMed:12422219}. Cell junction, adherens junction {ECO:0000269|PubMed:17261850}. Cell projection, ruffle membrane {ECO:0000250|UniProtKB:Q5I6B8}. Cell projection, phagocytic cup {ECO:0000250|UniProtKB:O70161}. Cell projection, uropodium {ECO:0000250|UniProtKB:O70161}. Note=Detected in plasma membrane invaginations. Isoform 3 is detected in intracellular vesicle-like structures.; SUBCELLULAR LOCATION: [Isoform 2]: Cytoplasm. Nucleus."
O60524,,,,"SUBCELLULAR LOCATION: Cytoplasm, cytosol {ECO:0000269|PubMed:25578875}. Nucleus {ECO:0000305|PubMed:16103875}."
O75143,,,,"SUBCELLULAR LOCATION: Cytoplasm, cytosol {ECO:0000269|PubMed:19211835}. Preautophagosomal structure {ECO:0000269|PubMed:19211835}. Note=Under starvation conditions, is localized to puncate structures primarily representing the isolation membrane; the isolation membrane sequesters a portion of the cytoplasm resulting in autophagosome formation. {ECO:0000269|PubMed:19211835}."
O43683,,,,"SUBCELLULAR LOCATION: Nucleus. Chromosome, centromere, kinetochore. Note=Nuclear in interphase cells. Accumulates gradually during G1 and S phase of the cell cycle, peaks at G2/M, and drops dramatically after mitosis. Localizes to the outer kinetochore. Kinetochore localization is required for normal mitotic timing and checkpoint response to spindle damage and occurs very early in prophase. AURKB, KNL1 and INCENP are required for kinetochore localization (By similarity). {ECO:0000250}."
O75179,,,,"SUBCELLULAR LOCATION: Cytoplasm {ECO:0000269|PubMed:17276651, ECO:0000269|PubMed:22328336}. Nucleus {ECO:0000269|PubMed:17276651, ECO:0000269|PubMed:19150984, ECO:0000269|PubMed:22328336}. Note=Detected around the nucleolus. Localized on chromatin in a cell cycle-dependent manner. {ECO:0000269|PubMed:17276651, ECO:0000269|PubMed:19150984}."
O43709,,,,"SUBCELLULAR LOCATION: Nucleus {ECO:0000269|PubMed:24086612, ECO:0000269|PubMed:24488492, ECO:0000269|PubMed:34948388}. Nucleus, nucleoplasm {ECO:0000269|PubMed:25851604}. Cytoplasm, perinuclear region {ECO:0000269|PubMed:25851604}. Cytoplasm {ECO:0000269|PubMed:24488492}. Note=Localized diffusely throughout the nucleus and the cytoplasm (PubMed:24488492). Localizes to a polarized perinuclear structure, overlapping partially with the Golgi and lysosomes (PubMed:25851604). Localization is not affected by glucocorticoid treatment (PubMed:24488492). {ECO:0000269|PubMed:24488492, ECO:0000269|PubMed:25851604}."
O60610,,,,"SUBCELLULAR LOCATION: Cell membrane {ECO:0000250|UniProtKB:O08808}. Cell projection, ruffle membrane {ECO:0000250|UniProtKB:O08808}. Cytoplasm, cytoskeleton {ECO:0000269|PubMed:24781755}. Cytoplasm, cytoskeleton, microtubule organizing center, centrosome {ECO:0000269|PubMed:24781755}. Cytoplasm, cytoskeleton, spindle {ECO:0000269|PubMed:24781755}. Cytoplasm {ECO:0000250|UniProtKB:O08808}. Nucleus {ECO:0000250|UniProtKB:O08808}. Note=Membrane ruffles, especially at the tip of ruffles, of motile cells. {ECO:0000250|UniProtKB:O08808}."
O43526,,"TRANSMEM 91..113; /note=""Helical; Name=Segment S1""; /evidence=""ECO:0000269|PubMed:32884139, ECO:0007744|PDB:7CR3""; TRANSMEM 124..145; /note=""Helical; Name=Segment S2""; /evidence=""ECO:0000269|PubMed:32884139, ECO:0007744|PDB:7CR3""; TRANSMEM 164..183; /note=""Helical; Name=Segment S3""; /evidence=""ECO:0000269|PubMed:32884139, ECO:0007744|PDB:7CR3""; TRANSMEM 197..215; /note=""Helical; Voltage-sensor; Name=Segment S4""; /evidence=""ECO:0000269|PubMed:32884139, ECO:0007744|PDB:7CR3""; TRANSMEM 228..253; /note=""Helical; Name=Segment S5""; /evidence=""ECO:0000269|PubMed:32884139, ECO:0007744|PDB:7CR3""; TRANSMEM 288..314; /note=""Helical; Name=Segment S6""; /evidence=""ECO:0000269|PubMed:32884139, ECO:0007744|PDB:7CR3""","TOPO_DOM 1..90; /note=""Cytoplasmic""; /evidence=""ECO:0000255""; TOPO_DOM 114..123; /note=""Extracellular""; /evidence=""ECO:0000255""; TOPO_DOM 146..163; /note=""Cytoplasmic""; /evidence=""ECO:0000255""; TOPO_DOM 184..196; /note=""Extracellular""; /evidence=""ECO:0000255""; TOPO_DOM 216..227; /note=""Cytoplasmic""; /evidence=""ECO:0000255""; TOPO_DOM 254..263; /note=""Extracellular""; /evidence=""ECO:0000255""; TOPO_DOM 277..287; /note=""Extracellular""; /evidence=""ECO:0000255""; TOPO_DOM 315..872; /note=""Cytoplasmic""; /evidence=""ECO:0000255""","SUBCELLULAR LOCATION: Cell membrane {ECO:0000269|PubMed:10788442, ECO:0000269|PubMed:9836639}; Multi-pass membrane protein {ECO:0000255}."
O60333,,,,"SUBCELLULAR LOCATION: Cytoplasm, cytoskeleton {ECO:0000250|UniProtKB:Q60575}. Note=Has a plus-end-directed microtubule motor activity and therefore associates with microtubules. {ECO:0000250|UniProtKB:Q60575}.; SUBCELLULAR LOCATION: [Isoform 2]: Cytoplasmic vesicle, secretory vesicle, synaptic vesicle membrane {ECO:0000250|UniProtKB:Q60575}. Note=Associates with synaptic vesicles and mediates their anterograde transport along axonal microtubules. {ECO:0000250|UniProtKB:Q60575}.; SUBCELLULAR LOCATION: [Isoform 3]: Mitochondrion {ECO:0000269|PubMed:16225668}. Note=Associates with mitochondria and mediates their movement along microtubules. {ECO:0000250|UniProtKB:Q60575}."
O43414,,,,
O43301,,,,SUBCELLULAR LOCATION: Cytoplasm {ECO:0000250|UniProtKB:Q8K0U4}. Nucleus {ECO:0000250|UniProtKB:Q8K0U4}.
O43934,,"TRANSMEM 8..28; /note=""Helical""; /evidence=""ECO:0000255""; TRANSMEM 53..73; /note=""Helical""; /evidence=""ECO:0000255""; TRANSMEM 74..94; /note=""Helical""; /evidence=""ECO:0000255""; TRANSMEM 96..116; /note=""Helical""; /evidence=""ECO:0000255""; TRANSMEM 138..158; /note=""Helical""; /evidence=""ECO:0000255""; TRANSMEM 170..190; /note=""Helical""; /evidence=""ECO:0000255""; TRANSMEM 239..259; /note=""Helical""; /evidence=""ECO:0000255""; TRANSMEM 277..297; /note=""Helical""; /evidence=""ECO:0000255""; TRANSMEM 309..329; /note=""Helical""; /evidence=""ECO:0000255""; TRANSMEM 359..379; /note=""Helical""; /evidence=""ECO:0000255""; TRANSMEM 385..405; /note=""Helical""; /evidence=""ECO:0000255""; TRANSMEM 410..430; /note=""Helical""; /evidence=""ECO:0000255""",,SUBCELLULAR LOCATION: Membrane {ECO:0000305}; Multi-pass membrane protein {ECO:0000305}.
O60518,,,,SUBCELLULAR LOCATION: Cytoplasm {ECO:0000250}. Nucleus {ECO:0000250}.
O75821,,,,"SUBCELLULAR LOCATION: Cytoplasm {ECO:0000255|HAMAP-Rule:MF_03006}. Nucleus {ECO:0000255|HAMAP-Rule:MF_03006, ECO:0000269|PubMed:17094969}. Cytoplasm, perinuclear region {ECO:0000255|HAMAP-Rule:MF_03006, ECO:0000269|PubMed:17094969}. Note=Colocalizes with AIFM1 in the nucleus and perinuclear region."
O95208,,,,"SUBCELLULAR LOCATION: Cytoplasm {ECO:0000269|PubMed:10567358}. Cytoplasmic vesicle, clathrin-coated vesicle {ECO:0000269|PubMed:10567358}. Note=In punctate structures throughout the cell, associated with clathrin-coated vesicles, and particularly concentrated in the region of the Golgi complex."
O95352,,,,SUBCELLULAR LOCATION: Cytoplasm {ECO:0000250}. Preautophagosomal structure {ECO:0000250}. Note=Also localizes to discrete punctae along the ciliary axoneme and to the base of the ciliary axoneme. {ECO:0000250}.
O95373,,,,SUBCELLULAR LOCATION: Cytoplasm {ECO:0000250|UniProtKB:Q9EPL8}. Nucleus {ECO:0000250|UniProtKB:Q9EPL8}. Note=Localizes to the nucleus in the presence of BMP4. {ECO:0000250|UniProtKB:Q9EPL8}.
O95429,,,,SUBCELLULAR LOCATION: Cytoplasm.
O95470,,"TRANSMEM 41..61; /note=""Helical; Signal-anchor for type III membrane protein""; /evidence=""ECO:0000255""","TOPO_DOM 1..40; /note=""Lumenal""; /evidence=""ECO:0000255""; TOPO_DOM 62..568; /note=""Cytoplasmic""; /evidence=""ECO:0000255""",SUBCELLULAR LOCATION: Endoplasmic reticulum membrane {ECO:0000269|PubMed:14570870}; Single-pass type III membrane protein {ECO:0000255}; Cytoplasmic side {ECO:0000250|UniProtKB:Q8R0X7}.
O95674,,"TRANSMEM 79..99; /note=""Helical""; /evidence=""ECO:0000255""; TRANSMEM 132..152; /note=""Helical""; /evidence=""ECO:0000255""; TRANSMEM 166..186; /note=""Helical""; /evidence=""ECO:0000255""; TRANSMEM 213..233; /note=""Helical""; /evidence=""ECO:0000255""; TRANSMEM 262..282; /note=""Helical""; /evidence=""ECO:0000255""; TRANSMEM 340..360; /note=""Helical""; /evidence=""ECO:0000255""",,"SUBCELLULAR LOCATION: Endoplasmic reticulum membrane {ECO:0000269|PubMed:25375833, ECO:0000269|PubMed:26946540, ECO:0000269|PubMed:31548309}; Multi-pass membrane protein {ECO:0000255}."
O96005,,"TRANSMEM 355..375; /note=""Helical""; /evidence=""ECO:0000255""; TRANSMEM 391..411; /note=""Helical""; /evidence=""ECO:0000255""; TRANSMEM 417..437; /note=""Helical""; /evidence=""ECO:0000255""; TRANSMEM 478..498; /note=""Helical""; /evidence=""ECO:0000255""; TRANSMEM 503..523; /note=""Helical""; /evidence=""ECO:0000255""","TOPO_DOM 2..354; /note=""Extracellular""; /evidence=""ECO:0000255""; TOPO_DOM 376..390; /note=""Cytoplasmic""; /evidence=""ECO:0000255""; TOPO_DOM 412..416; /note=""Extracellular""; /evidence=""ECO:0000255""; TOPO_DOM 438..477; /note=""Cytoplasmic""; /evidence=""ECO:0000255""; TOPO_DOM 499..502; /note=""Extracellular""; /evidence=""ECO:0000255""; TOPO_DOM 524..669; /note=""Cytoplasmic""; /evidence=""ECO:0000255""",SUBCELLULAR LOCATION: Membrane {ECO:0000305}; Multi-pass membrane protein {ECO:0000255}.
P00338,,,,SUBCELLULAR LOCATION: Cytoplasm.
O75607,,,,"SUBCELLULAR LOCATION: Nucleus {ECO:0000269|PubMed:11722795}. Nucleus, nucleolus {ECO:0000269|PubMed:15596447, ECO:0000269|PubMed:22362753}. Note=Mainly found in the granular component of the nucleolus. {ECO:0000269|PubMed:22362753}."
O75676,,,,"SUBCELLULAR LOCATION: Nucleus {ECO:0000269|PubMed:11035004, ECO:0000269|PubMed:9792677}."
O75886,,,,SUBCELLULAR LOCATION: Cytoplasm {ECO:0000250}. Early endosome membrane {ECO:0000269|PubMed:12551915}; Peripheral membrane protein {ECO:0000269|PubMed:12551915}; Cytoplasmic side {ECO:0000269|PubMed:12551915}.
O75937,,,,SUBCELLULAR LOCATION: Nucleus {ECO:0000269|PubMed:27133716}.
O94806,,,,SUBCELLULAR LOCATION: Cytoplasm {ECO:0000269|PubMed:18076381}. Membrane {ECO:0000269|PubMed:18076381}. Note=Translocation to the cell membrane is required for kinase activation.
O95149,,,,"SUBCELLULAR LOCATION: Nucleus {ECO:0000269|PubMed:10209022, ECO:0000269|PubMed:15920472, ECO:0000269|PubMed:38413582}. Cytoplasm {ECO:0000269|PubMed:12095920, ECO:0000269|PubMed:38413582, ECO:0000269|PubMed:9670026, ECO:0000305|PubMed:10209022}. Note=Nucleoplasmic shuttling protein. Its nuclear import involves the nucleocytoplasmic transport receptor importin beta (PubMed:10209022, PubMed:12095920). It is re-exported to the cytoplasm by the XPO1-dependent nuclear export receptor pathway (PubMed:10209022). {ECO:0000269|PubMed:10209022, ECO:0000269|PubMed:12095920}."
O95249,,"TRANSMEM 230..250; /note=""Helical; Anchor for type IV membrane protein""; /evidence=""ECO:0000255""","TOPO_DOM 2..229; /note=""Cytoplasmic""; /evidence=""ECO:0000255""","SUBCELLULAR LOCATION: Golgi apparatus membrane {ECO:0000269|PubMed:15215310, ECO:0000269|PubMed:15728195, ECO:0000269|PubMed:17274796, ECO:0000269|PubMed:17337506, ECO:0000269|PubMed:21669198}; Single-pass type IV membrane protein {ECO:0000269|PubMed:15215310, ECO:0000269|PubMed:15728195, ECO:0000269|PubMed:17274796, ECO:0000269|PubMed:17337506, ECO:0000269|PubMed:21669198}. Note=Localizes throughout the Golgi apparatus, with lowest levels in the trans-Golgi network (By similarity). Enriched on vesicular components at the terminal rims of the Golgi. Found in Golgi microtubules at low temperature (15 degrees Celsius). {ECO:0000250}."
O95425,,,,"SUBCELLULAR LOCATION: Cell membrane; Peripheral membrane protein; Cytoplasmic side. Cytoplasm, cytoskeleton. Cell projection, invadopodium. Cell projection, podosome. Midbody {ECO:0000250|UniProtKB:O46385}. Cleavage furrow {ECO:0000250|UniProtKB:O46385}. Note=Tightly associated with both actin filaments and plasma membranes."
O95487,,,,"SUBCELLULAR LOCATION: Cytoplasmic vesicle, COPII-coated vesicle membrane {ECO:0000269|PubMed:10075675}; Peripheral membrane protein {ECO:0000305|PubMed:10075675}; Cytoplasmic side {ECO:0000305|PubMed:10075675}. Endoplasmic reticulum membrane {ECO:0000269|PubMed:10075675}; Peripheral membrane protein {ECO:0000269|PubMed:10075675}; Cytoplasmic side {ECO:0000269|PubMed:10075675}. Cytoplasm, cytosol {ECO:0000269|PubMed:10075675}."
O95716,,,,SUBCELLULAR LOCATION: Cell membrane {ECO:0000305}; Lipid-anchor {ECO:0000305}; Cytoplasmic side {ECO:0000305}.
O75581,"SIGNAL 1..19; /evidence=""ECO:0000255""","TRANSMEM 1371..1393; /note=""Helical""; /evidence=""ECO:0000255""","TOPO_DOM 20..1370; /note=""Extracellular""; /evidence=""ECO:0000255""; TOPO_DOM 1394..1613; /note=""Cytoplasmic""; /evidence=""ECO:0000255""","SUBCELLULAR LOCATION: Cell membrane {ECO:0000269|PubMed:21375506, ECO:0000269|PubMed:23572575, ECO:0000269|PubMed:26387593}; Single-pass type I membrane protein {ECO:0000255}. Endoplasmic reticulum {ECO:0000269|PubMed:26387593}. Membrane raft {ECO:0000269|PubMed:23987510}. Note=On Wnt signaling, undergoes a cycle of caveolin- or clathrin-mediated endocytosis and plasma membrane location. Released from the endoplasmic reticulum on palmitoylation. Mono-ubiquitination retains it in the endoplasmic reticulum in the absence of palmitoylation. On Wnt signaling, phosphorylated, aggregates and colocalizes with AXIN1 and GSK3B at the plasma membrane in LRP6-signalosomes (By similarity). Chaperoned to the plasma membrane by HSP90B1 and MESD (PubMed:23572575). {ECO:0000250|UniProtKB:O88572, ECO:0000269|PubMed:23572575}."
O75716,,,,"SUBCELLULAR LOCATION: Cytoplasm, perinuclear region. Membrane {ECO:0000250}; Lipid-anchor {ECO:0000250}. Note=Associates with Golgi and Golgi-derived vesicles. {ECO:0000250}."
O75792,,,,SUBCELLULAR LOCATION: Nucleus {ECO:0000305}.
O94817,,,,SUBCELLULAR LOCATION: Cytoplasm {ECO:0000250}. Preautophagosomal structure membrane {ECO:0000269|PubMed:22342342}; Peripheral membrane protein {ECO:0000269|PubMed:22342342}. Note=TECPR1 recruits the ATG12-ATG5 conjugate to the autolysosomal membrane.
O94829,,,,SUBCELLULAR LOCATION: Cytoplasm. Nucleus.
O94955,,,,SUBCELLULAR LOCATION: Golgi apparatus {ECO:0000269|PubMed:19490898}.
O95219,,,,"SUBCELLULAR LOCATION: Early endosome membrane {ECO:0000269|PubMed:17994011, ECO:0000269|PubMed:32513819, ECO:0000269|PubMed:33468622}; Peripheral membrane protein {ECO:0000269|PubMed:17994011}; Cytoplasmic side {ECO:0000269|PubMed:17994011}. Note=Also detected on a juxtanuclear endocytic recycling compartment (ERC). {ECO:0000269|PubMed:17994011}."
O95816,,,,
P01111,,,,"SUBCELLULAR LOCATION: Cell membrane {ECO:0000269|PubMed:15705808, ECO:0000269|PubMed:26701913}; Lipid-anchor {ECO:0000269|PubMed:15705808, ECO:0000269|PubMed:26701913}; Cytoplasmic side {ECO:0000269|PubMed:15705808, ECO:0000269|PubMed:26701913}. Golgi apparatus membrane {ECO:0000269|PubMed:15705808, ECO:0000269|PubMed:26701913}; Lipid-anchor {ECO:0000269|PubMed:15705808, ECO:0000269|PubMed:26701913}. Note=Shuttles between the plasma membrane and the Golgi apparatus. {ECO:0000269|PubMed:15705808, ECO:0000269|PubMed:26701913}."
P01112,,,,"SUBCELLULAR LOCATION: Cell membrane {ECO:0000250|UniProtKB:P20171}; Lipid-anchor; Cytoplasmic side. Golgi apparatus. Golgi apparatus membrane; Lipid-anchor. Note=The active GTP-bound form is localized most strongly to membranes than the inactive GDP-bound form (By similarity). Shuttles between the plasma membrane and the Golgi apparatus. {ECO:0000250}.; SUBCELLULAR LOCATION: [Isoform 2]: Nucleus. Cytoplasm. Cytoplasm, perinuclear region. Note=Colocalizes with RACK1 to the perinuclear region."
P01116,,,,"SUBCELLULAR LOCATION: Cell membrane {ECO:0000269|PubMed:22431598, ECO:0000269|PubMed:23524970, ECO:0000269|PubMed:23698361, ECO:0000269|PubMed:29239724}; Lipid-anchor {ECO:0000269|PubMed:29239724, ECO:0000305|PubMed:23698361}; Cytoplasmic side {ECO:0000305|PubMed:23698361}. Endomembrane system {ECO:0000269|PubMed:29239724}. Cytoplasm {ECO:0000269|PubMed:23524970, ECO:0000269|PubMed:23698361}.; SUBCELLULAR LOCATION: [Isoform 2B]: Cell membrane {ECO:0000269|PubMed:28619714}; Lipid-anchor {ECO:0000305|PubMed:28619714}."
O75417,,,,"SUBCELLULAR LOCATION: Nucleus {ECO:0000250|UniProtKB:O18475}. Chromosome {ECO:0000269|PubMed:25642963, ECO:0000269|PubMed:34179826, ECO:0000269|PubMed:37440612, ECO:0000269|PubMed:37674080}. Note=Enriched in chromatin in response to ultaviolet (UV) light (PubMed:25642963, PubMed:34179826). Binds to chromatin during early G1 (PubMed:24989122). Recruited to DNA damage sites, such as double-stranded breaks (DSBs), following interaction with TOPBP1 and RHNO1 (PubMed:37440612, PubMed:37674080). {ECO:0000269|PubMed:24989122, ECO:0000269|PubMed:25642963, ECO:0000269|PubMed:34179826, ECO:0000269|PubMed:37440612, ECO:0000269|PubMed:37674080}."
O75531,,,,"SUBCELLULAR LOCATION: Nucleus {ECO:0000269|PubMed:16495336, ECO:0000269|PubMed:18005698, ECO:0000269|PubMed:24600006}. Chromosome {ECO:0000269|PubMed:16495336, ECO:0000269|PubMed:28841419, ECO:0000269|PubMed:31796734, ECO:0000269|PubMed:32792394}. Nucleus envelope {ECO:0000269|PubMed:24600006}. Cytoplasm {ECO:0000269|PubMed:16495336, ECO:0000269|PubMed:18005698, ECO:0000269|PubMed:24600006}. Note=Significantly enriched at the nuclear inner membrane, diffusely throughout the nucleus during interphase and concentrated at the chromosomes during the M-phase (PubMed:16495336, PubMed:24600006). The phosphorylated form (by VRK1) shows a cytoplasmic localization whereas the unphosphorylated form locates almost exclusively in the nucleus (PubMed:16495336, PubMed:24600006). May be included in HIV-1 virions via its interaction with viral GAG polyprotein (PubMed:14645565). {ECO:0000269|PubMed:14645565, ECO:0000269|PubMed:16495336, ECO:0000269|PubMed:24600006}."
O75533,,,,"SUBCELLULAR LOCATION: Nucleus {ECO:0000269|PubMed:27720643, ECO:0000269|PubMed:28541300, ECO:0000269|PubMed:34023904}. Nucleus speckle {ECO:0000269|PubMed:12105215, ECO:0000269|PubMed:28541300, ECO:0000269|PubMed:34023904}. Note=During mitosis, transiently dispersed from the nuclear speckles to the cytoplasm. {ECO:0000269|PubMed:12105215}."
O76021,,,,"SUBCELLULAR LOCATION: Nucleus, nucleolus {ECO:0000269|PubMed:11790298, ECO:0000269|PubMed:12429849, ECO:0000269|PubMed:18678645, ECO:0000269|PubMed:22419112}. Note=Colocalizes with ING1 in the nucleolus after UV stress. {ECO:0000269|PubMed:22419112}."
O76094,,,,"SUBCELLULAR LOCATION: Cytoplasm {ECO:0000269|PubMed:22541560}. Endoplasmic reticulum {ECO:0000269|PubMed:22541560, ECO:0000269|PubMed:28369529}."
O94782,,,,SUBCELLULAR LOCATION: Nucleus {ECO:0000269|PubMed:15694335}.
O94826,,"TRANSMEM 39..59; /note=""Helical""; /evidence=""ECO:0000255""","TOPO_DOM 2..38; /note=""Mitochondrial intermembrane""; /evidence=""ECO:0000255""; TOPO_DOM 60..608; /note=""Cytoplasmic""; /evidence=""ECO:0000255""","SUBCELLULAR LOCATION: Mitochondrion outer membrane {ECO:0000269|PubMed:20628368, ECO:0000269|PubMed:25609812, ECO:0000269|PubMed:33723040}; Single-pass membrane protein {ECO:0000255}.; SUBCELLULAR LOCATION: Note=(Microbial infection) During parasite T.gondii-mediated infection, enriched at the interface between the host mitochondria and the parasitopharous vacuole. {ECO:0000269|PubMed:33723040}."
O95551,,,,"SUBCELLULAR LOCATION: Nucleus {ECO:0000269|PubMed:12743594}. Nucleus, PML body {ECO:0000269|PubMed:19794497, ECO:0000269|PubMed:21921940}. Nucleus, nucleolus {ECO:0000269|PubMed:21921940}. Cytoplasm. Note=Localizes to nucleolar cavities following stress; localization to nucleolus is dependent on PML protein. {ECO:0000269|PubMed:21921940}.; SUBCELLULAR LOCATION: Cytoplasm {ECO:0000269|PubMed:22908287}. Note=(Microbial infection) In case of infection by picornavirus, relocalizes to cytoplasmic sites distinct from those containing viral proteins associated with RNA replication or encapsidation. {ECO:0000269|PubMed:22908287}."
O95747,,,,"SUBCELLULAR LOCATION: Cytoplasm {ECO:0000269|PubMed:22361696, ECO:0000269|PubMed:22989884}."
O95749,,,,"SUBCELLULAR LOCATION: Cytoplasm {ECO:0000269|PubMed:32403198}. Cytoplasm, perinuclear region {ECO:0000269|PubMed:32403198}. Cytoplasm, myofibril, sarcomere, Z line {ECO:0000269|PubMed:32403198}."
P00387,,,,SUBCELLULAR LOCATION: [Isoform 1]: Endoplasmic reticulum membrane {ECO:0000269|PubMed:9639531}; Lipid-anchor {ECO:0000250|UniProtKB:P20070}; Cytoplasmic side {ECO:0000250|UniProtKB:P20070}. Mitochondrion outer membrane {ECO:0000305|PubMed:9639531}; Lipid-anchor {ECO:0000250|UniProtKB:P20070}; Cytoplasmic side {ECO:0000250|UniProtKB:P20070}.; SUBCELLULAR LOCATION: [Isoform 2]: Cytoplasm {ECO:0000269|PubMed:9639531}.
O75694,,,,"SUBCELLULAR LOCATION: Nucleus, nuclear pore complex {ECO:0000250|UniProtKB:P37199}. Nucleus membrane {ECO:0000250|UniProtKB:P37199}; Peripheral membrane protein {ECO:0000250|UniProtKB:P37199}; Cytoplasmic side {ECO:0000250|UniProtKB:P37199}. Nucleus membrane {ECO:0000250|UniProtKB:P37199}; Peripheral membrane protein {ECO:0000250|UniProtKB:P37199}; Nucleoplasmic side {ECO:0000250|UniProtKB:P37199}. Note=In mitosis, assumes a diffuse cytoplasmic distribution probably as a monomer, before reversing back into a punctate nuclear surface localization at the end of mitosis. {ECO:0000250|UniProtKB:P37199}."
O75845,,"TRANSMEM 32..52; /note=""Helical""; /evidence=""ECO:0000255""; TRANSMEM 79..99; /note=""Helical""; /evidence=""ECO:0000255""; TRANSMEM 117..137; /note=""Helical""; /evidence=""ECO:0000255""; TRANSMEM 186..206; /note=""Helical""; /evidence=""ECO:0000255""",,SUBCELLULAR LOCATION: Endoplasmic reticulum membrane {ECO:0000269|PubMed:10786622}; Multi-pass membrane protein {ECO:0000255}.
O75915,,"TRANSMEM 36..56; /note=""Helical""; /evidence=""ECO:0000255""; TRANSMEM 57..77; /note=""Helical""; /evidence=""ECO:0000255""; TRANSMEM 94..114; /note=""Helical""; /evidence=""ECO:0000255""; TRANSMEM 115..135; /note=""Helical""; /evidence=""ECO:0000255""","TOPO_DOM 1..35; /note=""Cytoplasmic""; /evidence=""ECO:0000250""; TOPO_DOM 78..93; /note=""Cytoplasmic""; /evidence=""ECO:0000250""; TOPO_DOM 136..188; /note=""Cytoplasmic""; /evidence=""ECO:0000250""","SUBCELLULAR LOCATION: Endoplasmic reticulum membrane {ECO:0000250|UniProtKB:Q9ES40}; Multi-pass membrane protein {ECO:0000255}. Cell membrane {ECO:0000250|UniProtKB:Q9ES40}; Multi-pass membrane protein {ECO:0000255}. Cytoplasm {ECO:0000250|UniProtKB:Q9ES40}. Cytoplasm, cytoskeleton {ECO:0000250|UniProtKB:Q9ES40}. Note=Also exists as a soluble form in the cytoplasm. Associated with microtubules. {ECO:0000250|UniProtKB:Q9ES40}."
O75943,,,,"SUBCELLULAR LOCATION: Nucleus {ECO:0000269|PubMed:10232579, ECO:0000269|PubMed:10593953, ECO:0000269|PubMed:11799063, ECO:0000269|PubMed:12400013}. Chromosome {ECO:0000269|PubMed:24534091}. Note=Phosphorylated form redistributes to discrete nuclear foci upon DNA damage (PubMed:11799063). Localizes to DNA double-strand breaks (DSBs) (PubMed:24534091). {ECO:0000269|PubMed:11799063, ECO:0000269|PubMed:24534091}."
O75962,,,,SUBCELLULAR LOCATION: Cytoplasm {ECO:0000305|PubMed:22155786}. Cell projection {ECO:0000250|UniProtKB:Q0KL02}.
O76062,,"TRANSMEM 13..35; /note=""Helical""; /evidence=""ECO:0000255""; TRANSMEM 62..81; /note=""Helical""; /evidence=""ECO:0000255""; TRANSMEM 102..124; /note=""Helical""; /evidence=""ECO:0000255""; TRANSMEM 129..148; /note=""Helical""; /evidence=""ECO:0000255""; TRANSMEM 255..277; /note=""Helical""; /evidence=""ECO:0000255""; TRANSMEM 287..304; /note=""Helical""; /evidence=""ECO:0000255""; TRANSMEM 355..377; /note=""Helical""; /evidence=""ECO:0000255""",,SUBCELLULAR LOCATION: Microsome membrane {ECO:0000250|UniProtKB:Q71KT5}; Multi-pass membrane protein {ECO:0000255}. Endoplasmic reticulum membrane {ECO:0000269|PubMed:9878250}; Multi-pass membrane protein {ECO:0000255}.
O94855,,,,"SUBCELLULAR LOCATION: Cytoplasmic vesicle, COPII-coated vesicle membrane {ECO:0000269|PubMed:10329445}; Peripheral membrane protein {ECO:0000250|UniProtKB:P53992}; Cytoplasmic side {ECO:0000250|UniProtKB:P53992}. Endoplasmic reticulum membrane {ECO:0000305|PubMed:10329445}; Peripheral membrane protein {ECO:0000250|UniProtKB:P53992}; Cytoplasmic side {ECO:0000250|UniProtKB:P53992}. Cytoplasm, cytosol {ECO:0000250|UniProtKB:P53992}."
O94887,,,,
O95140,,"TRANSMEM 605..625; /note=""Helical; Name=1""; /evidence=""ECO:0000255""; TRANSMEM 627..647; /note=""Helical; Name=2""; /evidence=""ECO:0000255""","TOPO_DOM 1..604; /note=""Cytoplasmic""; /evidence=""ECO:0000255""; TOPO_DOM 626; /note=""Mitochondrial intermembrane""; /evidence=""ECO:0000255""; TOPO_DOM 648..757; /note=""Cytoplasmic""; /evidence=""ECO:0000255""","SUBCELLULAR LOCATION: Mitochondrion outer membrane {ECO:0000269|PubMed:11181170, ECO:0000269|PubMed:11950885, ECO:0000269|PubMed:12499352, ECO:0000269|PubMed:23620051, ECO:0000269|PubMed:26214738}; Multi-pass membrane protein {ECO:0000269|PubMed:11181170, ECO:0000269|PubMed:11950885, ECO:0000269|PubMed:12499352, ECO:0000269|PubMed:23620051}. Note=Colocalizes with BAX during apoptosis. {ECO:0000269|PubMed:12499352}."
O95400,,,,SUBCELLULAR LOCATION: Cytoplasm. Nucleus. Note=Predominantly nuclear.
O95456,,,,SUBCELLULAR LOCATION: Cytoplasm. Endoplasmic reticulum.
O95486,,,,"SUBCELLULAR LOCATION: Cytoplasmic vesicle, COPII-coated vesicle membrane {ECO:0000305|PubMed:17499046}; Peripheral membrane protein {ECO:0000305|PubMed:17499046}; Cytoplasmic side {ECO:0000305|PubMed:17499046}. Endoplasmic reticulum membrane {ECO:0000305|PubMed:17499046}; Peripheral membrane protein {ECO:0000305|PubMed:17499046}; Cytoplasmic side {ECO:0000305|PubMed:17499046}. Cytoplasm, cytosol {ECO:0000305|PubMed:17499046}."
O95602,,,,"SUBCELLULAR LOCATION: Nucleus, nucleolus {ECO:0000269|PubMed:36271492, ECO:0000269|PubMed:36917474, ECO:0000305|PubMed:34887565}. Chromosome {ECO:0000250|UniProtKB:O35134}."
O95817,,,,SUBCELLULAR LOCATION: Nucleus {ECO:0000269|PubMed:26159920}. Cytoplasm {ECO:0000269|PubMed:26159920}. Note=Colocalizes with HSF1 to the nucleus upon heat stress (PubMed:26159920). {ECO:0000269|PubMed:26159920}.
O95861,,,,
P00966,,,,"SUBCELLULAR LOCATION: Cytoplasm, cytosol {ECO:0000269|PubMed:28985504, ECO:0000305|PubMed:27287393}."
P01106,,,,"SUBCELLULAR LOCATION: Nucleus, nucleoplasm {ECO:0000269|PubMed:17558397}. Nucleus, nucleolus {ECO:0000269|PubMed:17558397, ECO:0000269|PubMed:25775507, ECO:0000269|PubMed:38225354}. Nucleus {ECO:0000269|PubMed:22719065, ECO:0000269|PubMed:38225354}. Cytoplasm {ECO:0000269|PubMed:22719065}. Chromosome {ECO:0000269|PubMed:30158517}. Note=Association with chromatin is reduced by hyperphosphorylation (PubMed:30158517). Localization to the nucleolus is dependent on HEATR1 (PubMed:38225354). {ECO:0000269|PubMed:30158517, ECO:0000269|PubMed:38225354}."
P00519,,,,"SUBCELLULAR LOCATION: Cytoplasm, cytoskeleton. Nucleus. Mitochondrion {ECO:0000250}. Note=Shuttles between the nucleus and cytoplasm depending on environmental signals. Sequestered into the cytoplasm through interaction with 14-3-3 proteins. Localizes to mitochondria in response to oxidative stress (By similarity). {ECO:0000250}.; SUBCELLULAR LOCATION: [Isoform IB]: Nucleus membrane; Lipid-anchor. Note=The myristoylated c-ABL protein is reported to be nuclear."
O75832,,,,SUBCELLULAR LOCATION: Cytoplasm {ECO:0000269|PubMed:18040287}. Nucleus {ECO:0000269|PubMed:18040287}.
O95235,,,,"SUBCELLULAR LOCATION: Golgi apparatus {ECO:0000250}. Cytoplasm, cytoskeleton, spindle {ECO:0000269|PubMed:12939256, ECO:0000269|PubMed:29357359}. Note=Localizes to the spindle midzone during anaphase and telophase. {ECO:0000269|PubMed:29357359}."
O95239,,,,"SUBCELLULAR LOCATION: Nucleus matrix {ECO:0000269|PubMed:11736643}. Cytoplasm {ECO:0000269|PubMed:11736643}. Cytoplasm, cytoskeleton, spindle {ECO:0000269|PubMed:15297875, ECO:0000269|PubMed:29848660}. Midbody {ECO:0000269|PubMed:15297875, ECO:0000269|PubMed:29848660}. Chromosome {ECO:0000269|PubMed:11736643, ECO:0000269|PubMed:15297875, ECO:0000269|PubMed:29848660}. Note=Associates with chromosomes at all stage of mitosis (PubMed:11736643, PubMed:15297875, PubMed:15625105). Chromatin localization is dependent on iron-sulfur cluster binding (PubMed:29848660). In anaphase, associates with the mitotic spindle midzone (PubMed:15297875). In telophase and cytokinesis, co-localizes with CIAO2B at the spindle midzone and midbody (PubMed:15297875, PubMed:29848660). Co-localizes with PRC1 in early mitosis and at the spindle midzone from anaphase B to telophase (PubMed:15297875, PubMed:15625105). Does not localize to the nucleolus (PubMed:11736643). {ECO:0000269|PubMed:11736643, ECO:0000269|PubMed:15297875, ECO:0000269|PubMed:15625105, ECO:0000269|PubMed:29848660}."
O94868,,,,"SUBCELLULAR LOCATION: Cytoplasm {ECO:0000250|UniProtKB:Q3USJ8}. Cell junction {ECO:0000269|PubMed:14627983}. Membrane, clathrin-coated pit {ECO:0000269|PubMed:29887380, ECO:0000269|PubMed:30249660}. Cell membrane {ECO:0000269|PubMed:14627983, ECO:0000269|PubMed:29887380, ECO:0000269|PubMed:30249660}; Peripheral membrane protein {ECO:0000269|PubMed:14627983, ECO:0000269|PubMed:30249660}; Cytoplasmic side {ECO:0000269|PubMed:14627983, ECO:0000269|PubMed:30249660}. Cell projection, stereocilium {ECO:0000250|UniProtKB:Q3USJ8}. Note=Partially localized at clathrin-coated pits at the cell membrane (PubMed:30249660). Detected at the cell membrane at sites around clathrin-coated pits, very close to the clathrin-coated pits but not an intrinsic part of the clathrin-coated pits (PubMed:29887380). Colocalizes at cell-cell contacts with CDH1, but is not detected at tight junctions (PubMed:14627983). {ECO:0000269|PubMed:14627983, ECO:0000269|PubMed:29887380, ECO:0000269|PubMed:30249660}."
O95433,,,,"SUBCELLULAR LOCATION: Cytoplasm, cytosol {ECO:0000269|PubMed:11554768}. Endoplasmic reticulum {ECO:0000269|PubMed:11554768}. Note=May transiently interact with the endoplasmic reticulum."
O96011,,"TRANSMEM 233..255; /note=""Helical""; /evidence=""ECO:0000255""",,"SUBCELLULAR LOCATION: Peroxisome membrane {ECO:0000269|PubMed:10704444, ECO:0000269|PubMed:20826455, ECO:0000269|PubMed:9792670, ECO:0000269|PubMed:9826565}; Single-pass membrane protein {ECO:0000269|PubMed:10704444, ECO:0000269|PubMed:9792670, ECO:0000269|PubMed:9826565}."
P00533,"SIGNAL 1..24; /evidence=""ECO:0000269|PubMed:15340161, ECO:0000269|PubMed:6328312, ECO:0000269|Ref.16""","TRANSMEM 646..668; /note=""Helical""; /evidence=""ECO:0000255""","TOPO_DOM 25..645; /note=""Extracellular""; /evidence=""ECO:0000255""; TOPO_DOM 669..1210; /note=""Cytoplasmic""; /evidence=""ECO:0000255""","SUBCELLULAR LOCATION: Cell membrane {ECO:0000269|PubMed:17182860, ECO:0000269|PubMed:20462955, ECO:0000269|PubMed:23589287, ECO:0000269|PubMed:26918609, ECO:0000269|PubMed:27153536, ECO:0000269|PubMed:2790960, ECO:0000269|PubMed:35538033}; Single-pass type I membrane protein {ECO:0000269|PubMed:27153536}. Endoplasmic reticulum membrane {ECO:0000269|PubMed:27153536}; Single-pass type I membrane protein. Golgi apparatus membrane; Single-pass type I membrane protein. Nucleus membrane; Single-pass type I membrane protein. Endosome {ECO:0000269|PubMed:17182860, ECO:0000269|PubMed:27153536}. Endosome membrane. Nucleus {ECO:0000269|PubMed:17115032, ECO:0000269|PubMed:17909029, ECO:0000269|PubMed:20551055, ECO:0000269|PubMed:20674546}. Note=In response to EGF, translocated from the cell membrane to the nucleus via Golgi and ER (PubMed:17909029, PubMed:20674546). Endocytosed upon activation by ligand (PubMed:17182860, PubMed:17909029, PubMed:27153536, PubMed:2790960). Colocalized with GPER1 in the nucleus of estrogen agonist-induced cancer-associated fibroblasts (CAF) (PubMed:20551055). {ECO:0000269|PubMed:17182860, ECO:0000269|PubMed:17909029, ECO:0000269|PubMed:20674546, ECO:0000269|PubMed:27153536, ECO:0000269|PubMed:2790960}.; SUBCELLULAR LOCATION: [Isoform 2]: Secreted."
O95864,,"TRANSMEM 132..152; /note=""Helical""; /evidence=""ECO:0000255""; TRANSMEM 158..178; /note=""Helical""; /evidence=""ECO:0000255""; TRANSMEM 265..285; /note=""Helical""; /evidence=""ECO:0000255""; TRANSMEM 306..326; /note=""Helical""; /evidence=""ECO:0000255""","TOPO_DOM 1..131; /note=""Cytoplasmic""; /evidence=""ECO:0000305""; TOPO_DOM 153..157; /note=""Lumenal""; /evidence=""ECO:0000305""; TOPO_DOM 179..264; /note=""Cytoplasmic""; /evidence=""ECO:0000305""; TOPO_DOM 286..305; /note=""Lumenal""; /evidence=""ECO:0000305""; TOPO_DOM 327..444; /note=""Cytoplasmic""; /evidence=""ECO:0000305""",SUBCELLULAR LOCATION: Endoplasmic reticulum membrane {ECO:0000305}; Multi-pass membrane protein {ECO:0000305}.
P00558,,,,"SUBCELLULAR LOCATION: Cytoplasm, cytosol {ECO:0000269|PubMed:36849569}. Mitochondrion matrix {ECO:0000269|PubMed:26942675, ECO:0000269|PubMed:36849569}. Note=Hypoxic conditions promote mitochondrial targeting (PubMed:26942675). Targeted to the mitochondrion following phosphorylation by MAPK1/ERK2, cis-trans isomerization by PIN1, and binding to mitochondrial circRNA mcPGK1 (PubMed:36849569). {ECO:0000269|PubMed:26942675, ECO:0000269|PubMed:36849569}."
O75448,,,,SUBCELLULAR LOCATION: Nucleus {ECO:0000305}.
O75787,"SIGNAL 1..16; /evidence=""ECO:0000255""","TRANSMEM 303..323; /note=""Helical""; /evidence=""ECO:0000255""","TOPO_DOM 17..302; /note=""Extracellular""; /evidence=""ECO:0000255""; TOPO_DOM 324..350; /note=""Cytoplasmic""; /evidence=""ECO:0000255""","SUBCELLULAR LOCATION: Endoplasmic reticulum membrane {ECO:0000269|PubMed:29127204}; Single-pass type I membrane protein {ECO:0000305}. Lysosome membrane {ECO:0000269|PubMed:29127204}; Single-pass type I membrane protein {ECO:0000305}. Cytoplasmic vesicle, autophagosome membrane {ECO:0000250|UniProtKB:Q9CYN9}; Single-pass type I membrane protein {ECO:0000305}. Cell projection, dendritic spine membrane {ECO:0000250|UniProtKB:Q9CYN9}; Single-pass type I membrane protein {ECO:0000305}. Cell projection, axon {ECO:0000250|UniProtKB:Q9CYN9}. Endosome membrane {ECO:0000250|UniProtKB:Q9CYN9}; Single-pass type I membrane protein {ECO:0000305}. Cytoplasmic vesicle, clathrin-coated vesicle membrane {ECO:0000250|UniProtKB:Q6AXS4}; Single-pass type I membrane protein {ECO:0000305}. Cytoplasmic vesicle, secretory vesicle, synaptic vesicle membrane {ECO:0000250|UniProtKB:Q6AXS4}; Single-pass type I membrane protein {ECO:0000305}."
O95292,,"TRANSMEM 223..243; /note=""Helical; Anchor for type IV membrane protein""; /evidence=""ECO:0000255""","TOPO_DOM 2..222; /note=""Cytoplasmic""; /evidence=""ECO:0000255""","SUBCELLULAR LOCATION: Endoplasmic reticulum membrane {ECO:0000269|PubMed:32344433, ECO:0000269|PubMed:33124732}; Single-pass type IV membrane protein {ECO:0000250|UniProtKB:Q9P0L0}. Note=Present in mitochondria-associated membranes that are endoplasmic reticulum membrane regions closely apposed to the outer mitochondrial membrane. {ECO:0000269|PubMed:22131369}."
O75586,,,,SUBCELLULAR LOCATION: Nucleus.
O94979,,,,"SUBCELLULAR LOCATION: Cytoplasm {ECO:0000250}. Cytoplasmic vesicle, COPII-coated vesicle membrane {ECO:0000269|PubMed:10788476, ECO:0000269|PubMed:16957052, ECO:0000269|PubMed:22358839, ECO:0000269|PubMed:27716508}; Peripheral membrane protein; Cytoplasmic side. Endoplasmic reticulum membrane {ECO:0000250}; Peripheral membrane protein {ECO:0000250}. Cytoplasm, cytosol {ECO:0000269|PubMed:17428803}. Note=Associates with membranes in a GTP-dependent manner (By similarity). Localizes to endoplasmic reticulum exit sites (ERES), also known as transitional endoplasmic reticulum (tER) (PubMed:17428803, PubMed:25201882, PubMed:28442536). {ECO:0000250|UniProtKB:Q9Z2Q1, ECO:0000269|PubMed:17428803, ECO:0000269|PubMed:25201882, ECO:0000269|PubMed:28442536}."
O96013,,,,"SUBCELLULAR LOCATION: Cytoplasm {ECO:0000269|PubMed:12356872, ECO:0000269|PubMed:26598620}. Note=Seems to shuttle between cytoplasmic compartments depending on the activating effector. For example, can be found on the cell periphery after activation of growth-factor or integrin-mediated signaling pathways. {ECO:0000269|PubMed:12356872}."
O95819,,,,SUBCELLULAR LOCATION: Cytoplasm {ECO:0000269|PubMed:14966141}.
O96017,,,,"SUBCELLULAR LOCATION: [Isoform 2]: Nucleus. Note=Isoform 10 is present throughout the cell.; SUBCELLULAR LOCATION: [Isoform 4]: Nucleus.; SUBCELLULAR LOCATION: [Isoform 7]: Nucleus.; SUBCELLULAR LOCATION: [Isoform 9]: Nucleus.; SUBCELLULAR LOCATION: [Isoform 12]: Nucleus.; SUBCELLULAR LOCATION: Nucleus, PML body. Nucleus, nucleoplasm. Note=Recruited into PML bodies together with TP53."
O95478,,,,"SUBCELLULAR LOCATION: Nucleus, nucleolus {ECO:0000269|PubMed:12429849}."
O95757,,,,SUBCELLULAR LOCATION: Cytoplasm {ECO:0000250}. Nucleus {ECO:0000250}. Note=May translocate to the nucleus after heat shock. {ECO:0000250}.
O75953,,,,
O94988,,,,
P02786,,"TRANSMEM 68..88; /note=""Helical; Signal-anchor for type II membrane protein""; /evidence=""ECO:0000255""","TOPO_DOM 1..67; /note=""Cytoplasmic""; /evidence=""ECO:0000255""; TOPO_DOM 89..760; /note=""Extracellular""; /evidence=""ECO:0000255""","SUBCELLULAR LOCATION: Cell membrane {ECO:0000269|PubMed:17081065}; Single-pass type II membrane protein {ECO:0000269|PubMed:17081065}. Melanosome {ECO:0000269|PubMed:17081065}. Note=Identified by mass spectrometry in melanosome fractions from stage I to stage IV. {ECO:0000269|PubMed:17081065}.; SUBCELLULAR LOCATION: [Transferrin receptor protein 1, serum form]: Secreted {ECO:0000269|PubMed:17081065}."
P04406,,,,"SUBCELLULAR LOCATION: Cytoplasm, cytosol {ECO:0000269|PubMed:12829261}. Nucleus {ECO:0000250|UniProtKB:P04797}. Cytoplasm, perinuclear region {ECO:0000269|PubMed:12829261}. Membrane {ECO:0000269|PubMed:12829261}. Cytoplasm, cytoskeleton {ECO:0000250|UniProtKB:P04797}. Note=Translocates to the nucleus following S-nitrosylation and interaction with SIAH1, which contains a nuclear localization signal (By similarity). Postnuclear and Perinuclear regions (PubMed:12829261). {ECO:0000250|UniProtKB:P04797, ECO:0000269|PubMed:12829261}."
P04626,"SIGNAL 1..22; /evidence=""ECO:0000255""","TRANSMEM 653..675; /note=""Helical""; /evidence=""ECO:0000255""","TOPO_DOM 23..652; /note=""Extracellular""; /evidence=""ECO:0000255""; TOPO_DOM 676..1255; /note=""Cytoplasmic""; /evidence=""ECO:0000255""","SUBCELLULAR LOCATION: Cell membrane {ECO:0000269|PubMed:32381043}; Single-pass type I membrane protein {ECO:0000255}. Cell projection, ruffle membrane {ECO:0000269|PubMed:34380438}; Single-pass type I membrane protein {ECO:0000255}. Note=Internalized from the cell membrane in response to EGF stimulation. {ECO:0000269|PubMed:32381043}.; SUBCELLULAR LOCATION: [Isoform 1]: Cell membrane {ECO:0000269|PubMed:31138794, ECO:0000269|PubMed:33497358}; Single-pass type I membrane protein {ECO:0000255}. Early endosome {ECO:0000269|PubMed:31138794}. Cytoplasm, perinuclear region. Nucleus. Note=Translocation to the nucleus requires endocytosis, probably endosomal sorting and is mediated by importin beta-1/KPNB1. Also detected in VPS35-positive endosome-to-TGN retrograde vesicles (PubMed:31138794). {ECO:0000269|PubMed:31138794}.; SUBCELLULAR LOCATION: [Isoform 2]: Cytoplasm. Nucleus.; SUBCELLULAR LOCATION: [Isoform 3]: Cytoplasm. Nucleus."
P04844,"SIGNAL 1..22; /evidence=""ECO:0000269|PubMed:12665801""","TRANSMEM 541..561; /note=""Helical""; /evidence=""ECO:0000255""; TRANSMEM 572..592; /note=""Helical""; /evidence=""ECO:0000255""; TRANSMEM 597..617; /note=""Helical""; /evidence=""ECO:0000255""","TOPO_DOM 23..540; /note=""Lumenal""; /evidence=""ECO:0000255""; TOPO_DOM 562..571; /note=""Cytoplasmic""; /evidence=""ECO:0000255""; TOPO_DOM 593..596; /note=""Lumenal""; /evidence=""ECO:0000255""; TOPO_DOM 618..631; /note=""Cytoplasmic""; /evidence=""ECO:0000255""",SUBCELLULAR LOCATION: Endoplasmic reticulum {ECO:0000250|UniProtKB:F1PCT7}. Endoplasmic reticulum membrane; Multi-pass membrane protein {ECO:0000305}.
P05204,,,,SUBCELLULAR LOCATION: Nucleus {ECO:0000269|PubMed:10739259}. Cytoplasm {ECO:0000269|PubMed:10739259}. Note=Cytoplasmic enrichment upon phosphorylation.
P07197,,,,"SUBCELLULAR LOCATION: Cytoplasm, cytoskeleton {ECO:0000269|PubMed:18726912}. Cell projection, axon {ECO:0000269|PubMed:18726912}. Perikaryon {ECO:0000269|PubMed:18726912}."
P07737,,,,"SUBCELLULAR LOCATION: Cytoplasm, cytoskeleton."
P07910,,,,SUBCELLULAR LOCATION: Nucleus {ECO:0000269|PubMed:37599448}. Note=Component of ribonucleosomes.
P08670,,,,"SUBCELLULAR LOCATION: Cytoplasm {ECO:0000269|PubMed:19386766, ECO:0000269|PubMed:21465480, ECO:0000269|PubMed:29496907}. Cytoplasm, cytoskeleton {ECO:0000269|PubMed:18408015, ECO:0000269|PubMed:29496907}. Nucleus matrix {ECO:0000250|UniProtKB:P31000}. Cell membrane {ECO:0000250|UniProtKB:P20152}. Cell projection, axon {ECO:0000250|UniProtKB:P20152}."
P09496,,,,"SUBCELLULAR LOCATION: Cytoplasmic vesicle membrane; Peripheral membrane protein; Cytoplasmic side. Membrane, coated pit; Peripheral membrane protein; Cytoplasmic side. Cytoplasm, cytoskeleton, spindle {ECO:0000269|PubMed:21297582, ECO:0000305|PubMed:15858577}. Note=Cytoplasmic face of coated pits and vesicles. In complex with TACC3 and CKAP5 (forming the TACC3/ch-TOG/clathrin complex) localized to inter-microtubule bridges in mitotic spindles. {ECO:0000305}."
P09874,,,,"SUBCELLULAR LOCATION: Chromosome {ECO:0000269|PubMed:15607977, ECO:0000269|PubMed:22683995, ECO:0000269|PubMed:23230272, ECO:0000269|PubMed:26344098, ECO:0000269|PubMed:27568560, ECO:0000269|PubMed:30675909, ECO:0000269|PubMed:32241924, ECO:0000269|PubMed:32358582, ECO:0000269|PubMed:33412112, ECO:0000269|PubMed:34625544, ECO:0000269|PubMed:34795260, ECO:0000269|PubMed:35013556}. Nucleus {ECO:0000269|PubMed:17177976, ECO:0000269|PubMed:21799911, ECO:0000269|PubMed:23230272, ECO:0000269|PubMed:35460603}. Nucleus, nucleolus {ECO:0000269|PubMed:9518481}. Cytoplasm, cytosol {ECO:0000269|PubMed:35460603}. Note=Localizes to sites of DNA damage (PubMed:22683995, PubMed:23230272, PubMed:26344098, PubMed:27568560, PubMed:30675909, PubMed:32241924, PubMed:32358582, PubMed:34625544, PubMed:34795260). Recognizes (via PARP-type zinc-fingers) and binds DNA strand breaks (PubMed:22683995). Also binds normal/undamaged chromatin (PubMed:15607977). Auto poly-ADP-ribosylation promotes dissociation from chromatin (PubMed:15607977, PubMed:30675909, PubMed:32358582, PubMed:34625544). Extracted from chromatin by VCP/p97 following sumoylation and ubiquitination (PubMed:35013556). Translocates from the nucleus to the cytosol following phosphorylation by PRKDC (PubMed:35460603). Recruited to replication forks following interaction with CARM1 (PubMed:33412112). {ECO:0000269|PubMed:15607977, ECO:0000269|PubMed:22683995, ECO:0000269|PubMed:23230272, ECO:0000269|PubMed:26344098, ECO:0000269|PubMed:27568560, ECO:0000269|PubMed:30675909, ECO:0000269|PubMed:32241924, ECO:0000269|PubMed:32358582, ECO:0000269|PubMed:33412112, ECO:0000269|PubMed:34625544, ECO:0000269|PubMed:34795260, ECO:0000269|PubMed:35013556, ECO:0000269|PubMed:35460603}.; SUBCELLULAR LOCATION: [Poly [ADP-ribose] polymerase 1, processed N-terminus]: Chromosome {ECO:0000269|PubMed:33168626, ECO:0000269|PubMed:35104452, ECO:0000269|PubMed:9721847}. Note=Following cleavage by caspase-3 (CASP3) and caspase-7 (CASP7) in response to apoptosis, this cleavage form irreversibly binds to DNA breaks. {ECO:0000269|PubMed:33168626, ECO:0000269|PubMed:35104452, ECO:0000269|PubMed:9721847}.; SUBCELLULAR LOCATION: [Poly [ADP-ribose] polymerase 1, processed C-terminus]: Cytoplasm {ECO:0000269|PubMed:33168626}. Note=Following cleavage by caspase-3 (CASP3) and caspase-7 (CASP7) in response to apoptosis, translocates into the cytoplasm, where the auto-poly-ADP-ribosylated form serves as a poly-ADP-ribose carrier to induce AIFM1-mediated apoptosis. {ECO:0000269|PubMed:33168626}."
P0DI81,,,,"SUBCELLULAR LOCATION: Cytoplasm, perinuclear region {ECO:0000269|PubMed:11031107}. Endoplasmic reticulum-Golgi intermediate compartment {ECO:0000269|PubMed:11031107}. Nucleus {ECO:0000269|PubMed:20498720, ECO:0000269|PubMed:25918224}. Cytoplasm {ECO:0000269|PubMed:20498720}. Note=Localized in perinuclear granular structures. {ECO:0000269|PubMed:11031107}."
P0DPB6,,,,"SUBCELLULAR LOCATION: Nucleus {ECO:0000269|PubMed:33335104}. Nucleus, nucleolus {ECO:0000305|PubMed:34887565}."
P12004,,,,"SUBCELLULAR LOCATION: Nucleus {ECO:0000269|PubMed:15543136, ECO:0000269|PubMed:24115439, ECO:0000269|PubMed:24939902, ECO:0000269|PubMed:38459011}. Note=Colocalizes with CREBBP, EP300 and POLD1 to sites of DNA damage (PubMed:24939902). Forms nuclear foci representing sites of ongoing DNA replication and vary in morphology and number during S phase (PubMed:15543136). Co-localizes with SMARCA5/SNF2H and BAZ1B/WSTF at replication foci during S phase (PubMed:15543136). Together with APEX2, is redistributed in discrete nuclear foci in presence of oxidative DNA damaging agents. {ECO:0000269|PubMed:15543136, ECO:0000269|PubMed:24939902}."
P12814,,,,"SUBCELLULAR LOCATION: Cytoplasm, cytoskeleton {ECO:0000269|PubMed:24069336, ECO:0000269|PubMed:7750553}. Cytoplasm, myofibril, sarcomere, Z line {ECO:0000269|PubMed:7750553}. Cell membrane {ECO:0000269|PubMed:22689882}. Cell junction {ECO:0000250|UniProtKB:Q9Z1P2}. Cell projection, ruffle {ECO:0000250|UniProtKB:Q7TPR4}. Note=Colocalizes with MYOZ2 and PPP3CA at the Z-line of heart and skeletal muscle. Colocalizes with PSD in membrane ruffles and central reticular structures. {ECO:0000250|UniProtKB:Q7TPR4}."
P02794,,,,"SUBCELLULAR LOCATION: Cytoplasm {ECO:0000269|PubMed:26436293}. Lysosome {ECO:0000269|PubMed:26436293}. Cytoplasmic vesicle, autophagosome {ECO:0000269|PubMed:24695223}."
P05423,,,,SUBCELLULAR LOCATION: Nucleus {ECO:0000269|PubMed:33335104}.
P05783,,,,"SUBCELLULAR LOCATION: Nucleus matrix {ECO:0000250|UniProtKB:Q5BJY9}. Cytoplasm, perinuclear region. Nucleus, nucleolus {ECO:0000269|PubMed:22002106}. Cytoplasm {ECO:0000250|UniProtKB:Q5BJY9}."
P08134,,,,SUBCELLULAR LOCATION: Cell membrane {ECO:0000305}; Lipid-anchor {ECO:0000305}; Cytoplasmic side {ECO:0000305}. Cleavage furrow {ECO:0000269|PubMed:16236794}. Note=Translocates to the equatorial region before furrow formation in a ECT2-dependent manner.
P09382,,,,"SUBCELLULAR LOCATION: Secreted, extracellular space, extracellular matrix {ECO:0000269|PubMed:14617626}. Cytoplasm {ECO:0000269|PubMed:32272059}. Secreted {ECO:0000269|PubMed:32272059}. Note=Can be secreted; the secretion is dependent on protein unfolding and facilitated by the cargo receptor TMED10; it results in protein translocation from the cytoplasm into the ERGIC (endoplasmic reticulum-Golgi intermediate compartment) followed by vesicle entry and secretion. {ECO:0000269|PubMed:32272059}."
P0CG47,,,,SUBCELLULAR LOCATION: [Ubiquitin]: Cytoplasm {ECO:0000250}. Nucleus {ECO:0000250}. Mitochondrion outer membrane {ECO:0000269|PubMed:24751536}; Peripheral membrane protein {ECO:0000305|PubMed:24751536}.
P10301,,,,SUBCELLULAR LOCATION: Cell membrane {ECO:0000250}; Lipid-anchor {ECO:0000250}; Cytoplasmic side {ECO:0000250}. Note=Inner surface of plasma membrane possibly with attachment requiring acylation of the C-terminal cysteine (By similarity with RAS).
P10398,,,,
P11274,,,,"SUBCELLULAR LOCATION: Postsynaptic density {ECO:0000250|UniProtKB:Q6PAJ1}. Cell projection, dendritic spine {ECO:0000250|UniProtKB:Q6PAJ1}. Cell projection, axon {ECO:0000250|UniProtKB:Q6PAJ1}. Synapse {ECO:0000250|UniProtKB:F1LXF1}."
P12270,,,,"SUBCELLULAR LOCATION: Nucleus {ECO:0000269|PubMed:12802065}. Nucleus membrane {ECO:0000269|PubMed:11514627, ECO:0000269|PubMed:11952838, ECO:0000269|PubMed:18794356, ECO:0000269|PubMed:9024684, ECO:0000269|PubMed:9828100, ECO:0000269|PubMed:9864356}; Peripheral membrane protein {ECO:0000269|PubMed:11514627, ECO:0000269|PubMed:9024684, ECO:0000269|PubMed:9828100, ECO:0000269|PubMed:9864356}; Nucleoplasmic side {ECO:0000269|PubMed:11514627, ECO:0000269|PubMed:9024684, ECO:0000269|PubMed:9828100, ECO:0000269|PubMed:9864356}. Nucleus envelope {ECO:0000269|PubMed:12424524, ECO:0000269|PubMed:7798308}. Nucleus, nuclear pore complex {ECO:0000269|PubMed:11514627, ECO:0000269|PubMed:11839768, ECO:0000269|PubMed:12802065, ECO:0000269|PubMed:15229283, ECO:0000269|PubMed:18981471, ECO:0000269|PubMed:7798308, ECO:0000269|PubMed:9024684, ECO:0000269|PubMed:9828100, ECO:0000269|PubMed:9864356}. Cytoplasm {ECO:0000269|PubMed:11952838, ECO:0000269|PubMed:12802065}. Cytoplasm, cytoskeleton, spindle {ECO:0000269|PubMed:19273613}. Chromosome, centromere, kinetochore {ECO:0000269|PubMed:18981471}. Nucleus membrane {ECO:0000269|PubMed:12802065, ECO:0000269|PubMed:15229283, ECO:0000269|PubMed:7798308}; Peripheral membrane protein {ECO:0000269|PubMed:12802065, ECO:0000269|PubMed:15229283, ECO:0000269|PubMed:7798308}; Cytoplasmic side {ECO:0000269|PubMed:12802065, ECO:0000269|PubMed:15229283, ECO:0000269|PubMed:7798308}. Note=Detected as discrete intranuclear foci with IFI204 (By similarity). In interphase, localizes to the nucleoplasmic side of the nuclear pore complex (NPC) core structure, forming a fibrous structure called the nuclear basket (PubMed:34440706). Detected exclusively to the cytoplasmic margin of NPC (PubMed:7798308). Docking to the inner nucleoplasmic side of the NPC is mediated through binding to nucleoporins. Anchored by NUP153 to the NPC. The assembly of the NPC is a stepwise process in which Trp-containing peripheral structures assemble after other components, including p62. Detected as filaments that emanate from the nuclear basket of the NPC and extend to the nucleolus to delineate a chromatin-free network extending from the nuclear envelope to the perinucleolar region. Detected in diffuse and discrete spheroidal intranuclear foci. Nucleocytoplasmic shuttling protein imported into the nucleus in a XPO1/CRM1- and Importin alpha/Importin beta receptor-dependent manner. Remains localized to the nuclear membrane after poliovirus (PV) infection. During mitosis, remains associated with the nuclear envelope until prometaphase. Associated with the mitotic spindle from late prometaphase until anaphase. Reorganized during mitosis in a viscous and dynamic nuclear-derived spindle matrix that embeds the microtubule spindle apparatus from pole to pole in a microtubule-independent manner. Recruited to the reforming nuclear envelope during telophase and cytokinesis. Detected at kinetochores during prometaphase (PubMed:18981471). Colocalizes with MAD2L1 in the spindle matrix but not at kinetochore (PubMed:19273613). Colocalizes with dynein, dynactin, tubulin at kinetochore during the metaphase-anaphase transition. Colocalizes with DYNLL1 at the mitotic spindle. {ECO:0000250, ECO:0000269|PubMed:18981471, ECO:0000269|PubMed:19273613, ECO:0000269|PubMed:34440706, ECO:0000269|PubMed:7798308}."
P13639,,,,SUBCELLULAR LOCATION: Cytoplasm {ECO:0000269|PubMed:25064856}. Nucleus {ECO:0000269|PubMed:24648518}. Note=Phosphorylation by CSK promotes cleavage and SUMOylation-dependent nuclear translocation of the C-terminal cleavage product. {ECO:0000269|PubMed:24648518}.
P13645,,,,"SUBCELLULAR LOCATION: Secreted, extracellular space {ECO:0000269|PubMed:12427098}. Cell surface {ECO:0000269|PubMed:19627498}. Cytoplasm {ECO:0000269|PubMed:32179842}."
P04792,,,,"SUBCELLULAR LOCATION: Cytoplasm {ECO:0000269|PubMed:10777697, ECO:0000269|PubMed:28144995}. Nucleus {ECO:0000269|PubMed:19464326}. Cytoplasm, cytoskeleton, spindle {ECO:0000269|PubMed:10777697}. Note=Cytoplasmic in interphase cells. Colocalizes with mitotic spindles in mitotic cells. Translocates to the nucleus during heat shock and resides in sub-nuclear structures known as SC35 speckles or nuclear splicing speckles. {ECO:0000269|PubMed:19464326}."
P05412,,,,SUBCELLULAR LOCATION: Nucleus.
P06733,,,,"SUBCELLULAR LOCATION: Cytoplasm {ECO:0000269|PubMed:10802057}. Cell membrane {ECO:0000269|PubMed:10802057}. Cytoplasm, myofibril, sarcomere, M line {ECO:0000269|PubMed:10802057}. Note=Can translocate to the plasma membrane in either the homodimeric (alpha/alpha) or heterodimeric (alpha/gamma) form. ENO1 is localized to the M line.; SUBCELLULAR LOCATION: [Isoform MBP-1]: Nucleus."
P07947,,,,"SUBCELLULAR LOCATION: Cell membrane. Cytoplasm, cytoskeleton, microtubule organizing center, centrosome. Cytoplasm, cytosol. Cell junction {ECO:0000250|UniProtKB:Q28923}. Note=Newly synthesized protein initially accumulates in the Golgi region and traffics to the plasma membrane through the exocytic pathway. Localized to small puncta throughout the cytoplasm and cell membrane when in the presence of SNAIL1 (By similarity). {ECO:0000250|UniProtKB:Q28923}."
P08238,,,,"SUBCELLULAR LOCATION: Cytoplasm {ECO:0000269|PubMed:16580629, ECO:0000269|PubMed:18239673, ECO:0000269|PubMed:24880080, ECO:0000269|PubMed:9482106}. Melanosome {ECO:0000269|PubMed:17081065}. Nucleus {ECO:0000269|PubMed:18239673}. Secreted {ECO:0000269|PubMed:20599762}. Cell membrane {ECO:0000269|PubMed:20599762}. Dynein axonemal particle {ECO:0000250|UniProtKB:Q6AZV1}. Cell surface {ECO:0000269|PubMed:21949862}. Note=Identified by mass spectrometry in melanosome fractions from stage I to stage IV (PubMed:17081065). Translocates with BIRC2 from the nucleus to the cytoplasm during differentiation (PubMed:18239673). Secreted when associated with TGFB1 processed form (LAP) (PubMed:20599762). {ECO:0000269|PubMed:17081065, ECO:0000269|PubMed:18239673, ECO:0000269|PubMed:20599762}."
P08579,,,,"SUBCELLULAR LOCATION: Nucleus {ECO:0000269|PubMed:28076346, ECO:0000269|PubMed:28502770, ECO:0000269|PubMed:28781166}."
P09211,,,,"SUBCELLULAR LOCATION: Cytoplasm {ECO:0000269|PubMed:19269317}. Mitochondrion {ECO:0000269|PubMed:19269317}. Nucleus {ECO:0000269|PubMed:19269317}. Note=The 83 N-terminal amino acids function as un uncleaved transit peptide, and arginine residues within it are crucial for mitochondrial localization. {ECO:0000269|PubMed:19269317}."
P09234,,,,"SUBCELLULAR LOCATION: Nucleus {ECO:0000255|HAMAP-Rule:MF_03153, ECO:0000269|PubMed:2136774}."
P09497,,,,"SUBCELLULAR LOCATION: Cytoplasmic vesicle membrane; Peripheral membrane protein; Cytoplasmic side. Membrane, coated pit; Peripheral membrane protein; Cytoplasmic side. Note=Cytoplasmic face of coated pits and vesicles."
P0CG48,,,,SUBCELLULAR LOCATION: [Ubiquitin]: Cytoplasm {ECO:0000250}. Nucleus {ECO:0000250}. Mitochondrion outer membrane {ECO:0000269|PubMed:24751536}; Peripheral membrane protein {ECO:0000305|PubMed:24751536}.
P0DMV9,,,,"SUBCELLULAR LOCATION: Cytoplasm {ECO:0000269|PubMed:17289661}. Cytoplasm, cytoskeleton, microtubule organizing center, centrosome {ECO:0000269|PubMed:27137183}. Note=Localized in cytoplasmic mRNP granules containing untranslated mRNAs."
P0DP25,,,,"SUBCELLULAR LOCATION: Cytoplasm, cytoskeleton, spindle {ECO:0000269|PubMed:16760425}. Cytoplasm, cytoskeleton, spindle pole {ECO:0000269|PubMed:16760425}. Cytoplasm, cytoskeleton, microtubule organizing center, centrosome {ECO:0000269|PubMed:14654843}. Note=Distributed throughout the cell during interphase, but during mitosis becomes dramatically localized to the spindle poles and the spindle microtubules."
P13693,,,,SUBCELLULAR LOCATION: Cytoplasm {ECO:0000269|PubMed:9059837}.
P04049,,,,SUBCELLULAR LOCATION: Cytoplasm. Cell membrane. Mitochondrion. Nucleus. Note=Colocalizes with RGS14 and BRAF in both the cytoplasm and membranes. Phosphorylation at Ser-259 impairs its membrane accumulation. Recruited to the cell membrane by the active Ras protein. Phosphorylation at Ser-338 and Ser-339 by PAK1 is required for its mitochondrial localization. Retinoic acid-induced Ser-621 phosphorylated form of RAF1 is predominantly localized at the nucleus.
P06241,,,,"SUBCELLULAR LOCATION: Cytoplasm {ECO:0000269|PubMed:15537652, ECO:0000269|PubMed:8206991}. Nucleus {ECO:0000269|PubMed:15537652}. Cell membrane {ECO:0000269|PubMed:12218089, ECO:0000269|PubMed:8206991}. Perikaryon {ECO:0000250|UniProtKB:Q62844}. Note=Present and active in lipid rafts (PubMed:12218089). Palmitoylation is crucial for proper trafficking (PubMed:8206991). {ECO:0000269|PubMed:12218089, ECO:0000269|PubMed:8206991}."
P06748,,,,"SUBCELLULAR LOCATION: Nucleus, nucleolus {ECO:0000269|PubMed:19208757, ECO:0000269|PubMed:22528486, ECO:0000269|PubMed:25818168, ECO:0000269|PubMed:25956029, ECO:0000269|PubMed:28589727}. Nucleus, nucleoplasm {ECO:0000269|PubMed:25818168}. Cytoplasm, cytoskeleton, microtubule organizing center, centrosome {ECO:0000269|PubMed:14654843}. Note=Generally nucleolar, but is translocated to the nucleoplasm in case of serum starvation or treatment with anticancer drugs. Has been found in the cytoplasm in patients with primary acute myelogenous leukemia (AML), but not with secondary AML. Co-localizes with the methylated form of RPS10 in the granular component (GC) region of the nucleolus. Colocalized with nucleolin and APEX1 in nucleoli. Isoform 1 of NEK2 is required for its localization to the centrosome during mitosis. Can shuttle between cytoplasm and nucleus (PubMed:38231884). {ECO:0000269|PubMed:38231884}."
P07900,,,,SUBCELLULAR LOCATION: Nucleus {ECO:0000250|UniProtKB:P07901}. Cytoplasm {ECO:0000250|UniProtKB:P07901}. Melanosome {ECO:0000269|PubMed:17081065}. Cell membrane {ECO:0000269|PubMed:11276205}. Mitochondrion {ECO:0000269|PubMed:25609812}. Note=Identified by mass spectrometry in melanosome fractions from stage I to stage IV.
P07948,,,,"SUBCELLULAR LOCATION: Cell membrane. Nucleus. Cytoplasm. Cytoplasm, perinuclear region. Golgi apparatus. Membrane {ECO:0000305}; Lipid-anchor {ECO:0000305}. Note=Accumulates in the nucleus by inhibition of CRM1-mediated nuclear export. Nuclear accumulation is increased by inhibition of its kinase activity. The trafficking from the Golgi apparatus to the plasma membrane occurs in a kinase domain-dependent but kinase activity independent manner and is mediated by exocytic vesicular transport. Detected on plasma membrane lipid rafts."
P08069,"SIGNAL 1..30; /evidence=""ECO:0000269|PubMed:2877871, ECO:0000269|PubMed:8257688""","TRANSMEM 936..959; /note=""Helical""; /evidence=""ECO:0000255""","TOPO_DOM 741..935; /note=""Extracellular""; /evidence=""ECO:0000255""; TOPO_DOM 960..1367; /note=""Cytoplasmic""; /evidence=""ECO:0000255""",SUBCELLULAR LOCATION: Cell membrane {ECO:0000269|PubMed:17524361}; Single-pass type I membrane protein {ECO:0000269|PubMed:17524361}.
P08962,,"TRANSMEM 12..32; /note=""Helical""; /evidence=""ECO:0000255""; TRANSMEM 52..72; /note=""Helical""; /evidence=""ECO:0000255""; TRANSMEM 82..102; /note=""Helical""; /evidence=""ECO:0000255""; TRANSMEM 204..224; /note=""Helical""; /evidence=""ECO:0000255""","TOPO_DOM 2..11; /note=""Cytoplasmic""; /evidence=""ECO:0000255""; TOPO_DOM 33..51; /note=""Extracellular""; /evidence=""ECO:0000255""; TOPO_DOM 73..81; /note=""Cytoplasmic""; /evidence=""ECO:0000255""; TOPO_DOM 103..203; /note=""Extracellular""; /evidence=""ECO:0000255""; TOPO_DOM 225..238; /note=""Cytoplasmic""; /evidence=""ECO:0000255""","SUBCELLULAR LOCATION: Cell membrane {ECO:0000269|PubMed:15351990, ECO:0000269|PubMed:19640571, ECO:0000269|PubMed:23632027}; Multi-pass membrane protein {ECO:0000255}. Lysosome membrane {ECO:0000269|PubMed:17897319, ECO:0000269|PubMed:19640571, ECO:0000269|PubMed:1993697, ECO:0000269|PubMed:22431521, ECO:0000269|PubMed:23632027}; Multi-pass membrane protein {ECO:0000255}. Late endosome membrane {ECO:0000269|PubMed:10793155, ECO:0000269|PubMed:23632027}; Multi-pass membrane protein {ECO:0000255}. Endosome, multivesicular body {ECO:0000269|PubMed:21962903, ECO:0000269|PubMed:38682696}. Melanosome {ECO:0000269|PubMed:21962903}. Secreted, extracellular exosome {ECO:0000269|PubMed:22660413}. Cell surface {ECO:0000269|PubMed:16917503, ECO:0000269|PubMed:23632027, ECO:0000269|PubMed:24635319}. Note=Also found in Weibel-Palade bodies of endothelial cells (PubMed:10793155). Located in platelet dense granules (PubMed:7682577). Detected in a subset of pre-melanosomes. Detected on intralumenal vesicles (ILVs) within multivesicular bodies (PubMed:21962903). {ECO:0000269|PubMed:10793155, ECO:0000269|PubMed:21962903, ECO:0000269|PubMed:7682577}."
P0C0S5,,,,SUBCELLULAR LOCATION: Nucleus. Chromosome.
P10768,,,,SUBCELLULAR LOCATION: Cytoplasm. Cytoplasmic vesicle.
P11166,,"TRANSMEM 12..33; /note=""Helical; Name=1""; TRANSMEM 67..87; /note=""Helical; Name=2""; TRANSMEM 91..112; /note=""Helical; Name=3""; TRANSMEM 121..144; /note=""Helical; Name=4""; TRANSMEM 156..176; /note=""Helical; Name=5""; TRANSMEM 186..206; /note=""Helical; Name=6""; TRANSMEM 272..293; /note=""Helical; Name=7""; TRANSMEM 307..328; /note=""Helical; Name=8""; TRANSMEM 335..355; /note=""Helical; Name=9""; TRANSMEM 366..388; /note=""Helical; Name=10""; TRANSMEM 402..422; /note=""Helical; Name=11""; TRANSMEM 430..450; /note=""Helical; Name=12""","TOPO_DOM 1..11; /note=""Cytoplasmic""; /evidence=""ECO:0000269|PubMed:24847886""; TOPO_DOM 34..66; /note=""Extracellular""; /evidence=""ECO:0000269|PubMed:24847886""; TOPO_DOM 88..90; /note=""Cytoplasmic""; /evidence=""ECO:0000269|PubMed:24847886""; TOPO_DOM 113..120; /note=""Extracellular""; /evidence=""ECO:0000269|PubMed:24847886""; TOPO_DOM 145..155; /note=""Cytoplasmic""; /evidence=""ECO:0000269|PubMed:24847886""; TOPO_DOM 177..185; /note=""Extracellular""; /evidence=""ECO:0000269|PubMed:24847886""; TOPO_DOM 207..271; /note=""Cytoplasmic""; /evidence=""ECO:0000269|PubMed:24847886""; TOPO_DOM 294..306; /note=""Extracellular""; /evidence=""ECO:0000269|PubMed:24847886""; TOPO_DOM 329..334; /note=""Cytoplasmic""; /evidence=""ECO:0000269|PubMed:24847886""; TOPO_DOM 356..365; /note=""Extracellular""; /evidence=""ECO:0000269|PubMed:24847886""; TOPO_DOM 389..401; /note=""Cytoplasmic""; /evidence=""ECO:0000269|PubMed:24847886""; TOPO_DOM 423..429; /note=""Extracellular""; /evidence=""ECO:0000269|PubMed:24847886""; TOPO_DOM 451..492; /note=""Cytoplasmic""; /evidence=""ECO:0000269|PubMed:24847886""","SUBCELLULAR LOCATION: Cell membrane {ECO:0000269|PubMed:18245775, ECO:0000269|PubMed:19449892, ECO:0000269|PubMed:23219802, ECO:0000269|PubMed:24847886, ECO:0000269|PubMed:25982116, ECO:0000269|PubMed:30197081}; Multi-pass membrane protein {ECO:0000255}. Melanosome {ECO:0000269|PubMed:17081065}. Photoreceptor inner segment {ECO:0000250|UniProtKB:P17809}. Note=Localizes primarily at the cell surface (PubMed:18245775, PubMed:19449892, PubMed:23219802, PubMed:24847886, PubMed:25982116). Identified by mass spectrometry in melanosome fractions from stage I to stage IV (PubMed:17081065). {ECO:0000269|PubMed:17081065, ECO:0000269|PubMed:18245775, ECO:0000269|PubMed:19449892, ECO:0000269|PubMed:23219802, ECO:0000269|PubMed:24847886, ECO:0000269|PubMed:25982116}."
P11802,,,,"SUBCELLULAR LOCATION: Cytoplasm {ECO:0000269|PubMed:18827403}. Nucleus {ECO:0000269|PubMed:18827403, ECO:0000269|PubMed:20399237, ECO:0000269|PubMed:9106657}. Nucleus membrane {ECO:0000269|PubMed:18827403}. Note=Cytoplasmic when non-complexed. Forms a cyclin D-CDK4 complex in the cytoplasm as cells progress through G(1) phase. The complex accumulates on the nuclear membrane and enters the nucleus on transition from G(1) to S phase. Also present in nucleoli and heterochromatin lumps. Colocalizes with RB1 after release into the nucleus. {ECO:0000269|PubMed:18827403}."
P12277,,,,"SUBCELLULAR LOCATION: Cytoplasm, cytosol {ECO:0000250|UniProtKB:Q04447}. Mitochondrion {ECO:0000250|UniProtKB:Q04447}. Cell membrane {ECO:0000269|PubMed:18566107}. Note=Localizes to the mitochondria of thermogenic fat cells via the internal MTS-like signal (iMTS-L) region. {ECO:0000250|UniProtKB:Q04447}."
P04156,"SIGNAL 1..22; /evidence=""ECO:0000250|UniProtKB:P04925""",,,"SUBCELLULAR LOCATION: Cell membrane; Lipid-anchor, GPI-anchor {ECO:0000269|PubMed:19936054}. Golgi apparatus {ECO:0000250|UniProtKB:P04925}. Note=Targeted to lipid rafts via association with the heparan sulfate chains of GPC1. Colocates, in the presence of Cu(2+), to vesicles in para- and perinuclear regions, where both proteins undergo internalization. Heparin displaces PRNP from lipid rafts and promotes endocytosis. {ECO:0000269|PubMed:19936054}."
P04843,SIGNAL 1..23,"TRANSMEM 439..457; /note=""Helical""; /evidence=""ECO:0000255""","TOPO_DOM 24..438; /note=""Lumenal""; /evidence=""ECO:0000255""; TOPO_DOM 458..607; /note=""Cytoplasmic""; /evidence=""ECO:0000255""","SUBCELLULAR LOCATION: Endoplasmic reticulum membrane {ECO:0000250|UniProtKB:E2RQ08}; Single-pass type I membrane protein {ECO:0000250|UniProtKB:E2RQ08}. Melanosome {ECO:0000269|PubMed:12643545, ECO:0000269|PubMed:17081065}. Note=Identified by mass spectrometry in melanosome fractions from stage I to stage IV. {ECO:0000269|PubMed:12643545, ECO:0000269|PubMed:17081065}."
P04920,,"TRANSMEM 708..731; /note=""Helical""; /evidence=""ECO:0000255""; TRANSMEM 737..774; /note=""Helical""; /evidence=""ECO:0000255""; TRANSMEM 784..816; /note=""Helical""; /evidence=""ECO:0000255""; TRANSMEM 826..847; /note=""Helical""; /evidence=""ECO:0000255""; TRANSMEM 901..918; /note=""Helical""; /evidence=""ECO:0000255""; TRANSMEM 934..954; /note=""Helical""; /evidence=""ECO:0000255""; TRANSMEM 988..1010; /note=""Helical""; /evidence=""ECO:0000255""; TRANSMEM 1036..1059; /note=""Helical""; /evidence=""ECO:0000255""; TRANSMEM 1091..1136; /note=""Helical""; /evidence=""ECO:0000255""; TRANSMEM 1163..1199; /note=""Helical""; /evidence=""ECO:0000255""","TOPO_DOM 1..707; /note=""Cytoplasmic""; /evidence=""ECO:0000255""; TOPO_DOM 848..900; /note=""Extracellular""; /evidence=""ECO:0000255""; TOPO_DOM 919..933; /note=""Cytoplasmic""; /evidence=""ECO:0000255""",SUBCELLULAR LOCATION: [Isoform A]: Apical cell membrane {ECO:0000269|PubMed:15184086}; Multi-pass membrane protein {ECO:0000255}. Basolateral cell membrane {ECO:0000269|PubMed:15184086}; Multi-pass membrane protein {ECO:0000255}.; SUBCELLULAR LOCATION: [Isoform B1]: Apical cell membrane {ECO:0000269|PubMed:15184086}; Multi-pass membrane protein {ECO:0000255}. Basolateral cell membrane {ECO:0000269|PubMed:15184086}; Multi-pass membrane protein {ECO:0000255}.; SUBCELLULAR LOCATION: [Isoform B2]: Apical cell membrane {ECO:0000269|PubMed:15184086}; Multi-pass membrane protein {ECO:0000255}. Basolateral cell membrane {ECO:0000269|PubMed:15184086}; Multi-pass membrane protein {ECO:0000255}.
P05455,,,,SUBCELLULAR LOCATION: Nucleus {ECO:0000305}.
P07195,,,,SUBCELLULAR LOCATION: Cytoplasm. Mitochondrion inner membrane {ECO:0000269|PubMed:27618187}; Peripheral membrane protein {ECO:0000305}.
P08240,,,,"SUBCELLULAR LOCATION: Endoplasmic reticulum membrane {ECO:0000250|UniProtKB:P32916}; Peripheral membrane protein {ECO:0000250|UniProtKB:P32916}; Cytoplasmic side {ECO:0000250|UniProtKB:P32916}. Note=Thought to be anchored in the membrane through an interaction with SR-beta, which contains a bona fide transmembrane domain. {ECO:0000250|UniProtKB:P32916}."
P09012,,,,SUBCELLULAR LOCATION: Nucleus.
P0C6T2,,"TRANSMEM 5..25; /note=""Helical""; /evidence=""ECO:0000255""","TOPO_DOM 1..4; /note=""Lumenal""; /evidence=""ECO:0000255""; TOPO_DOM 26..37; /note=""Cytoplasmic""; /evidence=""ECO:0000255""",SUBCELLULAR LOCATION: Endoplasmic reticulum {ECO:0000305|PubMed:23606741}. Endoplasmic reticulum membrane; Single-pass type III membrane protein {ECO:0000305}. Note=The single transmembrane helix has a kink in the middle of the transmembrane span.
P11387,,,,"SUBCELLULAR LOCATION: Nucleus, nucleolus {ECO:0000269|PubMed:12149243}. Nucleus, nucleoplasm {ECO:0000269|PubMed:12149243}. Note=Diffuse nuclear localization with some enrichment in nucleoli. On CPT treatment, cleared from nucleoli into nucleoplasm. Sumoylated forms found in both nucleoplasm and nucleoli."
P06454,,,,SUBCELLULAR LOCATION: Nucleus.
P07305,,,,"SUBCELLULAR LOCATION: Nucleus {ECO:0000255|PROSITE-ProRule:PRU00837, ECO:0000269|PubMed:18993075}. Nucleus, nucleolus {ECO:0000269|PubMed:25645921}. Chromosome {ECO:0000255|PROSITE-ProRule:PRU00837, ECO:0000269|PubMed:18993075, ECO:0000269|PubMed:25645921, ECO:0000269|PubMed:38530350}. Note=Enriched at nucleolus-associated DNA repeats and chromatin domains (PubMed:25645921). During mitosis, it appears in the vicinity of condensed chromosomes (PubMed:18993075). The RNA edited version has been localized to nuclear speckles (PubMed:18993075). Comparted to other H1 histones, shows a less pronounced peripheral nuclear localization (PubMed:38530350). {ECO:0000269|PubMed:18993075, ECO:0000269|PubMed:25645921, ECO:0000269|PubMed:38530350}."
P13473,"SIGNAL 1..28; /evidence=""ECO:0000269|PubMed:15340161, ECO:0000269|PubMed:2912382, ECO:0000269|PubMed:3198605""","TRANSMEM 376..399; /note=""Helical""; /evidence=""ECO:0000255|PROSITE-ProRule:PRU00740""","TOPO_DOM 29..375; /note=""Lumenal""; /evidence=""ECO:0000255""; TOPO_DOM 400..410; /note=""Cytoplasmic""; /evidence=""ECO:0000255|PROSITE-ProRule:PRU00740""","SUBCELLULAR LOCATION: Lysosome membrane {ECO:0000255|PROSITE-ProRule:PRU00740, ECO:0000269|PubMed:11082038, ECO:0000269|PubMed:17897319, ECO:0000269|PubMed:18644871, ECO:0000269|PubMed:2912382}; Single-pass type I membrane protein {ECO:0000255|PROSITE-ProRule:PRU00740, ECO:0000269|PubMed:17897319}. Endosome membrane {ECO:0000269|PubMed:17897319}; Single-pass type I membrane protein {ECO:0000255|PROSITE-ProRule:PRU00740, ECO:0000269|PubMed:17897319}. Cell membrane {ECO:0000269|PubMed:17897319, ECO:0000269|PubMed:2912382}; Single-pass type I membrane protein {ECO:0000255|PROSITE-ProRule:PRU00740, ECO:0000269|PubMed:17897319}. Cytoplasmic vesicle, autophagosome membrane {ECO:0000250|UniProtKB:P17047}. Note=This protein shuttles between lysosomes, endosomes, and the plasma membrane. {ECO:0000269|PubMed:17897319}."
P04439,"SIGNAL 1..24; /evidence=""ECO:0000269|PubMed:92029""","TRANSMEM 309..332; /note=""Helical""; /evidence=""ECO:0000255""","TOPO_DOM 25..308; /note=""Extracellular""; /evidence=""ECO:0000255""; TOPO_DOM 333..365; /note=""Cytoplasmic""; /evidence=""ECO:0000255""","SUBCELLULAR LOCATION: Cell membrane {ECO:0000269|PubMed:21263072, ECO:0000269|PubMed:25880248, ECO:0000269|PubMed:8805302}; Single-pass type I membrane protein {ECO:0000255}. Endoplasmic reticulum membrane {ECO:0000305|PubMed:8805302}; Single-pass type I membrane protein {ECO:0000255}."
P05023,,"TRANSMEM 92..116; /note=""Helical""; /evidence=""ECO:0000269|PubMed:35803952, ECO:0007744|PDB:7E20""; TRANSMEM 128..148; /note=""Helical""; /evidence=""ECO:0000269|PubMed:35803952, ECO:0007744|PDB:7E20""; TRANSMEM 291..312; /note=""Helical""; /evidence=""ECO:0000269|PubMed:35803952, ECO:0007744|PDB:7E20""; TRANSMEM 319..342; /note=""Helical""; /evidence=""ECO:0000269|PubMed:35803952, ECO:0007744|PDB:7E20""; TRANSMEM 773..795; /note=""Helical""; /evidence=""ECO:0000269|PubMed:35803952, ECO:0007744|PDB:7E20""; TRANSMEM 804..822; /note=""Helical""; /evidence=""ECO:0000269|PubMed:35803952, ECO:0007744|PDB:7E20""; TRANSMEM 845..870; /note=""Helical""; /evidence=""ECO:0000269|PubMed:35803952, ECO:0007744|PDB:7E20""; TRANSMEM 918..938; /note=""Helical""; /evidence=""ECO:0000269|PubMed:35803952, ECO:0007744|PDB:7E20""; TRANSMEM 952..970; /note=""Helical""; /evidence=""ECO:0000269|PubMed:35803952, ECO:0007744|PDB:7E20""; TRANSMEM 985..1008; /note=""Helical""; /evidence=""ECO:0000255, ECO:0000269|PubMed:35803952, ECO:0007744|PDB:7E20""","TOPO_DOM 1..91; /note=""Cytoplasmic""; /evidence=""ECO:0000305""; TOPO_DOM 117..127; /note=""Extracellular""; /evidence=""ECO:0000305""; TOPO_DOM 149..290; /note=""Cytoplasmic""; /evidence=""ECO:0000305""; TOPO_DOM 313..318; /note=""Extracellular""; /evidence=""ECO:0000305""; TOPO_DOM 343..772; /note=""Cytoplasmic""; /evidence=""ECO:0000305""; TOPO_DOM 796..803; /note=""Extracellular""; /evidence=""ECO:0000305""; TOPO_DOM 823..844; /note=""Cytoplasmic""; /evidence=""ECO:0000305""; TOPO_DOM 871..917; /note=""Extracellular""; /evidence=""ECO:0000305""; TOPO_DOM 939..951; /note=""Cytoplasmic""; /evidence=""ECO:0000305""; TOPO_DOM 971..984; /note=""Extracellular""; /evidence=""ECO:0000305""; TOPO_DOM 1009..1023; /note=""Cytoplasmic""; /evidence=""ECO:0000305""","SUBCELLULAR LOCATION: Cell membrane {ECO:0000250|UniProtKB:Q8VDN2}; Multi-pass membrane protein {ECO:0000269|PubMed:35803952}. Basolateral cell membrane {ECO:0000250|UniProtKB:P06685}; Multi-pass membrane protein {ECO:0000269|PubMed:35803952}. Cell membrane, sarcolemma {ECO:0000269|PubMed:7711835}; Multi-pass membrane protein {ECO:0000269|PubMed:35803952}. Cell projection, axon {ECO:0000250|UniProtKB:P06685}. Melanosome {ECO:0000269|PubMed:17081065}. Note=Identified by mass spectrometry in melanosome fractions from stage I to stage IV. {ECO:0000269|PubMed:17081065}."
P08195,,"TRANSMEM 84..104; /note=""Helical; Signal-anchor for type II membrane protein""; /evidence=""ECO:0000269|PubMed:30867591""","TOPO_DOM 2..83; /note=""Cytoplasmic""; /evidence=""ECO:0000269|PubMed:11121428, ECO:0000269|PubMed:30867591""; TOPO_DOM 105..529; /note=""Extracellular""; /evidence=""ECO:0000269|PubMed:11121428, ECO:0000269|PubMed:30867591""","SUBCELLULAR LOCATION: Apical cell membrane {ECO:0000269|PubMed:11742812}. Cell membrane {ECO:0000269|PubMed:11311135, ECO:0000269|PubMed:11389679, ECO:0000269|PubMed:11557028, ECO:0000269|PubMed:11564694, ECO:0000269|PubMed:12225859, ECO:0000269|PubMed:15769744, ECO:0000269|PubMed:16496379, ECO:0000269|PubMed:25998567, ECO:0000269|PubMed:3476959, ECO:0000269|PubMed:3480538, ECO:0000269|PubMed:36028562, ECO:0000269|PubMed:9829974}; Single-pass type II membrane protein {ECO:0000269|PubMed:30867591}. Cell junction {ECO:0000250|UniProtKB:P10852}. Lysosome membrane {ECO:0000269|PubMed:25998567, ECO:0000269|PubMed:40280132}. Melanosome {ECO:0000269|PubMed:17081065}. Basolateral cell membrane {ECO:0000250|UniProtKB:P10852}. Note=Localized at the plasma membrane when associated with SLC7A5/LAT1 or SLC7A8/LAT2 (PubMed:11311135, PubMed:9751058). Localized to the apical membrane of placental syncytiotrophoblastic cells (PubMed:11742812). Recruited to lysosomes by LAPTM4B (PubMed:25998567). Identified by mass spectrometry in melanosome fractions from stage I to stage IV (PubMed:17081065). Located selectively at cell-cell adhesion sites (By similarity). Colocalized with SLC7A8/LAT2 at the basolateral membrane of kidney proximal tubules and small intestine epithelia. Expressed in both luminal and abluminal membranes of brain capillary endothelial cells (By similarity). {ECO:0000250|UniProtKB:P10852, ECO:0000269|PubMed:11311135, ECO:0000269|PubMed:11742812, ECO:0000269|PubMed:17081065, ECO:0000269|PubMed:25998567, ECO:0000269|PubMed:9751058}."
P01130,"SIGNAL 1..21; /evidence=""ECO:0000250|UniProtKB:P01131""","TRANSMEM 789..810; /note=""Helical""; /evidence=""ECO:0000255""","TOPO_DOM 22..788; /note=""Extracellular""; /evidence=""ECO:0000250|UniProtKB:P01131""; TOPO_DOM 811..860; /note=""Cytoplasmic""; /evidence=""ECO:0000269|PubMed:22509010""","SUBCELLULAR LOCATION: Cell membrane {ECO:0000269|PubMed:17461796, ECO:0000269|PubMed:19520913}; Single-pass type I membrane protein {ECO:0000250|UniProtKB:P01131}. Membrane, clathrin-coated pit {ECO:0000303|PubMed:6091915}. Golgi apparatus {ECO:0000269|PubMed:17461796}. Early endosome {ECO:0000269|PubMed:17461796}. Late endosome {ECO:0000269|PubMed:17461796}. Lysosome {ECO:0000269|PubMed:17461796}. Note=Rapidly endocytosed upon ligand binding. Localized at cell membrane, probably in lipid rafts, in serum-starved conditions (PubMed:30443021). {ECO:0000269|PubMed:30443021, ECO:0000269|PubMed:3104336}."
P11142,,,,"SUBCELLULAR LOCATION: Cytoplasm {ECO:0000269|PubMed:17289661}. Melanosome {ECO:0000269|PubMed:17081065}. Nucleus, nucleolus {ECO:0000269|PubMed:1586970}. Cell membrane. Lysosome membrane {ECO:0000269|PubMed:11559757}; Peripheral membrane protein {ECO:0000269|PubMed:11559757}; Cytoplasmic side {ECO:0000269|PubMed:11559757}. Note=Localized in cytoplasmic mRNP granules containing untranslated mRNAs (PubMed:17289661). Translocates rapidly from the cytoplasm to the nuclei, and especially to the nucleoli, upon heat shock (PubMed:1586970). {ECO:0000269|PubMed:1586970, ECO:0000269|PubMed:17289661}."
P11388,,,,"SUBCELLULAR LOCATION: Cytoplasm {ECO:0000269|PubMed:9155056}. Nucleus, nucleoplasm {ECO:0000269|PubMed:8299728}. Nucleus {ECO:0000269|PubMed:17567603, ECO:0000269|PubMed:22013166, ECO:0000269|PubMed:8299728, ECO:0000269|PubMed:9155056}. Nucleus, nucleolus {ECO:0000269|PubMed:9155056}."
P02545,,,,"SUBCELLULAR LOCATION: Nucleus lamina {ECO:0000269|PubMed:2188730, ECO:0000269|PubMed:2344612, ECO:0000269|PubMed:24741066, ECO:0000269|PubMed:37788673, ECO:0000269|PubMed:37832547, ECO:0000305|PubMed:10080180}. Nucleus envelope {ECO:0000269|PubMed:29599122, ECO:0000269|PubMed:37788673, ECO:0000269|PubMed:37832547}. Nucleus, nucleoplasm {ECO:0000269|PubMed:15372542, ECO:0000269|PubMed:24741066, ECO:0000269|PubMed:31548606}. Nucleus matrix {ECO:0000269|PubMed:31548606}. Note=Farnesylation of prelamin-A/C facilitates nuclear envelope targeting and subsequent cleavage by ZMPSTE24/FACE1 to remove the farnesyl group produces mature lamin-A/C, which can then be inserted into the nuclear lamina (PubMed:15317753). EMD is required for proper localization of non-farnesylated prelamin-A/C (PubMed:19323649). Also localizes to the micronuclear envelope in response to response to genome instability (PubMed:37788673). {ECO:0000269|PubMed:15317753, ECO:0000269|PubMed:19323649, ECO:0000269|PubMed:37788673}.; SUBCELLULAR LOCATION: [Isoform C]: Nucleus speckle {ECO:0000269|PubMed:16061563}."
P04035,,"TRANSMEM 10..39; /note=""Helical""; /evidence=""ECO:0000250|UniProtKB:P00347""; TRANSMEM 57..78; /note=""Helical""; /evidence=""ECO:0000250|UniProtKB:P00347""; TRANSMEM 90..114; /note=""Helical""; /evidence=""ECO:0000250|UniProtKB:P00347""; TRANSMEM 124..149; /note=""Helical""; /evidence=""ECO:0000250|UniProtKB:P00347""; TRANSMEM 160..187; /note=""Helical""; /evidence=""ECO:0000250|UniProtKB:P00347""; TRANSMEM 192..220; /note=""Helical""; /evidence=""ECO:0000250|UniProtKB:P00347""; TRANSMEM 249..275; /note=""Helical""; /evidence=""ECO:0000250|UniProtKB:P00347""; TRANSMEM 315..339; /note=""Helical""; /evidence=""ECO:0000250|UniProtKB:P00347""","TOPO_DOM 1..9; /note=""Cytoplasmic""; /evidence=""ECO:0000250|UniProtKB:P00347""; TOPO_DOM 40..56; /note=""Lumenal""; /evidence=""ECO:0000250|UniProtKB:P00347""; TOPO_DOM 79..89; /note=""Cytoplasmic""; /evidence=""ECO:0000250|UniProtKB:P00347""; TOPO_DOM 115..123; /note=""Lumenal""; /evidence=""ECO:0000250|UniProtKB:P00347""; TOPO_DOM 150..159; /note=""Cytoplasmic""; /evidence=""ECO:0000250|UniProtKB:P00347""; TOPO_DOM 188..191; /note=""Lumenal""; /evidence=""ECO:0000250|UniProtKB:P00347""; TOPO_DOM 221..248; /note=""Cytoplasmic""; /evidence=""ECO:0000250|UniProtKB:P00347""; TOPO_DOM 276..314; /note=""Lumenal""; /evidence=""ECO:0000250|UniProtKB:P00347""; TOPO_DOM 340..888; /note=""Cytoplasmic""; /evidence=""ECO:0000250|UniProtKB:P00347""","SUBCELLULAR LOCATION: Endoplasmic reticulum membrane {ECO:0000269|PubMed:17180682, ECO:0000305|PubMed:2991281}; Multi-pass membrane protein {ECO:0000250|UniProtKB:P00347}. Peroxisome membrane {ECO:0000269|PubMed:17180682}; Multi-pass membrane protein {ECO:0000250|UniProtKB:P00347}."
P06493,,,,"SUBCELLULAR LOCATION: Nucleus {ECO:0000250|UniProtKB:P11440}. Cytoplasm {ECO:0000250|UniProtKB:P11440}. Mitochondrion {ECO:0000269|PubMed:19917720}. Cytoplasm, cytoskeleton, microtubule organizing center, centrosome {ECO:0000269|PubMed:14654843}. Cytoplasm, cytoskeleton, spindle. Note=Cytoplasmic during the interphase. Colocalizes with SIRT2 on centrosome during prophase and on splindle fibers during metaphase of the mitotic cell cycle. Reversibly translocated from cytoplasm to nucleus when phosphorylated before G2-M transition when associated with cyclin-B1. Accumulates in mitochondria in G2-arrested cells upon DNA-damage."
P09132,,,,"SUBCELLULAR LOCATION: Cytoplasm {ECO:0000269|PubMed:10618370, ECO:0000269|PubMed:11682607}. Nucleus, nucleolus {ECO:0000269|PubMed:10618370, ECO:0000269|PubMed:11682607}. Nucleus, nucleoplasm {ECO:0000269|PubMed:11682607}. Note=Although the signal recognition particle complex acts in the cytoplasm, it assembles at least in part in the nucleus and/or the nucleolus. SRP19 nuclear import may be mediated by IPO8/Imp8 and TPNO1/Trn. {ECO:0000269|PubMed:11682607}."
P11279,"SIGNAL 1..28; /evidence=""ECO:0000269|PubMed:2912382, ECO:0000269|PubMed:3198605""","TRANSMEM 383..410; /note=""Helical""; /evidence=""ECO:0000255|PROSITE-ProRule:PRU00740, ECO:0000305|PubMed:37390818, ECO:0007744|PDB:8FY5, ECO:0007744|PDB:8FYF""","TOPO_DOM 29..382; /note=""Lumenal""; /evidence=""ECO:0000255""; TOPO_DOM 411..417; /note=""Cytoplasmic""; /evidence=""ECO:0000255|PROSITE-ProRule:PRU00740""","SUBCELLULAR LOCATION: Lysosome membrane {ECO:0000269|PubMed:16176980, ECO:0000269|PubMed:17897319}; Single-pass type I membrane protein {ECO:0000255}. Endosome membrane {ECO:0000269|PubMed:16176980}; Single-pass type I membrane protein {ECO:0000255}. Late endosome membrane {ECO:0000269|PubMed:16176980}; Single-pass type I membrane protein {ECO:0000255}. Cell membrane {ECO:0000269|PubMed:2022921, ECO:0000269|PubMed:23847195}; Single-pass type I membrane protein {ECO:0000255}. Cytolytic granule membrane {ECO:0000269|PubMed:2022921, ECO:0000269|PubMed:24088571}; Single-pass type I membrane protein {ECO:0000255}. Note=This protein shuttles between lysosomes, endosomes, and the plasma membrane (By similarity). Colocalizes with OSBPL1A at the late endosome (PubMed:16176980). {ECO:0000250|UniProtKB:P05300, ECO:0000269|PubMed:16176980, ECO:0000269|PubMed:17897319}."
P11362,SIGNAL 1..21,"TRANSMEM 377..397; /note=""Helical""; /evidence=""ECO:0000255""","TOPO_DOM 22..376; /note=""Extracellular""; /evidence=""ECO:0000255""; TOPO_DOM 398..822; /note=""Cytoplasmic""; /evidence=""ECO:0000255""","SUBCELLULAR LOCATION: Cell membrane; Single-pass type I membrane protein. Nucleus. Cytoplasm, cytosol. Cytoplasmic vesicle. Note=After ligand binding, both receptor and ligand are rapidly internalized. Can translocate to the nucleus after internalization, or by translocation from the endoplasmic reticulum or Golgi apparatus to the cytosol, and from there to the nucleus."
P05556,SIGNAL 1..20,"TRANSMEM 729..751; /note=""Helical""; /evidence=""ECO:0000255""","TOPO_DOM 21..728; /note=""Extracellular""; /evidence=""ECO:0000255""; TOPO_DOM 752..798; /note=""Cytoplasmic""; /evidence=""ECO:0000255""","SUBCELLULAR LOCATION: Cell membrane {ECO:0000269|PubMed:17158881, ECO:0000269|PubMed:32487760, ECO:0000269|PubMed:35687021, ECO:0000303|PubMed:10455171}; Single-pass type I membrane protein {ECO:0000255}. Cell projection, invadopodium membrane {ECO:0000269|PubMed:10455171}; Single-pass type I membrane protein {ECO:0000255}. Cell projection, ruffle membrane {ECO:0000269|PubMed:10455171, ECO:0000269|PubMed:11919189}; Single-pass type I membrane protein {ECO:0000255}. Recycling endosome {ECO:0000269|PubMed:16256741}. Melanosome {ECO:0000269|PubMed:17081065}. Cleavage furrow {ECO:0000269|PubMed:17956333}. Cell projection, lamellipodium {ECO:0000269|PubMed:11919189}. Cell junction, focal adhesion {ECO:0000269|PubMed:17158881, ECO:0000269|PubMed:35687021}. Note=Highly enriched in stage I melanosomes. Located on plasma membrane of neuroblastoma NMB7 cells. In a lung cancer cell line, in prometaphase and metaphase, localizes diffusely at the membrane and in a few intracellular vesicles. In early telophase, detected mainly on the matrix-facing side of the cells. By mid-telophase, concentrated to the ingressing cleavage furrow, mainly to the basal side of the furrow. In late telophase, concentrated to the extending protrusions formed at the opposite ends of the spreading daughter cells, in vesicles at the base of the lamellipodia formed by the separating daughter cells. Colocalizes with ITGB1BP1 and metastatic suppressor protein NME2 at the edge or peripheral ruffles and lamellipodia during the early stages of cell spreading on fibronectin or collagen. Translocates from peripheral focal adhesions sites to fibrillar adhesions in a ITGB1BP1-dependent manner. Enriched preferentially at invadopodia, cell membrane protrusions that correspond to sites of cell invasion, in a collagen-dependent manner. Localized at plasma and ruffle membranes in a collagen-independent manner. {ECO:0000269|PubMed:10455171}.; SUBCELLULAR LOCATION: [Isoform 2]: Note=Does not localize to focal adhesions. {ECO:0000269|PubMed:10455171}.; SUBCELLULAR LOCATION: [Isoform 5]: Cell membrane, sarcolemma {ECO:0000250|UniProtKB:P09055}. Cell junction {ECO:0000250|UniProtKB:P09055}. Note=In cardiac muscle, found in costameres and intercalated disks. {ECO:0000250|UniProtKB:P09055}."
P11413,,,,"SUBCELLULAR LOCATION: Cytoplasm, cytosol {ECO:0000269|PubMed:35122041, ECO:0000269|PubMed:743300}. Membrane; Peripheral membrane protein {ECO:0000269|PubMed:743300}."
P04637,,,,"SUBCELLULAR LOCATION: Cytoplasm {ECO:0000269|PubMed:15340061, ECO:0000269|PubMed:17170702, ECO:0000269|PubMed:19011621, ECO:0000269|PubMed:19033443, ECO:0000269|PubMed:21597459, ECO:0000269|PubMed:22726440, ECO:0000269|PubMed:22914926, ECO:0000269|PubMed:24625977, ECO:0000269|PubMed:26634371}. Nucleus {ECO:0000269|PubMed:15340061, ECO:0000269|PubMed:17170702, ECO:0000269|PubMed:17591690, ECO:0000269|PubMed:18206965, ECO:0000269|PubMed:19011621, ECO:0000269|PubMed:21597459, ECO:0000269|PubMed:22914926, ECO:0000269|PubMed:24625977, ECO:0000269|PubMed:26634371}. Nucleus, PML body {ECO:0000269|PubMed:11025664, ECO:0000269|PubMed:12810724, ECO:0000269|PubMed:36108750}. Endoplasmic reticulum {ECO:0000269|PubMed:17170702}. Mitochondrion matrix {ECO:0000269|PubMed:22726440, ECO:0000269|PubMed:25168243, ECO:0000269|PubMed:27323408}. Cytoplasm, cytoskeleton, microtubule organizing center, centrosome {ECO:0000269|PubMed:28842590}. Note=Recruited into PML bodies together with CHEK2 (PubMed:12810724). Translocates to mitochondria upon oxidative stress (PubMed:22726440). Translocates to mitochondria in response to mitomycin C treatment (PubMed:27323408). Competitive inhibition of TP53 interaction with HSPA9/MOT-2 by UBXN2A results in increased protein abundance and subsequent translocation of TP53 to the nucleus (PubMed:24625977). {ECO:0000269|PubMed:12810724, ECO:0000269|PubMed:22726440, ECO:0000269|PubMed:24625977, ECO:0000269|PubMed:27323408}.; SUBCELLULAR LOCATION: [Isoform 1]: Nucleus {ECO:0000269|PubMed:23752197}. Cytoplasm. Note=Predominantly nuclear but localizes to the cytoplasm when expressed with isoform 4.; SUBCELLULAR LOCATION: [Isoform 2]: Nucleus. Cytoplasm. Note=Localized mainly in the nucleus with minor staining in the cytoplasm.; SUBCELLULAR LOCATION: [Isoform 3]: Nucleus. Cytoplasm. Note=Localized in the nucleus in most cells but found in the cytoplasm in some cells.; SUBCELLULAR LOCATION: [Isoform 4]: Nucleus. Cytoplasm. Note=Predominantly nuclear but translocates to the cytoplasm following cell stress.; SUBCELLULAR LOCATION: [Isoform 7]: Nucleus. Cytoplasm. Note=Localized mainly in the nucleus with minor staining in the cytoplasm.; SUBCELLULAR LOCATION: [Isoform 8]: Nucleus. Cytoplasm. Note=Localized in both nucleus and cytoplasm in most cells. In some cells, forms foci in the nucleus that are different from nucleoli.; SUBCELLULAR LOCATION: [Isoform 9]: Cytoplasm."
P0CK96,,"TRANSMEM 81..101; /note=""Helical""; /evidence=""ECO:0000255""; TRANSMEM 106..126; /note=""Helical""; /evidence=""ECO:0000255""; TRANSMEM 142..162; /note=""Helical""; /evidence=""ECO:0000255""; TRANSMEM 167..187; /note=""Helical""; /evidence=""ECO:0000255""; TRANSMEM 195..215; /note=""Helical""; /evidence=""ECO:0000255""; TRANSMEM 219..241; /note=""Helical""; /evidence=""ECO:0000255""; TRANSMEM 264..284; /note=""Helical""; /evidence=""ECO:0000255""; TRANSMEM 296..316; /note=""Helical""; /evidence=""ECO:0000255""; TRANSMEM 326..346; /note=""Helical""; /evidence=""ECO:0000255""; TRANSMEM 347..367; /note=""Helical""; /evidence=""ECO:0000255""",,SUBCELLULAR LOCATION: Membrane {ECO:0000305}; Multi-pass membrane protein {ECO:0000305}.
P14174,,,,"SUBCELLULAR LOCATION: Secreted {ECO:0000269|PubMed:15908412, ECO:0000269|PubMed:19454686, ECO:0000269|PubMed:2552447, ECO:0000269|PubMed:8234256}. Cytoplasm {ECO:0000269|PubMed:11089976, ECO:0000269|PubMed:19454686}. Note=Does not have a cleavable signal sequence and is secreted via a specialized, non-classical pathway. Secreted by macrophages upon stimulation by bacterial lipopolysaccharide (LPS), or by M.tuberculosis antigens. {ECO:0000269|PubMed:15908412}."
P14550,,,,"SUBCELLULAR LOCATION: Cytoplasm, cytosol {ECO:0000250|UniProtKB:Q9JII6}. Apical cell membrane {ECO:0000250|UniProtKB:Q9JII6}."
P14649,,,,
P14678,,,,"SUBCELLULAR LOCATION: Cytoplasm, cytosol {ECO:0000269|PubMed:18984161}. Nucleus {ECO:0000269|PubMed:11574479, ECO:0000269|PubMed:11991638, ECO:0000269|PubMed:26912367, ECO:0000269|PubMed:28076346, ECO:0000269|PubMed:28502770, ECO:0000269|PubMed:28781166}. Note=SMN-mediated assembly into core snRNPs occurs in the cytosol before SMN-mediated transport to the nucleus to be included in spliceosomes. {ECO:0000305}."
P15104,,,,"SUBCELLULAR LOCATION: Cytoplasm, cytosol {ECO:0000269|PubMed:30158707, ECO:0000269|PubMed:36289327}. Microsome {ECO:0000250|UniProtKB:P09606}. Mitochondrion {ECO:0000250|UniProtKB:P09606}. Cell membrane {ECO:0000269|PubMed:30158707}; Lipid-anchor {ECO:0000269|PubMed:30158707}. Note=Mainly localizes in the cytosol, with a fraction associated with the cell membrane. {ECO:0000269|PubMed:30158707}."
P17096,,,,SUBCELLULAR LOCATION: Nucleus. Chromosome.
P17812,,,,"SUBCELLULAR LOCATION: Cytoplasm, cytosol {ECO:0000269|PubMed:24503052, ECO:0000269|PubMed:25223282}. Nucleus {ECO:0000269|PubMed:24503052, ECO:0000269|PubMed:40240600}. Chromosome {ECO:0000269|PubMed:40240600}. Note=Cytoplasmic and nuclear; when active, detected in long filamentous structures named cytoophidium (PubMed:24503052, PubMed:25223282, PubMed:28459447). Enriched on chromatin in response to DNA damage (PubMed:40240600). {ECO:0000269|PubMed:24503052, ECO:0000269|PubMed:25223282, ECO:0000269|PubMed:28459447, ECO:0000269|PubMed:40240600}."
P20338,,,,SUBCELLULAR LOCATION: Membrane; Peripheral membrane protein {ECO:0000269|PubMed:1425574}. Cytoplasm {ECO:0000269|PubMed:1425574}. Early endosome membrane {ECO:0000250|UniProtKB:P05714}; Peripheral membrane protein {ECO:0000250|UniProtKB:P05714}. Recycling endosome membrane {ECO:0000250|UniProtKB:P05714}; Peripheral membrane protein {ECO:0000250|UniProtKB:P05714}. Note=Generally associated with membranes. Cytoplasmic when phosphorylated by CDK1. {ECO:0000269|PubMed:1425574}.
P20618,,,,"SUBCELLULAR LOCATION: Cytoplasm {ECO:0000269|PubMed:12181345, ECO:0000269|PubMed:34711951}. Nucleus {ECO:0000269|PubMed:12181345, ECO:0000269|PubMed:34711951}. Note=Translocated from the cytoplasm into the nucleus following interaction with AKIRIN2, which bridges the proteasome with the nuclear import receptor IPO9. {ECO:0000269|PubMed:34711951}."
P20700,,,,"SUBCELLULAR LOCATION: Nucleus lamina {ECO:0000269|PubMed:28716252, ECO:0000269|PubMed:32910914}. Note=Expressed in the posterior part of the nucleus during mid-steps of spermiogenesis, expression becomes more localized to the implantation fossa in later stages (By similarity). Expressed at the neck region in mature sperm (By similarity). {ECO:0000250|UniProtKB:P14733}."
P21796,,"TRANSMEM 26..35; /note=""Beta stranded""; /evidence=""ECO:0000269|PubMed:18755977, ECO:0000269|PubMed:18832158""; TRANSMEM 39..47; /note=""Beta stranded""; /evidence=""ECO:0000269|PubMed:18755977, ECO:0000269|PubMed:18832158""; TRANSMEM 54..64; /note=""Beta stranded""; /evidence=""ECO:0000269|PubMed:18755977, ECO:0000269|PubMed:18832158""; TRANSMEM 69..76; /note=""Beta stranded""; /evidence=""ECO:0000269|PubMed:18755977, ECO:0000269|PubMed:18832158""; TRANSMEM 80..89; /note=""Beta stranded""; /evidence=""ECO:0000269|PubMed:18755977, ECO:0000269|PubMed:18832158""; TRANSMEM 95..104; /note=""Beta stranded""; /evidence=""ECO:0000269|PubMed:18755977, ECO:0000269|PubMed:18832158""; TRANSMEM 111..120; /note=""Beta stranded""; /evidence=""ECO:0000269|PubMed:18755977, ECO:0000269|PubMed:18832158""; TRANSMEM 123..130; /note=""Beta stranded""; /evidence=""ECO:0000269|PubMed:18755977, ECO:0000269|PubMed:18832158""; TRANSMEM 137..145; /note=""Beta stranded""; /evidence=""ECO:0000269|PubMed:18755977, ECO:0000269|PubMed:18832158""; TRANSMEM 150..158; /note=""Beta stranded""; /evidence=""ECO:0000269|PubMed:18755977, ECO:0000269|PubMed:18832158""; TRANSMEM 163..175; /note=""Beta stranded""; /evidence=""ECO:0000269|PubMed:18755977, ECO:0000269|PubMed:18832158""; TRANSMEM 178..185; /note=""Beta stranded""; /evidence=""ECO:0000269|PubMed:18755977, ECO:0000269|PubMed:18832158""; TRANSMEM 189..198; /note=""Beta stranded""; /evidence=""ECO:0000269|PubMed:18755977, ECO:0000269|PubMed:18832158""; TRANSMEM 202..211; /note=""Beta stranded""; /evidence=""ECO:0000269|PubMed:18755977, ECO:0000269|PubMed:18832158""; TRANSMEM 218..227; /note=""Beta stranded""; /evidence=""ECO:0000269|PubMed:18755977, ECO:0000269|PubMed:18832158""; TRANSMEM 231..238; /note=""Beta stranded""; /evidence=""ECO:0000269|PubMed:18755977, ECO:0000269|PubMed:18832158""; TRANSMEM 242..251; /note=""Beta stranded""; /evidence=""ECO:0000269|PubMed:18755977, ECO:0000269|PubMed:18832158""; TRANSMEM 254..263; /note=""Beta stranded""; /evidence=""ECO:0000269|PubMed:18755977, ECO:0000269|PubMed:18832158""; TRANSMEM 273..282; /note=""Beta stranded""; /evidence=""ECO:0000269|PubMed:18755977, ECO:0000269|PubMed:18832158""",,"SUBCELLULAR LOCATION: Mitochondrion outer membrane {ECO:0000269|PubMed:10661876, ECO:0000269|PubMed:31015432, ECO:0000269|PubMed:31206022, ECO:0000269|PubMed:7539795}; Multi-pass membrane protein {ECO:0000269|PubMed:18755977, ECO:0000269|PubMed:18832158, ECO:0000269|PubMed:27641616}. Cell membrane {ECO:0000269|PubMed:25168729, ECO:0000269|PubMed:25296756}; Multi-pass membrane protein {ECO:0000269|PubMed:18755977, ECO:0000269|PubMed:18832158}. Membrane raft {ECO:0000269|PubMed:25168729}; Multi-pass membrane protein {ECO:0000269|PubMed:18755977, ECO:0000269|PubMed:18832158}. Note=Found in a complex with HSPA9 and VDAC1 at the endoplasmic reticulum-mitochondria contact sites. {ECO:0000250|UniProtKB:Q9Z2L0}."
P21926,,"TRANSMEM 13..33; /note=""Helical""; /evidence=""ECO:0000255""; TRANSMEM 56..76; /note=""Helical""; /evidence=""ECO:0000255""; TRANSMEM 88..111; /note=""Helical""; /evidence=""ECO:0000255""; TRANSMEM 196..221; /note=""Helical""; /evidence=""ECO:0000255""","TOPO_DOM 2..12; /note=""Cytoplasmic""; /evidence=""ECO:0000255""; TOPO_DOM 34..55; /note=""Extracellular""; /evidence=""ECO:0000255""; TOPO_DOM 77..87; /note=""Cytoplasmic""; /evidence=""ECO:0000255""; TOPO_DOM 112..195; /note=""Extracellular""; /evidence=""ECO:0000255""; TOPO_DOM 222..228; /note=""Cytoplasmic""; /evidence=""ECO:0000255""","SUBCELLULAR LOCATION: Cell membrane {ECO:0000269|PubMed:19640571}; Multi-pass membrane protein {ECO:0000269|PubMed:19640571}. Membrane {ECO:0000269|PubMed:19640571}; Multi-pass membrane protein {ECO:0000269|PubMed:19640571}. Secreted, extracellular exosome {ECO:0000250|UniProtKB:P40240}. Note=Present at the cell surface of oocytes. Accumulates in the adhesion area between the sperm and egg following interaction between IZUMO1 and its receptor IZUMO1R/JUNO. {ECO:0000250|UniProtKB:P40240}."
P22455,"SIGNAL 1..21; /evidence=""ECO:0000269|PubMed:15340161""","TRANSMEM 370..390; /note=""Helical""; /evidence=""ECO:0000255""","TOPO_DOM 22..369; /note=""Extracellular""; /evidence=""ECO:0000255""; TOPO_DOM 391..802; /note=""Cytoplasmic""; /evidence=""ECO:0000255""","SUBCELLULAR LOCATION: Cell membrane; Single-pass type I membrane protein. Endosome. Endoplasmic reticulum. Note=Internalized from the cell membrane to recycling endosomes, and from there back to the cell membrane.; SUBCELLULAR LOCATION: [Isoform 2]: Secreted."
P23458,,,,"SUBCELLULAR LOCATION: Endomembrane system; Peripheral membrane protein. Note=Wholly intracellular, possibly membrane associated."
P25098,,,,"SUBCELLULAR LOCATION: Cytoplasm {ECO:0000250|UniProtKB:P26817}. Cell membrane {ECO:0000250|UniProtKB:P21146}. Cell projection, cilium membrane {ECO:0000269|PubMed:39138140}. Postsynapse {ECO:0000250|UniProtKB:P26817}. Presynapse {ECO:0000250|UniProtKB:P26817}."
P26038,,,,"SUBCELLULAR LOCATION: Cell membrane {ECO:0000269|PubMed:11728332, ECO:0000269|PubMed:15039356, ECO:0000269|PubMed:18586956, ECO:0000269|PubMed:7884872, ECO:0000269|PubMed:9298994}; Peripheral membrane protein {ECO:0000250|UniProtKB:P26041}; Cytoplasmic side {ECO:0000250|UniProtKB:P26041}. Cytoplasm, cytoskeleton {ECO:0000250|UniProtKB:P26041}. Apical cell membrane {ECO:0000250|UniProtKB:P26041}; Peripheral membrane protein {ECO:0000250|UniProtKB:P26041}; Cytoplasmic side {ECO:0000250|UniProtKB:P26041}. Cell projection, microvillus membrane {ECO:0000250|UniProtKB:P26041}; Peripheral membrane protein {ECO:0000250|UniProtKB:P26041}; Cytoplasmic side {ECO:0000250|UniProtKB:P26041}. Cell projection, microvillus {ECO:0000250|UniProtKB:P26041}. Note=Phosphorylated form is enriched in microvilli-like structures at apical membrane. Increased cell membrane localization of both phosphorylated and non-phosphorylated forms seen after thrombin treatment (By similarity). Localizes at the uropods of T lymphoblasts. {ECO:0000250|UniProtKB:P26041, ECO:0000269|PubMed:18586956, ECO:0000269|PubMed:9298994}."
P26368,,,,SUBCELLULAR LOCATION: Nucleus.
P18085,,,,SUBCELLULAR LOCATION: Golgi apparatus {ECO:0000269|PubMed:25673879}. Membrane {ECO:0000305}; Lipid-anchor {ECO:0000305}.
P19022,"SIGNAL 1..25; /evidence=""ECO:0000255""","TRANSMEM 725..745; /note=""Helical""; /evidence=""ECO:0000255""","TOPO_DOM 160..724; /note=""Extracellular""; /evidence=""ECO:0000255""; TOPO_DOM 746..906; /note=""Cytoplasmic""; /evidence=""ECO:0000255""","SUBCELLULAR LOCATION: Cell membrane {ECO:0000269|PubMed:23863954}; Single-pass type I membrane protein {ECO:0000255}. Cell membrane, sarcolemma {ECO:0000250|UniProtKB:P15116}. Cell junction {ECO:0000269|PubMed:28169360}. Cell surface {ECO:0000250|UniProtKB:P15116}. Cell junction, desmosome {ECO:0000250|UniProtKB:P15116}. Cell junction, adherens junction {ECO:0000250|UniProtKB:P15116}. Cell projection, axon {ECO:0000250|UniProtKB:P15116}. Note=Colocalizes with TMEM65 at the intercalated disk in cardiomyocytes. Colocalizes with OBSCN at the intercalated disk and at sarcolemma in cardiomyocytes. {ECO:0000250|UniProtKB:P15116}."
P20226,,,,SUBCELLULAR LOCATION: Nucleus {ECO:0000269|PubMed:27007846}.
P20339,,,,"SUBCELLULAR LOCATION: Cell membrane {ECO:0000269|PubMed:23815289}; Lipid-anchor {ECO:0000305|PubMed:7991565}; Cytoplasmic side {ECO:0000269|PubMed:23382462}. Early endosome membrane {ECO:0000269|PubMed:16086013, ECO:0000269|PubMed:23815289, ECO:0000269|PubMed:25869668}; Lipid-anchor {ECO:0000305|PubMed:7991565}. Melanosome {ECO:0000269|PubMed:17081065}. Cytoplasmic vesicle {ECO:0000269|PubMed:10818110}. Cell projection, ruffle {ECO:0000250|UniProtKB:P18066}. Membrane {ECO:0000269|PubMed:23815289}. Cytoplasm, cytosol {ECO:0000269|PubMed:23382462}. Cytoplasmic vesicle, phagosome membrane {ECO:0000250|UniProtKB:Q9CQD1}. Endosome membrane {ECO:0000269|PubMed:22431521, ECO:0000269|PubMed:23382462}. Note=Enriched in stage I melanosomes (PubMed:17081065). Alternates between membrane-bound and cytosolic forms (Probable). {ECO:0000269|PubMed:17081065, ECO:0000305}."
P21281,,,,"SUBCELLULAR LOCATION: Apical cell membrane {ECO:0000269|PubMed:29993276}. Melanosome {ECO:0000269|PubMed:12643545}. Cytoplasm {ECO:0000250|UniProtKB:P62814}. Cytoplasmic vesicle, secretory vesicle, synaptic vesicle membrane {ECO:0000250|UniProtKB:P62815}; Peripheral membrane protein {ECO:0000305}. Cytoplasmic vesicle, clathrin-coated vesicle membrane {ECO:0000250|UniProtKB:P62815}; Peripheral membrane protein {ECO:0000305}. Note=Identified by mass spectrometry in melanosome fractions from stage I to stage IV. {ECO:0000269|PubMed:12643545}."
P23526,,,,SUBCELLULAR LOCATION: Cytoplasm {ECO:0000269|PubMed:17081065}. Melanosome {ECO:0000269|PubMed:17081065}. Nucleus {ECO:0000269|PubMed:28647132}. Endoplasmic reticulum {ECO:0000269|PubMed:28647132}. Note=Identified by mass spectrometry in melanosome fractions from stage I to stage IV.
P25787,,,,"SUBCELLULAR LOCATION: Cytoplasm {ECO:0000269|PubMed:12181345, ECO:0000269|PubMed:34711951}. Nucleus {ECO:0000269|PubMed:12181345, ECO:0000269|PubMed:34711951}. Note=Translocated from the cytoplasm into the nucleus following interaction with AKIRIN2, which bridges the proteasome with the nuclear import receptor IPO9 (PubMed:34711951). Colocalizes with TRIM5 in cytoplasmic bodies (By similarity). {ECO:0000250|UniProtKB:P49722, ECO:0000269|PubMed:34711951}."
P25963,,,,"SUBCELLULAR LOCATION: Cytoplasm {ECO:0000269|PubMed:10655476}. Nucleus {ECO:0000269|PubMed:10655476, ECO:0000269|PubMed:16648481, ECO:0000269|PubMed:9566872}. Note=Shuttles between the nucleus and the cytoplasm by a nuclear localization signal (NLS) and a CRM1-dependent nuclear export. {ECO:0000269|PubMed:10655476, ECO:0000269|PubMed:9566872}."
P17081,,,,SUBCELLULAR LOCATION: Cytoplasm {ECO:0000269|PubMed:15546864}. Cell membrane {ECO:0000269|PubMed:15546864}; Lipid-anchor {ECO:0000269|PubMed:15546864}.
P17480,,,,"SUBCELLULAR LOCATION: Nucleus, nucleolus {ECO:0000250|UniProtKB:P25976}."
P19338,,,,"SUBCELLULAR LOCATION: Nucleus, nucleolus {ECO:0000269|PubMed:26103640}. Cytoplasm. Note=Localized in cytoplasmic mRNP granules containing untranslated mRNAs."
P19388,,,,"SUBCELLULAR LOCATION: Nucleus {ECO:0000269|PubMed:33335104, ECO:0000269|PubMed:9852112}. Nucleus, nucleolus {ECO:0000305|PubMed:34887565, ECO:0000305|PubMed:36271492}."
P20290,,,,SUBCELLULAR LOCATION: Cytoplasm {ECO:0000269|PubMed:10982809}. Nucleus {ECO:0000269|PubMed:10982809}. Note=The heterodimer with NACA is cytoplasmic.
P22087,,,,"SUBCELLULAR LOCATION: Nucleus, nucleolus {ECO:0000269|PubMed:14583623, ECO:0000269|PubMed:19208757, ECO:0000269|PubMed:2026646, ECO:0000269|PubMed:2414294, ECO:0000269|PubMed:24352239, ECO:0000269|PubMed:34516797}. Nucleus, nucleoplasm {ECO:0000250|UniProtKB:P35550}. Note=Fibrillar region of the nucleolus."
P23443,,,,"SUBCELLULAR LOCATION: Synapse, synaptosome {ECO:0000250}. Mitochondrion outer membrane. Mitochondrion. Note=Colocalizes with URI1 at mitochondrion.; SUBCELLULAR LOCATION: [Isoform Alpha I]: Nucleus. Cytoplasm.; SUBCELLULAR LOCATION: [Isoform Alpha II]: Cytoplasm."
P25686,,,,"SUBCELLULAR LOCATION: [Isoform 2]: Cytoplasm {ECO:0000269|PubMed:12754272, ECO:0000269|PubMed:21625540}. Nucleus {ECO:0000269|PubMed:12754272}.; SUBCELLULAR LOCATION: [Isoform 1]: Endoplasmic reticulum membrane {ECO:0000269|PubMed:12754272}; Lipid-anchor {ECO:0000269|PubMed:12754272}; Cytoplasmic side {ECO:0000269|PubMed:12754272}."
P25786,,,,"SUBCELLULAR LOCATION: Cytoplasm {ECO:0000269|PubMed:12181345, ECO:0000269|PubMed:34711951}. Nucleus {ECO:0000269|PubMed:12181345, ECO:0000269|PubMed:34711951}. Note=Translocated from the cytoplasm into the nucleus following interaction with AKIRIN2, which bridges the proteasome with the nuclear import receptor IPO9. {ECO:0000269|PubMed:34711951}."
P13807,,,,
P14618,,,,"SUBCELLULAR LOCATION: [Isoform M2]: Cytoplasm {ECO:0000269|PubMed:25263439, ECO:0000269|PubMed:26787900, ECO:0000269|PubMed:27573352, ECO:0000269|PubMed:32268273}. Nucleus {ECO:0000269|PubMed:17308100, ECO:0000269|PubMed:18191611, ECO:0000269|PubMed:22056988, ECO:0000269|PubMed:22901803, ECO:0000269|PubMed:24120661, ECO:0000269|PubMed:26787900, ECO:0000269|PubMed:27573352, ECO:0000269|PubMed:32268273}. Note=Translocates to the nucleus in response to various signals, such as EGF receptor activation or apoptotic stimuli (PubMed:17308100, PubMed:22056988, PubMed:24120661). Nuclear translocation is promoted by acetylation by EP300 (PubMed:24120661). Deacetylation by SIRT6 promotes its nuclear export in a process dependent of XPO4, thereby suppressing its ability to activate transcription and promote tumorigenesis (PubMed:26787900). {ECO:0000269|PubMed:17308100, ECO:0000269|PubMed:22056988, ECO:0000269|PubMed:24120661, ECO:0000269|PubMed:26787900}.; SUBCELLULAR LOCATION: [Isoform M1]: Cytoplasm {ECO:0000305}."
P14635,,,,"SUBCELLULAR LOCATION: Cytoplasm. Nucleus. Cytoplasm, cytoskeleton, microtubule organizing center, centrosome."
P15291,,"TRANSMEM 25..44; /note=""Helical; Signal-anchor for type II membrane protein""; /evidence=""ECO:0000255""","TOPO_DOM 1..24; /note=""Cytoplasmic""; /evidence=""ECO:0000255""; TOPO_DOM 45..398; /note=""Lumenal""; /evidence=""ECO:0000255""","SUBCELLULAR LOCATION: Golgi apparatus, Golgi stack membrane {ECO:0000269|PubMed:29133956}; Single-pass type II membrane protein. Note=Colocalizes with MGAT3 and ST6GAL1 in the Golgi stacks of cisternaee, including the cis-part of the Golgi stacks. {ECO:0000269|PubMed:29133956}.; SUBCELLULAR LOCATION: [Isoform Long]: Golgi apparatus, Golgi stack membrane {ECO:0000269|PubMed:1714903, ECO:0000269|PubMed:20378551}; Single-pass type II membrane protein. Cell membrane {ECO:0000269|PubMed:1714903}; Single-pass type II membrane protein. Cell surface {ECO:0000269|PubMed:1714903}. Cell projection, filopodium {ECO:0000250|UniProtKB:P15535}. Note=Found in trans cisternae of Golgi but is mainly localized at the plasma membrane (PubMed:1714903). B4GALT1 cell surface expression is regulated by UBE2Q1 (By similarity). {ECO:0000250|UniProtKB:P15535, ECO:0000269|PubMed:1714903}.; SUBCELLULAR LOCATION: [Isoform Short]: Golgi apparatus, Golgi stack membrane {ECO:0000269|PubMed:1714903}; Single-pass type II membrane protein. Note=Found in trans cisternae of Golgi. {ECO:0000269|PubMed:1714903}.; SUBCELLULAR LOCATION: [Processed beta-1,4-galactosyltransferase 1]: Secreted {ECO:0000303|PubMed:2120039}. Note=Soluble form found in body fluids. {ECO:0000303|PubMed:2120039}."
P15311,,,,"SUBCELLULAR LOCATION: Apical cell membrane {ECO:0000269|PubMed:18046454}; Peripheral membrane protein {ECO:0000269|PubMed:18046454}; Cytoplasmic side {ECO:0000269|PubMed:18046454}. Cell projection {ECO:0000269|PubMed:18046454}. Cell projection, microvillus membrane {ECO:0000269|PubMed:18046454}; Peripheral membrane protein {ECO:0000269|PubMed:18046454}; Cytoplasmic side {ECO:0000269|PubMed:18046454}. Cell projection, ruffle membrane {ECO:0000269|PubMed:18046454}; Peripheral membrane protein {ECO:0000269|PubMed:18046454}; Cytoplasmic side {ECO:0000269|PubMed:18046454}. Cytoplasm, cell cortex {ECO:0000269|PubMed:18046454}. Cytoplasm, cytoskeleton {ECO:0000269|PubMed:18046454}. Cell projection, microvillus {ECO:0000250|UniProtKB:P26040}. Note=Localization to the apical membrane of parietal cells depends on the interaction with PALS1. Localizes to cell extensions and peripheral processes of astrocytes (By similarity). Microvillar peripheral membrane protein (cytoplasmic side). {ECO:0000250|UniProtKB:P31977}."
P15735,,,,
P15882,,,,
P16333,,,,"SUBCELLULAR LOCATION: Cytoplasm. Endoplasmic reticulum. Nucleus. Note=Mostly cytoplasmic, but shuttles between the cytoplasm and the nucleus. Import into the nucleus requires the interaction with SOCS7. Predominantly nuclear following genotoxic stresses, such as UV irradiation, hydroxyurea or mitomycin C treatments."
P17041,,,,SUBCELLULAR LOCATION: Nucleus {ECO:0000305}.
P17302,,"TRANSMEM 24..44; /note=""Helical""; /evidence=""ECO:0000255""; TRANSMEM 77..97; /note=""Helical""; /evidence=""ECO:0000255""; TRANSMEM 156..176; /note=""Helical""; /evidence=""ECO:0000255""; TRANSMEM 208..228; /note=""Helical""; /evidence=""ECO:0000255""","TOPO_DOM 2..23; /note=""Cytoplasmic""; /evidence=""ECO:0000250|UniProtKB:P08050""; TOPO_DOM 45..76; /note=""Extracellular""; /evidence=""ECO:0000250|UniProtKB:P08050""; TOPO_DOM 98..155; /note=""Cytoplasmic""; /evidence=""ECO:0000250|UniProtKB:P08050""; TOPO_DOM 177..207; /note=""Extracellular""; /evidence=""ECO:0000250|UniProtKB:P08050""; TOPO_DOM 229..382; /note=""Cytoplasmic""; /evidence=""ECO:0000250|UniProtKB:P08050""","SUBCELLULAR LOCATION: Cell membrane {ECO:0000269|PubMed:22411987, ECO:0000269|PubMed:25398053}; Multi-pass membrane protein {ECO:0000255}. Cell junction, gap junction {ECO:0000269|PubMed:22411987, ECO:0000269|PubMed:25225338, ECO:0000269|PubMed:25398053, ECO:0000269|PubMed:38375917}. Endoplasmic reticulum {ECO:0000250|UniProtKB:P23242}. Cell junction {ECO:0000269|PubMed:26604139}. Note=Localizes at the intercalated disk (ICD) between two adjacent cardiomyocytes and the proper localization at ICD is dependent on TMEM65. {ECO:0000250|UniProtKB:P23242}."
P17844,,,,"SUBCELLULAR LOCATION: Nucleus {ECO:0000269|PubMed:22034099}. Nucleus, nucleolus {ECO:0000269|PubMed:10837141, ECO:0000269|PubMed:1996094}. Nucleus speckle {ECO:0000269|PubMed:24644279}. Cytoplasm {ECO:0000269|PubMed:22034099}. Note=During the G0 phase, predominantly located in the nucleus. Cytoplasmic levels increase during the G1/S phase. During the M phase, located at the vicinity of the condensed chromosomes. At G1, localizes in the cytoplasm. {ECO:0000269|PubMed:22034099}."
P17980,,,,SUBCELLULAR LOCATION: Cytoplasm {ECO:0000305}. Nucleus {ECO:0000305}. Note=Colocalizes with TRIM5 in the cytoplasmic bodies. {ECO:0000250|UniProtKB:O88685}.
P19387,,,,SUBCELLULAR LOCATION: Nucleus {ECO:0000269|PubMed:9852112}.
P22059,,,,"SUBCELLULAR LOCATION: Cytoplasm, cytosol {ECO:0000269|PubMed:24209621, ECO:0000269|PubMed:29514919}. Cytoplasm, perinuclear region {ECO:0000269|PubMed:24209621}. Golgi apparatus membrane; Peripheral membrane protein {ECO:0000269|PubMed:24209621}. Endoplasmic reticulum membrane; Peripheral membrane protein {ECO:0000269|PubMed:24209621}. Golgi apparatus, trans-Golgi network {ECO:0000269|PubMed:29514919}. Note=Predominantly cytosolic. {ECO:0000269|PubMed:24209621}."
P23258,,,,"SUBCELLULAR LOCATION: Cytoplasm, cytoskeleton, microtubule organizing center, centrosome {ECO:0000269|PubMed:14654843, ECO:0000269|PubMed:24107630, ECO:0000269|PubMed:35849559, ECO:0000269|PubMed:9566967, ECO:0000269|PubMed:9566969}. Cytoplasm, cytoskeleton, spindle {ECO:0000269|PubMed:30723163}. Note=Localizes to mitotic spindle microtubules. {ECO:0000269|PubMed:30723163}."
P24941,,,,"SUBCELLULAR LOCATION: Cytoplasm, cytoskeleton, microtubule organizing center, centrosome. Nucleus, Cajal body. Cytoplasm. Endosome. Note=Localized at the centrosomes in late G2 phase after separation of the centrosomes but before the start of prophase. Nuclear-cytoplasmic trafficking is mediated during the inhibition by 1,25-(OH)(2)D(3)."
P26196,,,,"SUBCELLULAR LOCATION: Cytoplasm, P-body {ECO:0000269|PubMed:16364915, ECO:0000269|PubMed:16699599, ECO:0000269|PubMed:20616046, ECO:0000269|PubMed:22915799, ECO:0000269|PubMed:25995375, ECO:0000269|PubMed:26184334, ECO:0000269|PubMed:31422817, ECO:0000269|PubMed:32354837}. Cytoplasm {ECO:0000269|PubMed:26184334, ECO:0000269|PubMed:28216671}. Nucleus {ECO:0000269|PubMed:26184334, ECO:0000269|PubMed:28216671}. Cytoplasm, Cytoplasmic ribonucleoprotein granule {ECO:0000250|UniProtKB:P54823}. Note=Imported in the nucleus via interaction with EIF4ENIF1/4E-T via a piggy-back mechanism (PubMed:28216671). Upon cellular stress, relocalizes to stress granules (PubMed:26184334). {ECO:0000269|PubMed:26184334, ECO:0000269|PubMed:28216671}."
P26373,,,,"SUBCELLULAR LOCATION: Cytoplasm {ECO:0000269|PubMed:23636399, ECO:0000305|PubMed:31630789}."
P13929,,,,SUBCELLULAR LOCATION: Cytoplasm. Note=Localized to the Z line. Some colocalization with CKM at M-band (By similarity). {ECO:0000250}.
P14866,,,,"SUBCELLULAR LOCATION: Nucleus, nucleoplasm {ECO:0000269|PubMed:17289661, ECO:0000269|PubMed:2687284, ECO:0000305|PubMed:26051023, ECO:0000305|PubMed:36537238}. Cytoplasm {ECO:0000269|PubMed:17289661}. Note=Localized in cytoplasmic mRNP granules containing untranslated mRNAs. These granules are not identical with P bodies or stress granules. {ECO:0000269|PubMed:17289661}."
P17275,,,,SUBCELLULAR LOCATION: Nucleus.
P17612,,,,"SUBCELLULAR LOCATION: Cytoplasm {ECO:0000269|PubMed:21085490, ECO:0000269|PubMed:21423175}. Cell membrane {ECO:0000269|PubMed:19210988, ECO:0000269|PubMed:21423175}. Membrane {ECO:0000305}; Lipid-anchor {ECO:0000305}. Nucleus {ECO:0000269|PubMed:21085490}. Mitochondrion {ECO:0000250|UniProtKB:P05132}. Note=Translocates into the nucleus (monomeric catalytic subunit). The inactive holoenzyme is found in the cytoplasm. Distributed throughout the cytoplasm in meiotically incompetent oocytes. Associated to mitochondrion as meiotic competence is acquired. Aggregates around the germinal vesicles (GV) at the immature GV stage oocytes (By similarity). Colocalizes with HSF1 in nuclear stress bodies (nSBs) upon heat shock (PubMed:21085490). Recruited to the cell membrane through interaction with SMO (By similarity). {ECO:0000250|UniProtKB:P05132, ECO:0000269|PubMed:21085490}.; SUBCELLULAR LOCATION: [Isoform 2]: Cell projection, cilium, flagellum {ECO:0000269|PubMed:10906071}. Cytoplasmic vesicle, secretory vesicle, acrosome {ECO:0000250|UniProtKB:P05132}. Note=Expressed in the midpiece region of the sperm flagellum (PubMed:10906071). Colocalizes with MROH2B and TCP11 on the acrosome and tail regions in round spermatids and spermatozoa regardless of the capacitation status of the sperm (By similarity). {ECO:0000250|UniProtKB:P05132, ECO:0000269|PubMed:10906071}."
P19105,,,,
P19525,,,,"SUBCELLULAR LOCATION: Cytoplasm {ECO:0000269|PubMed:15121867, ECO:0000269|PubMed:21029237, ECO:0000269|PubMed:22214662, ECO:0000269|PubMed:26705305}. Nucleus {ECO:0000269|PubMed:21029237, ECO:0000269|PubMed:21072047, ECO:0000269|PubMed:26705305}. Cytoplasm, perinuclear region {ECO:0000269|PubMed:15121867}. Note=Nuclear localization is elevated in acute leukemia, myelodysplastic syndrome (MDS), melanoma, breast, colon, prostate and lung cancer patient samples or cell lines as well as neurocytes from advanced Creutzfeldt-Jakob disease patients. {ECO:0000269|PubMed:21072047}."
P19784,,,,SUBCELLULAR LOCATION: Nucleus {ECO:0000250|UniProtKB:O54833}. Cytoplasm {ECO:0000250|UniProtKB:O54833}. Note=Interaction with SIRT6 prevents translocation into the nucleus. {ECO:0000250|UniProtKB:O54833}.
P23246,,,,"SUBCELLULAR LOCATION: Nucleus speckle {ECO:0000269|PubMed:25765647}. Nucleus matrix {ECO:0000269|PubMed:10653975, ECO:0000269|PubMed:19439179, ECO:0000269|PubMed:9848648}. Cytoplasm {ECO:0000269|PubMed:19439179}. Note=Predominantly in nuclear matrix. {ECO:0000269|PubMed:19439179}."
P24386,,,,"SUBCELLULAR LOCATION: Cytoplasm, cytosol {ECO:0000269|PubMed:7957092}."
P25490,,,,"SUBCELLULAR LOCATION: Nucleus matrix {ECO:0000269|PubMed:18026119, ECO:0000269|PubMed:23385818, ECO:0000269|PubMed:9493912}. Note=Associated with the nuclear matrix. {ECO:0000269|PubMed:18026119, ECO:0000269|PubMed:23385818, ECO:0000269|PubMed:9493912}."
P25685,,,,"SUBCELLULAR LOCATION: Cytoplasm {ECO:0000269|PubMed:1586970}. Nucleus {ECO:0000269|PubMed:1586970}. Nucleus, nucleolus {ECO:0000269|PubMed:1586970}. Note=Translocates rapidly from the cytoplasm to the nucleus, and especially to the nucleoli, upon heat shock."
P15170,,,,
P16615,,"TRANSMEM 49..69; /note=""Helical; Name=1""; /evidence=""ECO:0000250|UniProtKB:P04191""; TRANSMEM 90..110; /note=""Helical; Name=2""; /evidence=""ECO:0000250|UniProtKB:P04191""; TRANSMEM 254..273; /note=""Helical; Name=3""; /evidence=""ECO:0000250|UniProtKB:P04191""; TRANSMEM 296..313; /note=""Helical; Name=4""; /evidence=""ECO:0000250|UniProtKB:P04191""; TRANSMEM 757..776; /note=""Helical; Name=5""; /evidence=""ECO:0000250|UniProtKB:P04191""; TRANSMEM 787..807; /note=""Helical; Name=6""; /evidence=""ECO:0000250|UniProtKB:P04191""; TRANSMEM 828..850; /note=""Helical; Name=7""; /evidence=""ECO:0000250|UniProtKB:P04191""; TRANSMEM 897..916; /note=""Helical; Name=8""; /evidence=""ECO:0000250|UniProtKB:P04191""; TRANSMEM 930..948; /note=""Helical; Name=9""; /evidence=""ECO:0000250|UniProtKB:P04191""; TRANSMEM 964..984; /note=""Helical; Name=10""; /evidence=""ECO:0000250|UniProtKB:P04191""","TOPO_DOM 1..48; /note=""Cytoplasmic""; /evidence=""ECO:0000305""; TOPO_DOM 70..89; /note=""Lumenal""; /evidence=""ECO:0000305""; TOPO_DOM 111..253; /note=""Cytoplasmic""; /evidence=""ECO:0000305""; TOPO_DOM 274..295; /note=""Lumenal""; /evidence=""ECO:0000305""; TOPO_DOM 314..756; /note=""Cytoplasmic""; /evidence=""ECO:0000305""; TOPO_DOM 777..786; /note=""Lumenal""; /evidence=""ECO:0000305""; TOPO_DOM 808..827; /note=""Cytoplasmic""; /evidence=""ECO:0000305""; TOPO_DOM 851..896; /note=""Lumenal""; /evidence=""ECO:0000305""; TOPO_DOM 917..929; /note=""Cytoplasmic""; /evidence=""ECO:0000305""; TOPO_DOM 949..963; /note=""Lumenal""; /evidence=""ECO:0000305""; TOPO_DOM 985..1042; /note=""Cytoplasmic""; /evidence=""ECO:0000305""",SUBCELLULAR LOCATION: Endoplasmic reticulum membrane {ECO:0000250|UniProtKB:O55143}; Multi-pass membrane protein {ECO:0000255}. Sarcoplasmic reticulum membrane {ECO:0000269|PubMed:12804600}; Multi-pass membrane protein {ECO:0000255}. Note=Colocalizes with FLVCR2 at the mitochondrial-ER contact junction. {ECO:0000250|UniProtKB:O55143}.
P18858,,,,SUBCELLULAR LOCATION: Nucleus.
P25440,,,,"SUBCELLULAR LOCATION: Nucleus {ECO:0000269|PubMed:18406326, ECO:0000269|PubMed:25593309}. Chromosome {ECO:0000269|PubMed:18406326, ECO:0000269|PubMed:25593309, ECO:0000269|PubMed:28262505}. Note=Detected on chromatin and nucleosomes. {ECO:0000269|PubMed:18406326}."
P25788,,,,"SUBCELLULAR LOCATION: Cytoplasm {ECO:0000269|PubMed:12181345, ECO:0000269|PubMed:34711951}. Nucleus {ECO:0000269|PubMed:12181345, ECO:0000269|PubMed:34711951}. Note=Translocated from the cytoplasm into the nucleus following interaction with AKIRIN2, which bridges the proteasome with the nuclear import receptor IPO9. {ECO:0000269|PubMed:34711951}."
P14324,,,,SUBCELLULAR LOCATION: Cytoplasm.
P17948,"SIGNAL 1..26; /evidence=""ECO:0000269|PubMed:8248162""","TRANSMEM 759..780; /note=""Helical""; /evidence=""ECO:0000255""","TOPO_DOM 27..758; /note=""Extracellular""; /evidence=""ECO:0000255""; TOPO_DOM 781..1338; /note=""Cytoplasmic""; /evidence=""ECO:0000255""",SUBCELLULAR LOCATION: [Isoform 1]: Cell membrane; Single-pass type I membrane protein. Endosome. Note=Autophosphorylation promotes ubiquitination and endocytosis.; SUBCELLULAR LOCATION: [Isoform 2]: Secreted {ECO:0000269|PubMed:8248162}.; SUBCELLULAR LOCATION: [Isoform 3]: Secreted.; SUBCELLULAR LOCATION: [Isoform 4]: Secreted.; SUBCELLULAR LOCATION: [Isoform 5]: Cytoplasm {ECO:0000305}.; SUBCELLULAR LOCATION: [Isoform 6]: Cytoplasm {ECO:0000305}.; SUBCELLULAR LOCATION: [Isoform 7]: Cytoplasm {ECO:0000305}.
P20020,,"TRANSMEM 106..126; /note=""Helical""; /evidence=""ECO:0000269|PubMed:30190470""; TRANSMEM 155..175; /note=""Helical""; /evidence=""ECO:0000269|PubMed:30190470""; TRANSMEM 367..386; /note=""Helical""; /evidence=""ECO:0000269|PubMed:30190470""; TRANSMEM 419..439; /note=""Helical""; /evidence=""ECO:0000255""; TRANSMEM 856..876; /note=""Helical""; /evidence=""ECO:0000255""; TRANSMEM 883..903; /note=""Helical""; /evidence=""ECO:0000255""; TRANSMEM 928..948; /note=""Helical""; /evidence=""ECO:0000269|PubMed:30190470""; TRANSMEM 972..991; /note=""Helical""; /evidence=""ECO:0000269|PubMed:30190470""; TRANSMEM 1006..1027; /note=""Helical""; /evidence=""ECO:0000269|PubMed:30190470""; TRANSMEM 1040..1060; /note=""Helical""; /evidence=""ECO:0000269|PubMed:30190470""","TOPO_DOM 2..105; /note=""Cytoplasmic""; /evidence=""ECO:0000305""; TOPO_DOM 127..154; /note=""Extracellular""; /evidence=""ECO:0000305""; TOPO_DOM 176..366; /note=""Cytoplasmic""; /evidence=""ECO:0000305""; TOPO_DOM 387..418; /note=""Extracellular""; /evidence=""ECO:0000305""; TOPO_DOM 440..855; /note=""Cytoplasmic""; /evidence=""ECO:0000305""; TOPO_DOM 877..882; /note=""Extracellular""; /evidence=""ECO:0000305""; TOPO_DOM 904..927; /note=""Cytoplasmic""; /evidence=""ECO:0000305""; TOPO_DOM 949..971; /note=""Extracellular""; /evidence=""ECO:0000305""; TOPO_DOM 992..1005; /note=""Cytoplasmic""; /evidence=""ECO:0000305""; TOPO_DOM 1028..1039; /note=""Extracellular""; /evidence=""ECO:0000305""; TOPO_DOM 1061..1220; /note=""Cytoplasmic""; /evidence=""ECO:0000305""","SUBCELLULAR LOCATION: Cell membrane {ECO:0000269|PubMed:18029012, ECO:0000269|PubMed:35358416}; Multi-pass membrane protein {ECO:0000255}. Basolateral cell membrane {ECO:0000250|UniProtKB:G5E829}. Synapse {ECO:0000250|UniProtKB:G5E829}. Presynaptic cell membrane {ECO:0000250|UniProtKB:G5E829}; Multi-pass membrane protein {ECO:0000255}. Cytoplasmic vesicle, secretory vesicle, synaptic vesicle membrane {ECO:0000250|UniProtKB:G5E829}; Multi-pass membrane protein {ECO:0000255}. Note=Colocalizes with SV2A in photoreceptor synaptic terminals. Colocalizes with NPTN to the immunological synapse. Colocalizes with EPB41 to the basolateral membrane in enterocyte. Preferentially sorted to recycling synaptic vesicles. {ECO:0000250|UniProtKB:G5E829}."
P15907,,"TRANSMEM 10..26; /note=""Helical; Signal-anchor for type II membrane protein""; /evidence=""ECO:0000255""","TOPO_DOM 1..9; /note=""Cytoplasmic""; TOPO_DOM 27..406; /note=""Lumenal""; /evidence=""ECO:0000255""","SUBCELLULAR LOCATION: Golgi apparatus, Golgi stack membrane {ECO:0000269|PubMed:1730763, ECO:0000269|PubMed:20378551, ECO:0000269|PubMed:29133956}; Single-pass type II membrane protein {ECO:0000305}. Secreted {ECO:0000250|UniProtKB:P13721}. Note=Membrane-bound form in trans cisternae of Golgi (PubMed:20378551). Secreted into the body fluid (By similarity). Colocalizes with MGAT3 and B4GALT1 in the Golgi stacks of cisternae, including the cis-part of the Golgi stacks. {ECO:0000250|UniProtKB:P13721, ECO:0000269|PubMed:20378551, ECO:0000269|PubMed:29133956}."
P19838,,,,"SUBCELLULAR LOCATION: [Nuclear factor NF-kappa-B p105 subunit]: Cytoplasm {ECO:0000269|PubMed:1423592}.; SUBCELLULAR LOCATION: [Nuclear factor NF-kappa-B p50 subunit]: Nucleus {ECO:0000269|PubMed:9865693}. Cytoplasm {ECO:0000269|PubMed:9865693}. Note=Association with NFKBIA inhibitor (I-kappa-B), promotes its retention in the cytoplasm in an inactive form (PubMed:9865693). Translocates into the nucleus following NFKBIA degradation (PubMed:9865693). {ECO:0000269|PubMed:9865693}."
P22314,,,,"SUBCELLULAR LOCATION: Cytoplasm {ECO:0000269|PubMed:1376922}. Mitochondrion {ECO:0000269|PubMed:1376922}. Nucleus {ECO:0000269|PubMed:1376922, ECO:0000269|PubMed:22456334}.; SUBCELLULAR LOCATION: [Isoform 1]: Nucleus {ECO:0000269|PubMed:33108101, ECO:0000269|PubMed:7528747, ECO:0000269|PubMed:9099746}.; SUBCELLULAR LOCATION: [Isoform 2]: Cytoplasm {ECO:0000269|PubMed:33108101, ECO:0000269|PubMed:7528747}."
P25054,,,,"SUBCELLULAR LOCATION: Cell junction, adherens junction {ECO:0000269|PubMed:16611247}. Cytoplasm, cytoskeleton {ECO:0000269|PubMed:19632184, ECO:0000269|PubMed:20937854}. Cell projection, lamellipodium {ECO:0000269|PubMed:19151759}. Cell projection, ruffle membrane {ECO:0000269|PubMed:19151759}. Cytoplasm {ECO:0000269|PubMed:10947987}. Cell membrane {ECO:0000269|PubMed:10947987, ECO:0000269|PubMed:16611247, ECO:0000269|PubMed:20937854}. Note=Associated with the microtubule network at the growing distal tip of microtubules (PubMed:19632184). MAPRE1 may be required for targeting to the growing microtubule plus ends (PubMed:19632184). Accumulates in the lamellipodium and ruffle membrane in response to hepatocyte growth factor (HGF) treatment (PubMed:19151759). The MEMO1-RHOA-DIAPH1 signaling pathway controls localization of the phosphorylated form to the cell membrane (PubMed:20937854). {ECO:0000269|PubMed:19151759, ECO:0000269|PubMed:19632184, ECO:0000269|PubMed:20937854}."
P18206,,,,"SUBCELLULAR LOCATION: Cell membrane {ECO:0000250|UniProtKB:P12003}; Peripheral membrane protein {ECO:0000250|UniProtKB:P12003}; Cytoplasmic side {ECO:0000250|UniProtKB:P12003}. Cell junction, adherens junction {ECO:0000250|UniProtKB:P12003}. Cell junction, focal adhesion {ECO:0000250|UniProtKB:P12003}. Cytoplasm, cytoskeleton {ECO:0000250|UniProtKB:P85972}. Cell membrane, sarcolemma {ECO:0000250|UniProtKB:Q64727}; Peripheral membrane protein {ECO:0000250|UniProtKB:Q64727}; Cytoplasmic side {ECO:0000250|UniProtKB:Q64727}. Cell projection, podosome {ECO:0000250|UniProtKB:Q64727}. Cytoplasm, perinuclear region {ECO:0000250|UniProtKB:Q64727}. Note=Recruitment to cell-cell junctions occurs in a myosin II-dependent manner. Interaction with CTNNB1 is necessary for its localization to the cell-cell junctions. {ECO:0000250|UniProtKB:P12003}."
P22607,SIGNAL 1..22,"TRANSMEM 376..396; /note=""Helical""; /evidence=""ECO:0000255""","TOPO_DOM 23..375; /note=""Extracellular""; /evidence=""ECO:0000255""; TOPO_DOM 397..806; /note=""Cytoplasmic""; /evidence=""ECO:0000255""",SUBCELLULAR LOCATION: [Isoform 1]: Cell membrane; Single-pass type I membrane protein. Cytoplasmic vesicle. Endoplasmic reticulum. Note=The activated receptor is rapidly internalized and degraded. Detected in intracellular vesicles after internalization of the autophosphorylated receptor.; SUBCELLULAR LOCATION: [Isoform 2]: Cell membrane {ECO:0000250}; Single-pass type I membrane protein {ECO:0000250}.; SUBCELLULAR LOCATION: [Isoform 3]: Secreted.; SUBCELLULAR LOCATION: [Isoform 4]: Cell membrane {ECO:0000250}; Single-pass type I membrane protein {ECO:0000250}.
P25789,,,,"SUBCELLULAR LOCATION: Cytoplasm {ECO:0000269|PubMed:12181345, ECO:0000269|PubMed:34711951}. Nucleus {ECO:0000269|PubMed:12181345, ECO:0000269|PubMed:34711951}. Note=Translocated from the cytoplasm into the nucleus following interaction with AKIRIN2, which bridges the proteasome with the nuclear import receptor IPO9 (PubMed:34711951). Colocalizes with TRIM5 in the cytoplasmic bodies (By similarity). {ECO:0000250|UniProtKB:Q9R1P0, ECO:0000269|PubMed:34711951}."
P21127,,,,"SUBCELLULAR LOCATION: Nucleus {ECO:0000269|PubMed:8195233, ECO:0000269|PubMed:9580558}. Chromosome {ECO:0000269|PubMed:40858114}. Cytoplasm {ECO:0000269|PubMed:8195233}. Note=Localizes to transcription start site (TSS) proximal regions. {ECO:0000269|PubMed:32367068, ECO:0000269|PubMed:40858114}.; SUBCELLULAR LOCATION: [Isoform SV9]: Nucleus {ECO:0000269|PubMed:12501247}.; SUBCELLULAR LOCATION: [Isoform 7]: Nucleus {ECO:0000269|PubMed:16710414}. Chromosome, centromere {ECO:0000269|PubMed:24436071, ECO:0000269|PubMed:38019613}."
P21675,,,,"SUBCELLULAR LOCATION: Nucleus {ECO:0000269|PubMed:2038334, ECO:0000269|PubMed:25593309, ECO:0000269|PubMed:27007846}."
P28370,,,,"SUBCELLULAR LOCATION: Nucleus {ECO:0000269|PubMed:28801535, ECO:0000269|PubMed:39413208}. Chromosome {ECO:0000269|PubMed:28801535, ECO:0000269|PubMed:39413208}."
P30043,,,,"SUBCELLULAR LOCATION: Cytoplasm {ECO:0000269|PubMed:38056462, ECO:0000269|PubMed:7929092}."
P31948,,,,SUBCELLULAR LOCATION: Cytoplasm {ECO:0000250|UniProtKB:Q60864}. Nucleus {ECO:0000250|UniProtKB:Q60864}. Dynein axonemal particle {ECO:0000250|UniProtKB:Q7ZWU1}.
P33981,,,,
P36021,,"TRANSMEM 97..117; /note=""Helical; Name=1""; /evidence=""ECO:0000269|PubMed:40680733""; TRANSMEM 144..164; /note=""Helical; Name=2""; /evidence=""ECO:0000269|PubMed:40680733""; TRANSMEM 172..192; /note=""Helical; Name=3""; /evidence=""ECO:0000269|PubMed:40680733""; TRANSMEM 201..221; /note=""Helical; Name=4""; /evidence=""ECO:0000269|PubMed:40680733""; TRANSMEM 230..250; /note=""Helical; Name=5""; /evidence=""ECO:0000269|PubMed:40680733""; TRANSMEM 259..279; /note=""Helical; Name=6""; /evidence=""ECO:0000269|PubMed:40680733""; TRANSMEM 323..343; /note=""Helical; Name=7""; /evidence=""ECO:0000269|PubMed:40680733""; TRANSMEM 357..377; /note=""Helical; Name=8""; /evidence=""ECO:0000255""; TRANSMEM 387..407; /note=""Helical; Name=9""; /evidence=""ECO:0000269|PubMed:40680733""; TRANSMEM 410..430; /note=""Helical; Name=10""; /evidence=""ECO:0000269|PubMed:40680733""; TRANSMEM 448..468; /note=""Helical; Name=11""; /evidence=""ECO:0000269|PubMed:40680733""; TRANSMEM 478..498; /note=""Helical; Name=12""; /evidence=""ECO:0000269|PubMed:40680733""","TOPO_DOM 2..96; /note=""Cytoplasmic""; /evidence=""ECO:0000305""; TOPO_DOM 118..143; /note=""Extracellular""; /evidence=""ECO:0000305""; TOPO_DOM 165..171; /note=""Cytoplasmic""; /evidence=""ECO:0000305""; TOPO_DOM 193..200; /note=""Extracellular""; /evidence=""ECO:0000305""; TOPO_DOM 222..229; /note=""Cytoplasmic""; /evidence=""ECO:0000305""; TOPO_DOM 251..258; /note=""Extracellular""; /evidence=""ECO:0000305""; TOPO_DOM 280..322; /note=""Cytoplasmic""; /evidence=""ECO:0000305""; TOPO_DOM 344..356; /note=""Extracellular""; /evidence=""ECO:0000305""; TOPO_DOM 378..386; /note=""Cytoplasmic""; /evidence=""ECO:0000305""; TOPO_DOM 408..409; /note=""Extracellular""; /evidence=""ECO:0000305""; TOPO_DOM 431..447; /note=""Cytoplasmic""; /evidence=""ECO:0000305""; TOPO_DOM 469..477; /note=""Extracellular""; /evidence=""ECO:0000305""; TOPO_DOM 499..539; /note=""Cytoplasmic""; /evidence=""ECO:0000305""","SUBCELLULAR LOCATION: Cell membrane {ECO:0000269|PubMed:20628049, ECO:0000269|PubMed:23550058, ECO:0000269|PubMed:25527620, ECO:0000269|PubMed:26426690, ECO:0000269|PubMed:40680733}; Multi-pass membrane protein {ECO:0000269|PubMed:40680733}. Apical cell membrane {ECO:0000269|PubMed:18687783}; Multi-pass membrane protein {ECO:0000269|PubMed:40680733}."
P40925,,,,"SUBCELLULAR LOCATION: Cytoplasm, cytosol {ECO:0000305|PubMed:8786100}."
P41091,,,,"SUBCELLULAR LOCATION: Cytoplasm, cytosol {ECO:0000250|UniProtKB:Q09130}."
P41240,,,,"SUBCELLULAR LOCATION: Cytoplasm {ECO:0000250|UniProtKB:P41241}. Cell membrane {ECO:0000250|UniProtKB:P41241}. Note=Mainly cytoplasmic, also present in lipid rafts. {ECO:0000250|UniProtKB:P41241}."
P42566,,,,"SUBCELLULAR LOCATION: Cytoplasm. Cell membrane; Peripheral membrane protein; Cytoplasmic side. Membrane, clathrin-coated pit. Note=Recruited to the plasma membrane upon EGFR activation and localizes to coated pits. Colocalizes with UBQLN1 in ubiquitin-rich cytoplasmic aggregates that are not endocytic compartments and in cytoplasmic juxtanuclear structures called aggresomes. {ECO:0000269|PubMed:16159959}.; SUBCELLULAR LOCATION: [Isoform 2]: Early endosome membrane {ECO:0000269|PubMed:18362181}; Peripheral membrane protein {ECO:0000269|PubMed:18362181}; Cytoplasmic side {ECO:0000269|PubMed:18362181}. Note=Colocalizes with HGS on bilayered clathrin coats on endosomes."
P26583,,,,"SUBCELLULAR LOCATION: Nucleus {ECO:0000269|PubMed:11909973, ECO:0000269|PubMed:12925773, ECO:0000269|PubMed:23877675}. Chromosome {ECO:0000269|PubMed:12925773}. Cytoplasm {ECO:0000269|PubMed:11909973, ECO:0000269|PubMed:23877675}. Secreted {ECO:0000269|PubMed:19811285, ECO:0000269|PubMed:23877675}. Note=In basal state predominantly nuclear. {ECO:0000305}."
P27708,,,,"SUBCELLULAR LOCATION: Cytoplasm {ECO:0000269|PubMed:15890648}. Nucleus {ECO:0000269|PubMed:15890648}. Note=Cytosolic and unphosphorylated in resting cells, translocates to the nucleus in response to EGF stimulation, nuclear import promotes optimal cell growth."
P30876,,,,SUBCELLULAR LOCATION: Nucleus {ECO:0000269|PubMed:9852112}.
P31483,,,,"SUBCELLULAR LOCATION: Nucleus {ECO:0000269|PubMed:10613902, ECO:0000269|PubMed:15371533, ECO:0000269|PubMed:17984221, ECO:0000305|PubMed:18201561}. Cytoplasm {ECO:0000269|PubMed:17488725}. Cytoplasm, Stress granule {ECO:0000269|PubMed:10613902, ECO:0000269|PubMed:15371533, ECO:0000269|PubMed:17984221}. Note=Accumulates in cytoplasmic stress granules (SG) following cellular damage (PubMed:10613902, PubMed:15371533). Recruitment to SG is induced by Zn(2+) (By similarity). {ECO:0000250|UniProtKB:P52912, ECO:0000269|PubMed:10613902, ECO:0000269|PubMed:15371533}."
P31689,,,,"SUBCELLULAR LOCATION: Membrane {ECO:0000305|PubMed:10816573}; Lipid-anchor {ECO:0000305|PubMed:10816573}. Cytoplasm {ECO:0000269|PubMed:10816573}. Microsome {ECO:0000250}. Nucleus {ECO:0000269|PubMed:10816573}. Cytoplasm, perinuclear region {ECO:0000269|PubMed:10816573}. Mitochondrion {ECO:0000250}. Note=Primarily associated with microsomes. A minor proportion is associated with mitochondria (By similarity). Primarily cytoplasmic. A minor proportion is associated with nuclei. {ECO:0000250}."
P31946,,,,"SUBCELLULAR LOCATION: Cytoplasm {ECO:0000269|PubMed:17081065}. Melanosome {ECO:0000269|PubMed:17081065}. Note=Identified by mass spectrometry in melanosome fractions from stage I to stage IV.; SUBCELLULAR LOCATION: Vacuole membrane {ECO:0000269|PubMed:11260479}. Note=(Microbial infection) Upon infection with Chlamydia trachomatis, this protein is associated with the pathogen-containing vacuole membrane where it colocalizes with IncG. {ECO:0000269|PubMed:11260479}."
P32856,,"TRANSMEM 265..288; /note=""Helical; Anchor for type IV membrane protein""; /evidence=""ECO:0000255""","TOPO_DOM 1..264; /note=""Cytoplasmic""; /evidence=""ECO:0000255""",SUBCELLULAR LOCATION: Membrane; Single-pass type IV membrane protein.
P35606,,,,"SUBCELLULAR LOCATION: Cytoplasm, cytosol {ECO:0000250}. Golgi apparatus membrane {ECO:0000250}; Peripheral membrane protein {ECO:0000250}; Cytoplasmic side {ECO:0000250}. Cytoplasmic vesicle, COPI-coated vesicle membrane {ECO:0000250}; Peripheral membrane protein {ECO:0000250}; Cytoplasmic side {ECO:0000250}. Note=The coatomer is cytoplasmic or polymerized on the cytoplasmic side of the Golgi, as well as on the vesicles/buds originating from it. Shows only a slight preference for the cis-Golgi apparatus, compared with the trans-Golgi. {ECO:0000250}."
P36404,,,,"SUBCELLULAR LOCATION: Mitochondrion intermembrane space {ECO:0000305|PubMed:30945270}. Cytoplasm, cytoskeleton, microtubule organizing center, centrosome. Nucleus. Cytoplasm. Note=The complex formed with ARL2BP, ARL2 and SLC25A6 is expressed in mitochondria. The complex formed with ARL2BP, ARL2 and SLC25A4 is expressed in mitochondria (By similarity). Not detected in the Golgi, nucleus and on the mitotic spindle. Centrosome-associated throughout the cell cycle. Not detected to interphase microtubules. {ECO:0000250|UniProtKB:O08697}."
P36578,,,,SUBCELLULAR LOCATION: Cytoplasm {ECO:0000269|PubMed:23636399}.
P37108,,,,SUBCELLULAR LOCATION: Cytoplasm.
P41208,,,,"SUBCELLULAR LOCATION: Cytoplasm, cytoskeleton, microtubule organizing center, centrosome {ECO:0000269|PubMed:14654843, ECO:0000269|PubMed:37934472}. Cytoplasm, cytoskeleton, microtubule organizing center, centrosome, centriole {ECO:0000269|PubMed:23591820, ECO:0000269|PubMed:32110738, ECO:0000269|PubMed:32946374, ECO:0000269|PubMed:37934472}. Nucleus envelope {ECO:0000269|PubMed:23591820}. Nucleus, nuclear pore complex {ECO:0000269|PubMed:23591820}. Nucleus {ECO:0000305}. Note=Localizes to the inner scaffold in the central region of centrioles and to the distal end of centrioles. {ECO:0000269|PubMed:37934472}."
P41743,,,,"SUBCELLULAR LOCATION: Cytoplasm {ECO:0000269|PubMed:11891849, ECO:0000269|PubMed:15695176, ECO:0000269|PubMed:9566925}. Membrane {ECO:0000269|PubMed:16452474}. Endosome {ECO:0000269|PubMed:9566925}. Nucleus {ECO:0000269|PubMed:11891849, ECO:0000269|PubMed:15695176}. Note=Transported into the endosome through interaction with SQSTM1/p62. After phosphorylation by SRC, transported into the nucleus through interaction with KPNB1. Colocalizes with CDK7 in the cytoplasm and nucleus. Transported to vesicular tubular clusters (VTCs) through interaction with RAB2A. {ECO:0000269|PubMed:15695176, ECO:0000269|PubMed:9566925}."
P27361,,,,"SUBCELLULAR LOCATION: Cytoplasm {ECO:0000250|UniProtKB:P21708}. Nucleus. Membrane, caveola {ECO:0000250|UniProtKB:P21708}. Cell junction, focal adhesion {ECO:0000250|UniProtKB:Q63844}. Note=Autophosphorylation at Thr-207 promotes nuclear localization (PubMed:19060905). PEA15-binding redirects the biological outcome of MAPK3 kinase-signaling by sequestering MAPK3 into the cytoplasm (By similarity). {ECO:0000250|UniProtKB:Q63844, ECO:0000269|PubMed:19060905}."
P27824,"SIGNAL 1..20; /evidence=""ECO:0000255, ECO:0007744|PubMed:25944712""","TRANSMEM 482..502; /note=""Helical""; /evidence=""ECO:0000255""","TOPO_DOM 21..481; /note=""Lumenal""; /evidence=""ECO:0000255""; TOPO_DOM 503..592; /note=""Cytoplasmic""; /evidence=""ECO:0000255""","SUBCELLULAR LOCATION: Endoplasmic reticulum membrane {ECO:0000269|PubMed:22314232}; Single-pass type I membrane protein {ECO:0000255}. Mitochondrion membrane {ECO:0000250|UniProtKB:P24643}; Single-pass type I membrane protein {ECO:0000255}. Melanosome membrane {ECO:0000269|PubMed:12643545, ECO:0000269|PubMed:17081065}; Single-pass type I membrane protein {ECO:0000255}. Note=Identified by mass spectrometry in melanosome fractions from stage I to stage IV (PubMed:12643545, PubMed:17081065). The palmitoylated form preferentially localizes to the perinuclear rough ER (PubMed:22314232). Localizes to endoplasmic reticulum mitochondria-associated membrane (MAMs) that connect the endoplasmic reticulum and the mitochondria (By similarity). {ECO:0000250|UniProtKB:P24643, ECO:0000269|PubMed:12643545, ECO:0000269|PubMed:17081065, ECO:0000269|PubMed:22314232}."
P28070,,,,"SUBCELLULAR LOCATION: Cytoplasm {ECO:0000269|PubMed:12181345, ECO:0000269|PubMed:34711951}. Nucleus {ECO:0000269|PubMed:12181345, ECO:0000269|PubMed:34711951}. Note=Translocated from the cytoplasm into the nucleus following interaction with AKIRIN2, which bridges the proteasome with the nuclear import receptor IPO9. {ECO:0000269|PubMed:34711951}."
P28482,,,,"SUBCELLULAR LOCATION: Cytoplasm, cytoskeleton, spindle {ECO:0000250}. Nucleus {ECO:0000269|PubMed:32721402}. Cytoplasm, cytoskeleton, microtubule organizing center, centrosome. Cytoplasm {ECO:0000269|PubMed:32721402}. Membrane, caveola {ECO:0000250|UniProtKB:P63086}. Cell junction, focal adhesion {ECO:0000250|UniProtKB:P63085}. Note=Associated with the spindle during prometaphase and metaphase (By similarity). PEA15-binding and phosphorylated DAPK1 promote its cytoplasmic retention. Phosphorylation at Ser- 246 and Ser-248 as well as autophosphorylation at Thr-190 promote nuclear localization. {ECO:0000250}."
P30825,,"TRANSMEM 36..57; /note=""Helical""; /evidence=""ECO:0000255""; TRANSMEM 62..82; /note=""Helical""; /evidence=""ECO:0000255""; TRANSMEM 103..123; /note=""Helical""; /evidence=""ECO:0000255""; TRANSMEM 163..183; /note=""Helical""; /evidence=""ECO:0000255""; TRANSMEM 192..212; /note=""Helical""; /evidence=""ECO:0000255""; TRANSMEM 247..267; /note=""Helical""; /evidence=""ECO:0000255""; TRANSMEM 288..307; /note=""Helical""; /evidence=""ECO:0000255""; TRANSMEM 338..358; /note=""Helical""; /evidence=""ECO:0000255""; TRANSMEM 385..405; /note=""Helical""; /evidence=""ECO:0000255""; TRANSMEM 409..429; /note=""Helical""; /evidence=""ECO:0000255""; TRANSMEM 493..513; /note=""Helical""; /evidence=""ECO:0000255""; TRANSMEM 527..551; /note=""Helical""; /evidence=""ECO:0000255""; TRANSMEM 560..580; /note=""Helical""; /evidence=""ECO:0000255""; TRANSMEM 585..605; /note=""Helical""; /evidence=""ECO:0000255""","TOPO_DOM 1..35; /note=""Cytoplasmic""; /evidence=""ECO:0000255""; TOPO_DOM 58..61; /note=""Extracellular""; /evidence=""ECO:0000255""; TOPO_DOM 83..102; /note=""Cytoplasmic""; /evidence=""ECO:0000255""; TOPO_DOM 124..162; /note=""Extracellular""; /evidence=""ECO:0000255""; TOPO_DOM 184..191; /note=""Cytoplasmic""; /evidence=""ECO:0000255""; TOPO_DOM 213..246; /note=""Extracellular""; /evidence=""ECO:0000255""; TOPO_DOM 268..287; /note=""Cytoplasmic""; /evidence=""ECO:0000255""; TOPO_DOM 308..337; /note=""Extracellular""; /evidence=""ECO:0000255""; TOPO_DOM 359..384; /note=""Cytoplasmic""; /evidence=""ECO:0000255""; TOPO_DOM 406..408; /note=""Extracellular""; /evidence=""ECO:0000255""; TOPO_DOM 430..492; /note=""Cytoplasmic""; /evidence=""ECO:0000255""; TOPO_DOM 514..526; /note=""Extracellular""; /evidence=""ECO:0000255""; TOPO_DOM 552..559; /note=""Cytoplasmic""; /evidence=""ECO:0000255""; TOPO_DOM 581..584; /note=""Extracellular""; /evidence=""ECO:0000255""; TOPO_DOM 606..629; /note=""Cytoplasmic""; /evidence=""ECO:0000255""",SUBCELLULAR LOCATION: Cell membrane {ECO:0000250|UniProtKB:Q09143}; Multi-pass membrane protein {ECO:0000255}.
P31943,,,,"SUBCELLULAR LOCATION: Nucleus, nucleoplasm."
P33176,,,,"SUBCELLULAR LOCATION: Cytoplasm, cytoskeleton {ECO:0000250|UniProtKB:Q2PQA9}. Cytolytic granule membrane {ECO:0000269|PubMed:24088571}. Lysosome membrane {ECO:0000269|PubMed:22172677, ECO:0000269|PubMed:24088571}; Peripheral membrane protein {ECO:0000305|PubMed:22172677, ECO:0000305|PubMed:24088571}; Cytoplasmic side {ECO:0000305|PubMed:22172677, ECO:0000305|PubMed:24088571}. Note=Uniformly distributed between soma and neurites in hippocampal neurons. {ECO:0000250|UniProtKB:Q2PQA9}."
P35916,"SIGNAL 1..24; /evidence=""ECO:0000269|PubMed:15340161""","TRANSMEM 776..796; /note=""Helical""; /evidence=""ECO:0000255""","TOPO_DOM 25..775; /note=""Extracellular""; /evidence=""ECO:0000255""; TOPO_DOM 797..1363; /note=""Cytoplasmic""; /evidence=""ECO:0000255""","SUBCELLULAR LOCATION: Cell membrane {ECO:0000269|PubMed:20445537, ECO:0000269|PubMed:7898938}; Single-pass type I membrane protein. Cytoplasm {ECO:0000269|PubMed:16452200, ECO:0000269|PubMed:20445537}. Nucleus {ECO:0000269|PubMed:16452200}. Note=Ligand-mediated autophosphorylation leads to rapid internalization. {ECO:0000269|PubMed:20445537}.; SUBCELLULAR LOCATION: [Isoform 1]: Cell membrane; Single-pass type I membrane protein. Note=Ligand-mediated autophosphorylation leads to rapid internalization.; SUBCELLULAR LOCATION: [Isoform 2]: Cell membrane; Single-pass type I membrane protein.; SUBCELLULAR LOCATION: [Isoform 3]: Secreted. Cytoplasm."
P35998,,,,SUBCELLULAR LOCATION: Cytoplasm {ECO:0000269|PubMed:22078707}. Note=Colocalizes with TRIM5 in cytoplasmic bodies. {ECO:0000269|PubMed:22078707}.
P37840,,,,"SUBCELLULAR LOCATION: Cytoplasm {ECO:0000269|PubMed:19762560, ECO:0000269|PubMed:24936070, ECO:0000269|PubMed:25561023, ECO:0000269|PubMed:26442590, ECO:0000269|PubMed:31034892, ECO:0000269|PubMed:33657088}. Membrane {ECO:0000269|PubMed:24936070}. Nucleus {ECO:0000269|PubMed:12859192, ECO:0000269|PubMed:24936070}. Synapse {ECO:0000269|PubMed:15282274}. Secreted {ECO:0000269|PubMed:24936070}. Cell projection, axon {ECO:0000250|UniProtKB:O55042}. Note=Membrane-bound in dopaminergic neurons (PubMed:15282274). Expressed and colocalized with SEPTIN4 in dopaminergic axon terminals, especially at the varicosities (By similarity). {ECO:0000250|UniProtKB:O55042, ECO:0000269|PubMed:15282274}."
P40227,,,,SUBCELLULAR LOCATION: Cytoplasm {ECO:0000269|PubMed:8034610}.
P42356,,,,"SUBCELLULAR LOCATION: Cytoplasm {ECO:0000269|PubMed:23229899, ECO:0000269|PubMed:24417819}. Cell membrane {ECO:0000269|PubMed:23229899, ECO:0000269|PubMed:24417819}. Note=Localization to the plasma membrane is mediated by the PI4K complex and association with EFR3 (EFR3A or EFR3B), TTC7 (TTC7A or TTC7B) and HYCC (HYCC1 or HYCC2) (PubMed:23229899). Localization to the plasma membrane is regulated by TMEM150A (PubMed:25608530). {ECO:0000269|PubMed:23229899, ECO:0000269|PubMed:25608530}."
P27816,,,,"SUBCELLULAR LOCATION: Cytoplasm, cytoskeleton {ECO:0000269|PubMed:34782749}. Cytoplasm, cytoskeleton, microtubule organizing center {ECO:0000269|PubMed:29180244}. Note=Recruitment to microtubule is inhibited by microtubules polyglutamylation. {ECO:0000269|PubMed:34782749}."
P28072,,,,"SUBCELLULAR LOCATION: Cytoplasm {ECO:0000269|PubMed:12181345, ECO:0000269|PubMed:34711951}. Nucleus {ECO:0000269|PubMed:12181345, ECO:0000269|PubMed:34711951}. Note=Translocated from the cytoplasm into the nucleus following interaction with AKIRIN2, which bridges the proteasome with the nuclear import receptor IPO9. {ECO:0000269|PubMed:34711951}."
P28074,,,,"SUBCELLULAR LOCATION: Cytoplasm {ECO:0000269|PubMed:12181345, ECO:0000269|PubMed:34711951}. Nucleus {ECO:0000269|PubMed:12181345, ECO:0000269|PubMed:34711951}. Note=Translocated from the cytoplasm into the nucleus following interaction with AKIRIN2, which bridges the proteasome with the nuclear import receptor IPO9. {ECO:0000269|PubMed:34711951}."
P29597,,,,
P30622,,,,"SUBCELLULAR LOCATION: Cytoplasm {ECO:0000305}. Cytoplasm, cytoskeleton {ECO:0000269|PubMed:17889670, ECO:0000269|PubMed:21646404}. Cytoplasmic vesicle membrane {ECO:0000269|PubMed:12433698}; Peripheral membrane protein; Cytoplasmic side. Cell projection, ruffle {ECO:0000269|PubMed:12433698}. Note=Localizes to microtubule plus ends (PubMed:17889670, PubMed:21646404). Localizes preferentially to the ends of tyrosinated microtubules (By similarity). Accumulates in plasma membrane regions with ruffling and protrusions. Associates with the membranes of intermediate macropinocytic vesicles (PubMed:12433698). {ECO:0000250|UniProtKB:Q922J3, ECO:0000269|PubMed:12433698, ECO:0000269|PubMed:17889670, ECO:0000269|PubMed:21646404}."
P30626,,,,SUBCELLULAR LOCATION: Cytoplasm. Sarcoplasmic reticulum membrane; Peripheral membrane protein; Cytoplasmic side. Note=Relocates to the sarcoplasmic reticulum membrane in response to elevated calcium levels.
P31150,,,,"SUBCELLULAR LOCATION: Cytoplasm {ECO:0000269|PubMed:19570034}. Golgi apparatus, trans-Golgi network {ECO:0000269|PubMed:19570034}."
P35609,,,,"SUBCELLULAR LOCATION: Cytoplasm, myofibril, sarcomere, Z line {ECO:0000269|PubMed:11171996, ECO:0000269|PubMed:19932097, ECO:0000269|PubMed:30701273}. Note=Colocalizes with MYOZ1 and FLNC at the Z-lines of skeletal muscle."
P36405,,,,"SUBCELLULAR LOCATION: Golgi apparatus membrane; Peripheral membrane protein; Cytoplasmic side. Cytoplasm, cytoskeleton, spindle. Nucleus. Cytoplasm, cytoskeleton, microtubule organizing center, centrosome. Cytoplasm. Cell projection, cilium {ECO:0000269|PubMed:30269812}. Note=Detected predominantly in the photoreceptor connecting cilium. Present on the mitotic spindle. Centrosome-associated throughout the cell cycle. Not detected to interphase microtubules."
P36954,,,,"SUBCELLULAR LOCATION: Nucleus, nucleolus {ECO:0000269|PubMed:9852112}."
P38432,,,,"SUBCELLULAR LOCATION: Nucleus {ECO:0000269|PubMed:7679389}. Nucleus, Cajal body {ECO:0000269|PubMed:16079131, ECO:0000269|PubMed:22547674, ECO:0000269|PubMed:23726919, ECO:0000269|PubMed:7679389}."
P38919,,,,"SUBCELLULAR LOCATION: Nucleus {ECO:0000269|PubMed:10623621, ECO:0000269|PubMed:11991638, ECO:0000269|PubMed:22961380, ECO:0000269|PubMed:28076346, ECO:0000269|PubMed:28502770, ECO:0000269|PubMed:29301961}. Nucleus speckle {ECO:0000269|PubMed:10623621}. Cytoplasm {ECO:0000250|UniProtKB:Q3B8Q2}. Note=Nucleocytoplasmic shuttling protein. Travels to the cytoplasm as part of the exon junction complex (EJC) bound to mRNA. Detected in dendritic layer as well as the nuclear and cytoplasmic (somatic) compartments of neurons. Colocalizes with STAU1 and FMR1 in dendrites (By similarity). {ECO:0000250|UniProtKB:Q3B8Q2}."
P40337,,,,"SUBCELLULAR LOCATION: [Isoform 1]: Cytoplasm {ECO:0000269|PubMed:9751722}. Cell membrane {ECO:0000269|PubMed:19584355}; Peripheral membrane protein {ECO:0000269|PubMed:9751722}. Endoplasmic reticulum {ECO:0000269|PubMed:12169691, ECO:0000269|PubMed:34290272}. Nucleus {ECO:0000269|PubMed:9751722}. Note=Found predominantly in the cytoplasm and with less amounts nuclear or membrane-associated (PubMed:9751722). Colocalizes with ADRB2 at the cell membrane (PubMed:19584355). {ECO:0000269|PubMed:19584355, ECO:0000269|PubMed:9751722}.; SUBCELLULAR LOCATION: [Isoform 3]: Cytoplasm {ECO:0000269|PubMed:9751722}. Nucleus {ECO:0000269|PubMed:9751722}. Note=Equally distributed between the nucleus and the cytoplasm but not membrane-associated. {ECO:0000269|PubMed:9751722}."
P40617,,,,"SUBCELLULAR LOCATION: Cell membrane. Cytoplasm. Nucleus, nucleolus. Note=Localization in the nucleolus is dependent by nucleotide binding."
P42345,,,,"SUBCELLULAR LOCATION: Lysosome membrane {ECO:0000269|PubMed:18497260, ECO:0000269|PubMed:20381137, ECO:0000269|PubMed:29750193, ECO:0000269|PubMed:30956113, ECO:0000269|PubMed:31112131, ECO:0000269|PubMed:31601764, ECO:0000269|PubMed:37057673}; Peripheral membrane protein {ECO:0000269|PubMed:30956113, ECO:0000269|PubMed:31112131}; Cytoplasmic side {ECO:0000269|PubMed:30956113, ECO:0000269|PubMed:31112131}. Endoplasmic reticulum membrane {ECO:0000269|PubMed:14578359}; Peripheral membrane protein {ECO:0000269|PubMed:14578359}; Cytoplasmic side {ECO:0000269|PubMed:14578359}. Golgi apparatus membrane {ECO:0000269|PubMed:14578359}; Peripheral membrane protein {ECO:0000269|PubMed:14578359}; Cytoplasmic side {ECO:0000269|PubMed:14578359}. Cell membrane {ECO:0000269|PubMed:21867682}; Peripheral membrane protein {ECO:0000269|PubMed:14578359}. Mitochondrion outer membrane {ECO:0000269|PubMed:11930000, ECO:0000269|PubMed:14578359}; Peripheral membrane protein {ECO:0000269|PubMed:11930000, ECO:0000269|PubMed:14578359}; Cytoplasmic side {ECO:0000269|PubMed:11930000, ECO:0000269|PubMed:14578359}. Cytoplasm {ECO:0000269|PubMed:11930000, ECO:0000269|PubMed:18497260}. Nucleus {ECO:0000250|UniProtKB:Q9JLN9}. Nucleus, PML body {ECO:0000250|UniProtKB:Q9JLN9}. Microsome membrane {ECO:0000269|PubMed:9434772}. Cytoplasmic vesicle, phagosome {ECO:0000269|PubMed:27623384}. Note=Shuttles between cytoplasm and nucleus. Accumulates in the nucleus in response to hypoxia (By similarity). Targeting to lysosomes depends on amino acid availability and RRAGA and RRAGB (PubMed:18497260, PubMed:20381137). Lysosome targeting also depends on interaction with MEAK7. Translocates to the lysosome membrane in the presence of TM4SF5 (PubMed:30956113). The mTORC2 complex localizes to membranes: mTORC2 is active at the plasma membrane, endoplasmic reticulum membrane and lysosomes (PubMed:21867682). {ECO:0000250|UniProtKB:Q9JLN9, ECO:0000269|PubMed:18497260, ECO:0000269|PubMed:20381137, ECO:0000269|PubMed:21867682, ECO:0000269|PubMed:29750193, ECO:0000269|PubMed:30956113}."
P27348,,,,"SUBCELLULAR LOCATION: Cytoplasm. Note=In neurons, axonally transported to the nerve terminals."
P27544,,"TRANSMEM 53..73; /note=""Helical""; /evidence=""ECO:0000255""; TRANSMEM 103..123; /note=""Helical""; /evidence=""ECO:0000255""; TRANSMEM 148..168; /note=""Helical""; /evidence=""ECO:0000255""; TRANSMEM 176..196; /note=""Helical""; /evidence=""ECO:0000255""; TRANSMEM 239..259; /note=""Helical""; /evidence=""ECO:0000255""; TRANSMEM 287..307; /note=""Helical""; /evidence=""ECO:0000255""",,SUBCELLULAR LOCATION: Endoplasmic reticulum membrane {ECO:0000269|PubMed:24782409}; Multi-pass membrane protein {ECO:0000255}.
P27986,,,,SUBCELLULAR LOCATION: Cytoplasm {ECO:0000269|PubMed:32606397}.
P28066,,,,"SUBCELLULAR LOCATION: Cytoplasm {ECO:0000269|PubMed:12181345, ECO:0000269|PubMed:34711951}. Nucleus {ECO:0000269|PubMed:12181345, ECO:0000269|PubMed:34711951}. Note=Translocated from the cytoplasm into the nucleus following interaction with AKIRIN2, which bridges the proteasome with the nuclear import receptor IPO9. {ECO:0000269|PubMed:34711951}."
P28472,"SIGNAL 1..25; /evidence=""ECO:0000255""","TRANSMEM 247..267; /note=""Helical""; /evidence=""ECO:0000269|PubMed:35355020, ECO:0007744|PDB:7QN7""; TRANSMEM 272..292; /note=""Helical""; /evidence=""ECO:0000269|PubMed:35355020, ECO:0007744|PDB:7QN7""; TRANSMEM 305..328; /note=""Helical""; /evidence=""ECO:0000269|PubMed:35355020, ECO:0007744|PDB:7QN7""; TRANSMEM 448..470; /note=""Helical""; /evidence=""ECO:0000269|PubMed:35355020, ECO:0007744|PDB:7QN7""","TOPO_DOM 26..246; /note=""Extracellular""; /evidence=""ECO:0000269|PubMed:24909990""; TOPO_DOM 268..271; /note=""Cytoplasmic""; /evidence=""ECO:0000269|PubMed:24909990""; TOPO_DOM 293..304; /note=""Extracellular""; /evidence=""ECO:0000269|PubMed:24909990""; TOPO_DOM 329..447; /note=""Cytoplasmic""; /evidence=""ECO:0000269|PubMed:24909990""; TOPO_DOM 471..473; /note=""Extracellular""; /evidence=""ECO:0000305""","SUBCELLULAR LOCATION: Postsynaptic cell membrane; Multi-pass membrane protein {ECO:0000269|PubMed:24909990, ECO:0000269|PubMed:35355020, ECO:0007744|PDB:7QN7}. Cell membrane {ECO:0000269|PubMed:18281286, ECO:0000269|PubMed:18514161, ECO:0000269|PubMed:22243422, ECO:0000269|PubMed:22303015, ECO:0000269|PubMed:24909990, ECO:0000269|PubMed:26950270}; Multi-pass membrane protein {ECO:0000269|PubMed:24909990, ECO:0000269|PubMed:35355020, ECO:0007744|PDB:7QN7}. Cytoplasmic vesicle membrane {ECO:0000250|UniProtKB:P63079}."
P30291,,,,SUBCELLULAR LOCATION: Nucleus {ECO:0000269|PubMed:8348613}.
P31751,,,,"SUBCELLULAR LOCATION: Cytoplasm {ECO:0000269|PubMed:17565718, ECO:0000269|PubMed:23444369}. Nucleus {ECO:0000269|PubMed:17565718}. Cell membrane; Peripheral membrane protein. Early endosome {ECO:0000250|UniProtKB:Q60823}. Note=Through binding of the N-terminal PH domain to phosphatidylinositol (3,4,5)-trisphosphate (PtdIns(3,4,5)P3) or phosphatidylinositol (3,4)-bisphosphate (PtdIns(3,4)P2), recruited to the plasma membrane. Cell membrane recruitment is facilitated by interaction with CLIP3. Colocalizes with WDFY2 in early endosomes (By similarity). Localizes within both nucleus and cytoplasm in proliferative primary myoblasts and mostly within the nucleus of differentiated primary myoblasts (PubMed:17565718). {ECO:0000250|UniProtKB:Q60823, ECO:0000269|PubMed:17565718}."
P34932,,,,SUBCELLULAR LOCATION: Cytoplasm {ECO:0000305}.
P35222,,,,"SUBCELLULAR LOCATION: Cytoplasm {ECO:0000269|PubMed:22294297, ECO:0000269|PubMed:25183871, ECO:0000269|PubMed:29739711, ECO:0000269|PubMed:29910125, ECO:0000269|PubMed:31801859}. Nucleus {ECO:0000269|PubMed:21118991, ECO:0000269|PubMed:24342833, ECO:0000269|PubMed:25183871, ECO:0000269|PubMed:28829046, ECO:0000269|PubMed:29367600, ECO:0000269|PubMed:29739711, ECO:0000269|PubMed:29910125, ECO:0000269|PubMed:30714168, ECO:0000269|PubMed:31801859}. Cytoplasm, cytoskeleton {ECO:0000250|UniProtKB:B6V8E6}. Cell junction, adherens junction {ECO:0000269|PubMed:10725230, ECO:0000269|PubMed:22294297}. Cell junction {ECO:0000250|UniProtKB:B6V8E6}. Cell membrane {ECO:0000269|PubMed:11790773, ECO:0000269|PubMed:24342833}. Cytoplasm, cytoskeleton, microtubule organizing center, centrosome. Cytoplasm, cytoskeleton, spindle pole. Synapse {ECO:0000250|UniProtKB:Q02248}. Cytoplasm, cytoskeleton, cilium basal body {ECO:0000250|UniProtKB:Q02248}. Note=Colocalized with RAPGEF2 and TJP1 at cell-cell contacts (By similarity). Cytoplasmic when it is un-stable (highly phosphorylated) or bound to CDH1. Translocates to the nucleus when it is stabilized (low level of phosphorylation). Interaction with GLIS2 and MUC1 promotes nuclear translocation. Interaction with EMD inhibits nuclear localization. The majority of CTNNB1 is localized to the cell membrane. In interphase, colocalizes with CROCC between CEP250 puncta at the proximal end of centrioles, and this localization is dependent on CROCC and CEP250. In mitosis, when NEK2 activity increases, it localizes to centrosomes at spindle poles independent of CROCC. Colocalizes with CDK5 in the cell-cell contacts and plasma membrane of undifferentiated and differentiated neuroblastoma cells. Interaction with FAM53B promotes translocation to the nucleus (PubMed:25183871). Translocates to the nucleus in the presence of SNAIL1 (By similarity). Ca(2+)-mediated localization to the cell membrane in dental epithelial cells is inhibited via WNT3A (By similarity). Localizes to cell-cell contacts as keratinocyte differentiation progresses (By similarity). {ECO:0000250|UniProtKB:B6V8E6, ECO:0000250|UniProtKB:Q02248, ECO:0000269|PubMed:25183871}."
P35269,,,,SUBCELLULAR LOCATION: Nucleus.
P35580,,,,"SUBCELLULAR LOCATION: Cell projection, lamellipodium {ECO:0000269|PubMed:20052411, ECO:0000269|PubMed:22480440}. Note=Colocalizes with MCC at the leading edge of migrating cells.; SUBCELLULAR LOCATION: Cell membrane {ECO:0000305|PubMed:25428876}. Note=(Microbial infection) Localizes at the surface of the cell membrane following infection by herpes simplex virus 1/HHV-1,. {ECO:0000305|PubMed:25428876}."
P36383,,"TRANSMEM 23..45; /note=""Helical""; /evidence=""ECO:0000255""; TRANSMEM 76..95; /note=""Helical""; /evidence=""ECO:0000255""; TRANSMEM 176..198; /note=""Helical""; /evidence=""ECO:0000255""; TRANSMEM 229..248; /note=""Helical""; /evidence=""ECO:0000255""","TOPO_DOM 1..22; /note=""Cytoplasmic""; /evidence=""ECO:0000255""; TOPO_DOM 46..75; /note=""Extracellular""; /evidence=""ECO:0000255""; TOPO_DOM 96..175; /note=""Cytoplasmic""; /evidence=""ECO:0000255""; TOPO_DOM 199..228; /note=""Extracellular""; /evidence=""ECO:0000255""; TOPO_DOM 249..396; /note=""Cytoplasmic""; /evidence=""ECO:0000255""","SUBCELLULAR LOCATION: Cell membrane {ECO:0000269|PubMed:19864490}; Multi-pass membrane protein {ECO:0000255}. Cell junction, gap junction {ECO:0000269|PubMed:19864490}."
P36507,,,,SUBCELLULAR LOCATION: Cytoplasm {ECO:0000269|PubMed:10409742}. Membrane {ECO:0000269|PubMed:10409742}; Peripheral membrane protein {ECO:0000269|PubMed:10409742}. Note=Membrane localization is probably regulated by its interaction with KSR1. {ECO:0000269|PubMed:10409742}.
P38159,,,,"SUBCELLULAR LOCATION: Nucleus {ECO:0000269|PubMed:19282290, ECO:0000269|PubMed:21327109, ECO:0000269|PubMed:37277488}. Note=Component of ribonucleosomes. Localizes in numerous small granules in the nucleus."
P40306,,,,SUBCELLULAR LOCATION: Cytoplasm {ECO:0000255|PROSITE-ProRule:PRU00809}. Nucleus {ECO:0000250}.
P42166,,,,SUBCELLULAR LOCATION: Nucleus. Chromosome. Note=Expressed diffusely throughout the nucleus.
P42338,,,,"SUBCELLULAR LOCATION: Cytoplasm {ECO:0000269|PubMed:21383062, ECO:0000269|PubMed:32606397}. Nucleus {ECO:0000269|PubMed:21383062}. Note=Interaction with PIK3R2 is required for nuclear localization and export."
P30260,,,,"SUBCELLULAR LOCATION: Nucleus {ECO:0000269|PubMed:18445686}. Cytoplasm, cytoskeleton, spindle {ECO:0000269|PubMed:18445686}."
P40616,,,,"SUBCELLULAR LOCATION: Golgi apparatus membrane {ECO:0000269|PubMed:11303027, ECO:0000269|PubMed:12972563}; Peripheral membrane protein {ECO:0000269|PubMed:11303027}; Cytoplasmic side {ECO:0000269|PubMed:11303027}. Golgi apparatus, trans-Golgi network membrane {ECO:0000269|PubMed:21239483, ECO:0000269|PubMed:27373159, ECO:0000269|PubMed:27436755}. Membrane {ECO:0000305}; Lipid-anchor {ECO:0000305}."
P41440,,"TRANSMEM 30..50; /note=""Helical; Name=1""; /evidence=""ECO:0000269|PubMed:36071163, ECO:0000269|PubMed:36265513, ECO:0000269|PubMed:36575193, ECO:0007744|PDB:7TX6, ECO:0007744|PDB:7TX7, ECO:0007744|PDB:7XPZ, ECO:0007744|PDB:7XQ0, ECO:0007744|PDB:7XQ1, ECO:0007744|PDB:7XQ2, ECO:0007744|PDB:8DEP, ECO:0007744|PDB:8GOE, ECO:0007744|PDB:8GOF, ECO:0007744|PDB:8HII, ECO:0007744|PDB:8HIJ, ECO:0007744|PDB:8HIK""; TRANSMEM 65..87; /note=""Helical; Name=2""; /evidence=""ECO:0000269|PubMed:36071163, ECO:0000269|PubMed:36265513, ECO:0000269|PubMed:36575193, ECO:0007744|PDB:7TX6, ECO:0007744|PDB:7TX7, ECO:0007744|PDB:7XPZ, ECO:0007744|PDB:7XQ0, ECO:0007744|PDB:7XQ1, ECO:0007744|PDB:7XQ2, ECO:0007744|PDB:8DEP, ECO:0007744|PDB:8GOE, ECO:0007744|PDB:8GOF, ECO:0007744|PDB:8HII, ECO:0007744|PDB:8HIJ, ECO:0007744|PDB:8HIK""; TRANSMEM 92..112; /note=""Helical; Name=3""; /evidence=""ECO:0000269|PubMed:36071163, ECO:0000269|PubMed:36265513, ECO:0000269|PubMed:36575193, ECO:0007744|PDB:7TX6, ECO:0007744|PDB:7TX7, ECO:0007744|PDB:7XPZ, ECO:0007744|PDB:7XQ0, ECO:0007744|PDB:7XQ1, ECO:0007744|PDB:7XQ2, ECO:0007744|PDB:8DEP, ECO:0007744|PDB:8GOE, ECO:0007744|PDB:8GOF, ECO:0007744|PDB:8HII, ECO:0007744|PDB:8HIJ, ECO:0007744|PDB:8HIK""; TRANSMEM 117..139; /note=""Helical; Name=4""; /evidence=""ECO:0000269|PubMed:36071163, ECO:0000269|PubMed:36265513, ECO:0000269|PubMed:36575193, ECO:0007744|PDB:7TX6, ECO:0007744|PDB:7TX7, ECO:0007744|PDB:7XPZ, ECO:0007744|PDB:7XQ0, ECO:0007744|PDB:7XQ1, ECO:0007744|PDB:7XQ2, ECO:0007744|PDB:8DEP, ECO:0007744|PDB:8GOE, ECO:0007744|PDB:8GOF, ECO:0007744|PDB:8HII, ECO:0007744|PDB:8HIJ, ECO:0007744|PDB:8HIK""; TRANSMEM 154..178; /note=""Helical; Name=5""; /evidence=""ECO:0000269|PubMed:36071163, ECO:0000269|PubMed:36265513, ECO:0000269|PubMed:36575193, ECO:0007744|PDB:7TX6, ECO:0007744|PDB:7TX7, ECO:0007744|PDB:7XPZ, ECO:0007744|PDB:7XQ0, ECO:0007744|PDB:7XQ1, ECO:0007744|PDB:7XQ2, ECO:0007744|PDB:8DEP, ECO:0007744|PDB:8GOE, ECO:0007744|PDB:8GOF, ECO:0007744|PDB:8HII, ECO:0007744|PDB:8HIJ, ECO:0007744|PDB:8HIK""; TRANSMEM 184..202; /note=""Helical; Name=6""; /evidence=""ECO:0000269|PubMed:36071163, ECO:0000269|PubMed:36265513, ECO:0000269|PubMed:36575193, ECO:0007744|PDB:7TX6, ECO:0007744|PDB:7TX7, ECO:0007744|PDB:7XPZ, ECO:0007744|PDB:7XQ0, ECO:0007744|PDB:7XQ1, ECO:0007744|PDB:7XQ2, ECO:0007744|PDB:8DEP, ECO:0007744|PDB:8GOE, ECO:0007744|PDB:8GOF, ECO:0007744|PDB:8HII, ECO:0007744|PDB:8HIJ, ECO:0007744|PDB:8HIK""; TRANSMEM 267..292; /note=""Helical; Name=7""; /evidence=""ECO:0000269|PubMed:36071163, ECO:0000269|PubMed:36265513, ECO:0000269|PubMed:36575193, ECO:0007744|PDB:7TX6, ECO:0007744|PDB:7TX7, ECO:0007744|PDB:7XPZ, ECO:0007744|PDB:7XQ0, ECO:0007744|PDB:7XQ1, ECO:0007744|PDB:7XQ2, ECO:0007744|PDB:8DEP, ECO:0007744|PDB:8GOE, ECO:0007744|PDB:8GOF, ECO:0007744|PDB:8HII, ECO:0007744|PDB:8HIJ, ECO:0007744|PDB:8HIK""; TRANSMEM 305..327; /note=""Helical; Name=8""; /evidence=""ECO:0000269|PubMed:36071163, ECO:0000269|PubMed:36265513, ECO:0000269|PubMed:36575193, ECO:0007744|PDB:7TX6, ECO:0007744|PDB:7TX7, ECO:0007744|PDB:7XPZ, ECO:0007744|PDB:7XQ0, ECO:0007744|PDB:7XQ1, ECO:0007744|PDB:7XQ2, ECO:0007744|PDB:8DEP, ECO:0007744|PDB:8GOE, ECO:0007744|PDB:8GOF, ECO:0007744|PDB:8HII, ECO:0007744|PDB:8HIJ, ECO:0007744|PDB:8HIK""; TRANSMEM 334..354; /note=""Helical; Name=9""; /evidence=""ECO:0000269|PubMed:36071163, ECO:0000269|PubMed:36265513, ECO:0000269|PubMed:36575193, ECO:0007744|PDB:7TX6, ECO:0007744|PDB:7TX7, ECO:0007744|PDB:7XPZ, ECO:0007744|PDB:7XQ0, ECO:0007744|PDB:7XQ1, ECO:0007744|PDB:7XQ2, ECO:0007744|PDB:8DEP, ECO:0007744|PDB:8GOE, ECO:0007744|PDB:8GOF, ECO:0007744|PDB:8HII, ECO:0007744|PDB:8HIJ, ECO:0007744|PDB:8HIK""; TRANSMEM 361..384; /note=""Helical; Name=10""; /evidence=""ECO:0000269|PubMed:36071163, ECO:0000269|PubMed:36265513, ECO:0000269|PubMed:36575193, ECO:0007744|PDB:7TX6, ECO:0007744|PDB:7TX7, ECO:0007744|PDB:7XPZ, ECO:0007744|PDB:7XQ0, ECO:0007744|PDB:7XQ1, ECO:0007744|PDB:7XQ2, ECO:0007744|PDB:8DEP, ECO:0007744|PDB:8GOE, ECO:0007744|PDB:8GOF, ECO:0007744|PDB:8HII, ECO:0007744|PDB:8HIJ, ECO:0007744|PDB:8HIK""; TRANSMEM 399..422; /note=""Helical; Name=11""; /evidence=""ECO:0000269|PubMed:36071163, ECO:0000269|PubMed:36265513, ECO:0000269|PubMed:36575193, ECO:0007744|PDB:7TX6, ECO:0007744|PDB:7TX7, ECO:0007744|PDB:7XPZ, ECO:0007744|PDB:7XQ0, ECO:0007744|PDB:7XQ1, ECO:0007744|PDB:7XQ2, ECO:0007744|PDB:8DEP, ECO:0007744|PDB:8GOE, ECO:0007744|PDB:8GOF, ECO:0007744|PDB:8HII, ECO:0007744|PDB:8HIJ, ECO:0007744|PDB:8HIK""; TRANSMEM 431..455; /note=""Helical; Name=12""; /evidence=""ECO:0000269|PubMed:36071163, ECO:0000269|PubMed:36265513, ECO:0000269|PubMed:36575193, ECO:0007744|PDB:7TX6, ECO:0007744|PDB:7TX7, ECO:0007744|PDB:7XPZ, ECO:0007744|PDB:7XQ0, ECO:0007744|PDB:7XQ1, ECO:0007744|PDB:7XQ2, ECO:0007744|PDB:8DEP, ECO:0007744|PDB:8GOE, ECO:0007744|PDB:8GOF, ECO:0007744|PDB:8HII, ECO:0007744|PDB:8HIJ, ECO:0007744|PDB:8HIK""","TOPO_DOM 1..29; /note=""Cytoplasmic""; /evidence=""ECO:0000269|PubMed:36071163, ECO:0000269|PubMed:36265513, ECO:0000269|PubMed:36575193, ECO:0007744|PDB:7TX6, ECO:0007744|PDB:7TX7, ECO:0007744|PDB:7XPZ, ECO:0007744|PDB:7XQ0, ECO:0007744|PDB:7XQ1, ECO:0007744|PDB:7XQ2, ECO:0007744|PDB:8DEP, ECO:0007744|PDB:8GOE, ECO:0007744|PDB:8GOF, ECO:0007744|PDB:8HII, ECO:0007744|PDB:8HIJ, ECO:0007744|PDB:8HIK""; TOPO_DOM 51..64; /note=""Extracellular""; /evidence=""ECO:0000269|PubMed:36071163, ECO:0000269|PubMed:36265513, ECO:0000269|PubMed:36575193, ECO:0007744|PDB:7TX6, ECO:0007744|PDB:7TX7, ECO:0007744|PDB:7XPZ, ECO:0007744|PDB:7XQ0, ECO:0007744|PDB:7XQ1, ECO:0007744|PDB:7XQ2, ECO:0007744|PDB:8DEP, ECO:0007744|PDB:8GOE, ECO:0007744|PDB:8GOF, ECO:0007744|PDB:8HII, ECO:0007744|PDB:8HIJ, ECO:0007744|PDB:8HIK""; TOPO_DOM 88..91; /note=""Cytoplasmic""; /evidence=""ECO:0000269|PubMed:36071163, ECO:0000269|PubMed:36265513, ECO:0000269|PubMed:36575193, ECO:0007744|PDB:7TX6, ECO:0007744|PDB:7TX7, ECO:0007744|PDB:7XPZ, ECO:0007744|PDB:7XQ0, ECO:0007744|PDB:7XQ1, ECO:0007744|PDB:7XQ2, ECO:0007744|PDB:8DEP, ECO:0007744|PDB:8GOE, ECO:0007744|PDB:8GOF, ECO:0007744|PDB:8HII, ECO:0007744|PDB:8HIJ, ECO:0007744|PDB:8HIK""; TOPO_DOM 113..116; /note=""Extracellular""; /evidence=""ECO:0000269|PubMed:36071163, ECO:0000269|PubMed:36265513, ECO:0000269|PubMed:36575193, ECO:0007744|PDB:7TX6, ECO:0007744|PDB:7TX7, ECO:0007744|PDB:7XPZ, ECO:0007744|PDB:7XQ0, ECO:0007744|PDB:7XQ1, ECO:0007744|PDB:7XQ2, ECO:0007744|PDB:8DEP, ECO:0007744|PDB:8GOE, ECO:0007744|PDB:8GOF, ECO:0007744|PDB:8HII, ECO:0007744|PDB:8HIJ, ECO:0007744|PDB:8HIK""; TOPO_DOM 140..153; /note=""Cytoplasmic""; /evidence=""ECO:0000269|PubMed:36071163, ECO:0000269|PubMed:36265513, ECO:0000269|PubMed:36575193, ECO:0007744|PDB:7TX6, ECO:0007744|PDB:7TX7, ECO:0007744|PDB:7XPZ, ECO:0007744|PDB:7XQ0, ECO:0007744|PDB:7XQ1, ECO:0007744|PDB:7XQ2, ECO:0007744|PDB:8DEP, ECO:0007744|PDB:8GOE, ECO:0007744|PDB:8GOF, ECO:0007744|PDB:8HII, ECO:0007744|PDB:8HIJ, ECO:0007744|PDB:8HIK""; TOPO_DOM 179..183; /note=""Extracellular""; /evidence=""ECO:0000269|PubMed:36071163, ECO:0000269|PubMed:36265513, ECO:0000269|PubMed:36575193, ECO:0007744|PDB:7TX6, ECO:0007744|PDB:7TX7, ECO:0007744|PDB:7XPZ, ECO:0007744|PDB:7XQ0, ECO:0007744|PDB:7XQ1, ECO:0007744|PDB:7XQ2, ECO:0007744|PDB:8DEP, ECO:0007744|PDB:8GOE, ECO:0007744|PDB:8GOF, ECO:0007744|PDB:8HII, ECO:0007744|PDB:8HIJ, ECO:0007744|PDB:8HIK""; TOPO_DOM 203..266; /note=""Cytoplasmic""; /evidence=""ECO:0000269|PubMed:36071163, ECO:0000269|PubMed:36265513, ECO:0000269|PubMed:36575193, ECO:0007744|PDB:7TX6, ECO:0007744|PDB:7TX7, ECO:0007744|PDB:7XPZ, ECO:0007744|PDB:7XQ0, ECO:0007744|PDB:7XQ1, ECO:0007744|PDB:7XQ2, ECO:0007744|PDB:8DEP, ECO:0007744|PDB:8GOE, ECO:0007744|PDB:8GOF, ECO:0007744|PDB:8HII, ECO:0007744|PDB:8HIJ, ECO:0007744|PDB:8HIK""; TOPO_DOM 293..304; /note=""Extracellular""; /evidence=""ECO:0000269|PubMed:36071163, ECO:0000269|PubMed:36265513, ECO:0000269|PubMed:36575193, ECO:0007744|PDB:7TX6, ECO:0007744|PDB:7TX7, ECO:0007744|PDB:7XPZ, ECO:0007744|PDB:7XQ0, ECO:0007744|PDB:7XQ1, ECO:0007744|PDB:7XQ2, ECO:0007744|PDB:8DEP, ECO:0007744|PDB:8GOE, ECO:0007744|PDB:8GOF, ECO:0007744|PDB:8HII, ECO:0007744|PDB:8HIJ, ECO:0007744|PDB:8HIK""; TOPO_DOM 328..333; /note=""Cytoplasmic""; /evidence=""ECO:0000269|PubMed:36071163, ECO:0000269|PubMed:36265513, ECO:0000269|PubMed:36575193, ECO:0007744|PDB:7TX6, ECO:0007744|PDB:7TX7, ECO:0007744|PDB:7XPZ, ECO:0007744|PDB:7XQ0, ECO:0007744|PDB:7XQ1, ECO:0007744|PDB:7XQ2, ECO:0007744|PDB:8DEP, ECO:0007744|PDB:8GOE, ECO:0007744|PDB:8GOF, ECO:0007744|PDB:8HII, ECO:0007744|PDB:8HIJ, ECO:0007744|PDB:8HIK""; TOPO_DOM 355..360; /note=""Extracellular""; /evidence=""ECO:0000269|PubMed:36071163, ECO:0000269|PubMed:36265513, ECO:0000269|PubMed:36575193, ECO:0007744|PDB:7TX6, ECO:0007744|PDB:7TX7, ECO:0007744|PDB:7XPZ, ECO:0007744|PDB:7XQ0, ECO:0007744|PDB:7XQ1, ECO:0007744|PDB:7XQ2, ECO:0007744|PDB:8DEP, ECO:0007744|PDB:8GOE, ECO:0007744|PDB:8GOF, ECO:0007744|PDB:8HII, ECO:0007744|PDB:8HIJ, ECO:0007744|PDB:8HIK""; TOPO_DOM 385..398; /note=""Cytoplasmic""; /evidence=""ECO:0000269|PubMed:36071163, ECO:0000269|PubMed:36265513, ECO:0000269|PubMed:36575193, ECO:0007744|PDB:7TX6, ECO:0007744|PDB:7TX7, ECO:0007744|PDB:7XPZ, ECO:0007744|PDB:7XQ0, ECO:0007744|PDB:7XQ1, ECO:0007744|PDB:7XQ2, ECO:0007744|PDB:8DEP, ECO:0007744|PDB:8GOE, ECO:0007744|PDB:8GOF, ECO:0007744|PDB:8HII, ECO:0007744|PDB:8HIJ, ECO:0007744|PDB:8HIK""; TOPO_DOM 423..430; /note=""Extracellular""; /evidence=""ECO:0000269|PubMed:36071163, ECO:0000269|PubMed:36265513, ECO:0000269|PubMed:36575193, ECO:0007744|PDB:7TX6, ECO:0007744|PDB:7TX7, ECO:0007744|PDB:7XPZ, ECO:0007744|PDB:7XQ0, ECO:0007744|PDB:7XQ1, ECO:0007744|PDB:7XQ2, ECO:0007744|PDB:8DEP, ECO:0007744|PDB:8GOE, ECO:0007744|PDB:8GOF, ECO:0007744|PDB:8HII, ECO:0007744|PDB:8HIJ, ECO:0007744|PDB:8HIK""; TOPO_DOM 456..591; /note=""Cytoplasmic""; /evidence=""ECO:0000269|PubMed:36071163, ECO:0000269|PubMed:36265513, ECO:0000269|PubMed:36575193, ECO:0007744|PDB:7TX6, ECO:0007744|PDB:7TX7, ECO:0007744|PDB:7XPZ, ECO:0007744|PDB:7XQ0, ECO:0007744|PDB:7XQ1, ECO:0007744|PDB:7XQ2, ECO:0007744|PDB:8DEP, ECO:0007744|PDB:8GOE, ECO:0007744|PDB:8GOF, ECO:0007744|PDB:8HII, ECO:0007744|PDB:8HIJ, ECO:0007744|PDB:8HIK""","SUBCELLULAR LOCATION: Cell membrane {ECO:0000269|PubMed:10347183, ECO:0000269|PubMed:10787414, ECO:0000269|PubMed:15337749, ECO:0000269|PubMed:16115875, ECO:0000269|PubMed:36071163, ECO:0000269|PubMed:36265513, ECO:0000269|PubMed:36575193, ECO:0000269|PubMed:36745868, ECO:0000269|PubMed:9767079}; Multi-pass membrane protein {ECO:0000269|PubMed:36071163, ECO:0000269|PubMed:36265513, ECO:0000269|PubMed:36575193}. Apical cell membrane {ECO:0000269|PubMed:10787414}; Multi-pass membrane protein {ECO:0000269|PubMed:36071163, ECO:0000269|PubMed:36265513, ECO:0000269|PubMed:36575193}. Basolateral cell membrane {ECO:0000269|PubMed:10787414}; Multi-pass membrane protein {ECO:0000269|PubMed:36071163, ECO:0000269|PubMed:36265513, ECO:0000269|PubMed:36575193}."
P34925,"SIGNAL 1..25; /evidence=""ECO:0000255""","TRANSMEM 228..248; /note=""Helical""; /evidence=""ECO:0000255""","TOPO_DOM 26..227; /note=""Extracellular""; /evidence=""ECO:0000255""; TOPO_DOM 249..607; /note=""Cytoplasmic""; /evidence=""ECO:0000255""","SUBCELLULAR LOCATION: Cell membrane {ECO:0000305}; Single-pass type I membrane protein {ECO:0000255}. Nucleus {ECO:0000250|UniProtKB:Q01887}. Cytoplasm {ECO:0000250|UniProtKB:Q01887}. Note=In cells that have undergone neuronal differentiation, the C-terminal cleaved part is translocated from the cytoplasm to the nucleus. {ECO:0000250|UniProtKB:Q01887}."
P36543,,,,"SUBCELLULAR LOCATION: Apical cell membrane {ECO:0000269|PubMed:29993276}; Peripheral membrane protein {ECO:0000305}. Cytoplasmic vesicle, secretory vesicle, synaptic vesicle membrane {ECO:0000250|UniProtKB:Q6PCU2}; Peripheral membrane protein {ECO:0000305}. Cytoplasmic vesicle, clathrin-coated vesicle membrane {ECO:0000250|UniProtKB:Q6PCU2}; Peripheral membrane protein {ECO:0000305}. Lysosome membrane {ECO:0000305|PubMed:39695235}; Peripheral membrane protein {ECO:0000305}."
P39656,"SIGNAL 1..42; /evidence=""ECO:0000250""","TRANSMEM 428..447; /note=""Helical""; /evidence=""ECO:0000255""","TOPO_DOM 43..427; /note=""Lumenal""; /evidence=""ECO:0000255""; TOPO_DOM 448..456; /note=""Cytoplasmic""; /evidence=""ECO:0000255""",SUBCELLULAR LOCATION: Endoplasmic reticulum membrane {ECO:0000250|UniProtKB:Q29381}; Single-pass type I membrane protein {ECO:0000250|UniProtKB:Q29381}.
P26641,,,,
P31749,,,,"SUBCELLULAR LOCATION: Cytoplasm {ECO:0000250|UniProtKB:P31750}. Nucleus {ECO:0000269|PubMed:20333297}. Cell membrane {ECO:0000269|PubMed:20333297, ECO:0000269|PubMed:40285646}. Mitochondrion intermembrane space {ECO:0000250|UniProtKB:P31750}. Note=Nucleus after activation by integrin-linked protein kinase 1 (ILK1). Nuclear translocation is enhanced by interaction with TCL1A. Phosphorylation on Tyr-176 by TNK2 results in its localization to the cell membrane where it is targeted for further phosphorylations on Thr-308 and Ser-473 leading to its activation and the activated form translocates to the nucleus. Colocalizes with WDFY2 in intracellular vesicles (PubMed:16792529). Also localizes to mitochondrial intermembrane space in response to rapamycin treatment (By similarity). {ECO:0000250|UniProtKB:P31750, ECO:0000269|PubMed:16792529}."
P35579,,,,"SUBCELLULAR LOCATION: Cytoplasm, cytoskeleton {ECO:0000269|PubMed:22693546}. Cytoplasm, cell cortex {ECO:0000250|UniProtKB:Q8VDD5}. Cytoplasmic vesicle, secretory vesicle, Cortical granule {ECO:0000250|UniProtKB:Q8VDD5}. Cell membrane. Note=Colocalizes with actin filaments at lamellipodia margins and at the leading edge of migrating cells (PubMed:20052411). In retinal pigment epithelial cells, predominantly localized to stress fiber-like structures with some localization to cytoplasmic puncta (PubMed:27331610). {ECO:0000269|PubMed:20052411, ECO:0000269|PubMed:27331610}.; SUBCELLULAR LOCATION: Cell membrane {ECO:0000269|PubMed:20944748}. Note=(Microbial infection) Localizes at the surface of the cell membrane following infection by herpes simplex virus 1/HHV-1,. {ECO:0000269|PubMed:20944748}."
P37268,,"TRANSMEM 284..304; /note=""Helical""; /evidence=""ECO:0000255""; TRANSMEM 384..404; /note=""Helical""; /evidence=""ECO:0000255""",,SUBCELLULAR LOCATION: Endoplasmic reticulum membrane {ECO:0000250|UniProtKB:Q02769}; Multi-pass membrane protein {ECO:0000255}.
P38606,,,,"SUBCELLULAR LOCATION: Cytoplasm {ECO:0000269|PubMed:29668857, ECO:0000269|PubMed:33208464}. Cytoplasm, cytosol {ECO:0000250|UniProtKB:P50516}. Cytoplasmic vesicle, secretory vesicle {ECO:0000269|PubMed:23035048}. Cytoplasmic vesicle, clathrin-coated vesicle membrane {ECO:0000250|UniProtKB:P31404}; Peripheral membrane protein {ECO:0000305}. Lysosome membrane {ECO:0000305|PubMed:22053050}; Peripheral membrane protein {ECO:0000305}. Note=Co-localizes with WFS1 in the secretory granules in neuroblastoma cell lines. {ECO:0000269|PubMed:23035048}."
P42331,,,,
P35658,,,,"SUBCELLULAR LOCATION: Nucleus, nuclear pore complex {ECO:0000269|PubMed:8108440}. Note=Cytoplasmic side of the nuclear pore complex. {ECO:0000269|PubMed:8108440}."
P27448,,,,"SUBCELLULAR LOCATION: Cell membrane {ECO:0000269|PubMed:21145462}; Peripheral membrane protein {ECO:0000269|PubMed:21145462}. Cell projection, dendrite {ECO:0000269|PubMed:23666762}. Cytoplasm {ECO:0000269|PubMed:23666762}."
P43487,,,,
P46934,,,,"SUBCELLULAR LOCATION: Cytoplasm {ECO:0000269|PubMed:11342538}. Nucleus {ECO:0000269|PubMed:11342538}. Cell membrane {ECO:0000250|UniProtKB:P46935}; Peripheral membrane protein {ECO:0000250|UniProtKB:P46935}. Note=Predominantly cytoplasmic but also located in the nucleus (PubMed:11342538). Recruited to the plasma membrane by GRB10. Once complexed with GRB10 and IGF1R, follows IGF1R internalization, remaining associated with early endosomes. Uncouples from IGF1R-containing endosomes before the sorting of the receptor to the lysosomal compartment (By similarity). May be recruited to exosomes by NDFIP1 (PubMed:18819914). {ECO:0000250|UniProtKB:P46935, ECO:0000269|PubMed:11342538, ECO:0000269|PubMed:18819914}."
P47712,,,,SUBCELLULAR LOCATION: Cytoplasm {ECO:0000269|PubMed:11375391}. Golgi apparatus membrane {ECO:0000269|PubMed:11375391}. Nucleus envelope. Note=Translocates to intracellular membranes in a calcium-dependent way. {ECO:0000269|PubMed:11375391}.
P47756,,,,"SUBCELLULAR LOCATION: Cytoplasm, cytoskeleton {ECO:0000250|UniProtKB:A9XFX6}. Cytoplasm, myofibril, sarcomere {ECO:0000250|UniProtKB:A9XFX6}."
P48509,,"TRANSMEM 19..39; /note=""Helical""; /evidence=""ECO:0000255""; TRANSMEM 58..78; /note=""Helical""; /evidence=""ECO:0000255""; TRANSMEM 92..112; /note=""Helical""; /evidence=""ECO:0000255""; TRANSMEM 222..242; /note=""Helical""; /evidence=""ECO:0000255""","TOPO_DOM 1..18; /note=""Cytoplasmic""; /evidence=""ECO:0000255""; TOPO_DOM 40..57; /note=""Extracellular""; /evidence=""ECO:0000255""; TOPO_DOM 79..91; /note=""Cytoplasmic""; /evidence=""ECO:0000255""; TOPO_DOM 113..221; /note=""Extracellular""; /evidence=""ECO:0000255""; TOPO_DOM 243..253; /note=""Cytoplasmic""; /evidence=""ECO:0000255""","SUBCELLULAR LOCATION: Cell membrane {ECO:0000269|PubMed:22843693, ECO:0000269|PubMed:24723389}; Multi-pass membrane protein. Note=Relocalizes to the immune synapse in T-cells upon activation. {ECO:0000269|PubMed:24723389}."
P48730,,,,"SUBCELLULAR LOCATION: Cytoplasm. Nucleus. Cytoplasm, cytoskeleton, microtubule organizing center, centrosome {ECO:0000269|PubMed:14654843}. Cytoplasm, perinuclear region. Cell membrane. Cytoplasm, cytoskeleton, spindle. Golgi apparatus. Note=Localized at mitotic spindle microtubules, and at the centrosomes and interphase in interphase cells. Recruited to the spindle apparatus and the centrosomes in response to DNA-damage. Correct subcellular localization requires kinase activity."
P49137,,,,"SUBCELLULAR LOCATION: Cytoplasm {ECO:0000269|PubMed:20932473}. Nucleus {ECO:0000269|PubMed:20932473}. Note=Phosphorylation and subsequent activation releases the autoinhibitory helix, resulting in the export from the nucleus into the cytoplasm."
P49189,,,,"SUBCELLULAR LOCATION: Cytoplasm, cytosol {ECO:0000250|UniProtKB:Q9JLJ3}. Cytoplasm {ECO:0000269|PubMed:1799975}."
P49458,,,,SUBCELLULAR LOCATION: Cytoplasm.
P49703,,,,"SUBCELLULAR LOCATION: Nucleus, nucleolus {ECO:0000250}. Cell membrane {ECO:0000269|PubMed:17398095}. Nucleus {ECO:0000269|PubMed:17398095}. Cytoplasm {ECO:0000269|PubMed:17398095}."
P49761,,,,"SUBCELLULAR LOCATION: [Isoform 1]: Nucleus. Cytoplasm {ECO:0000250}. Cytoplasmic vesicle, secretory vesicle, acrosome {ECO:0000250}.; SUBCELLULAR LOCATION: [Isoform 2]: Nucleus speckle. Note=Co-localizes with serine- and arginine-rich (SR) proteins in the nuclear speckles."
P49790,,,,"SUBCELLULAR LOCATION: Nucleus {ECO:0000269|PubMed:38129135}. Nucleus membrane. Nucleus, nuclear pore complex. Note=Tightly associated with the nuclear membrane and lamina (By similarity). Localized to the nucleoplasmic side of the nuclear pore complex (NPC) core structure, forming a fibrous structure called the nuclear basket. Dissociates from the NPC structure early during prophase of mitosis. Integrated in the newly assembled nuclear envelope of postmitotic cells early in G1. Colocalized with NUP98 and TPR to the nuclear basket at the nucleoplasmic side of the NPC. Detected in diffuse and discrete intranuclear foci. Remained localized to the nuclear membrane after poliovirus (PV) infection. Colocalizes with NUP210L at the nuclear periphery in round spermatids and at the caudal extremity in elongating spermatids (PubMed:38129135). {ECO:0000250, ECO:0000269|PubMed:38129135}."
P50552,,,,"SUBCELLULAR LOCATION: Cytoplasm. Cytoplasm, cytoskeleton. Cell junction, focal adhesion. Cell junction, tight junction {ECO:0000250}. Cell projection, lamellipodium membrane. Cell projection, filopodium membrane. Note=Targeted to stress fibers and focal adhesions through interaction with a number of proteins including MRL family members. Localizes to the plasma membrane in protruding lamellipodia and filopodial tips. Stimulation by thrombin or PMA, also translocates VASP to focal adhesions. Localized along the sides of actin filaments throughout the peripheral cytoplasm under basal conditions. In pre-apoptotic cells, colocalizes with MEFV in large specks (pyroptosomes)."
P51114,,,,"SUBCELLULAR LOCATION: Cytoplasm, Cytoplasmic ribonucleoprotein granule {ECO:0000269|PubMed:32706158, ECO:0000269|PubMed:39106863}. Cytoplasm, Stress granule {ECO:0000269|PubMed:20417602}. Cytoplasm {ECO:0000269|PubMed:30770808, ECO:0000269|PubMed:7781595, ECO:0000269|PubMed:9259278}. Cell projection, dendrite {ECO:0000250|UniProtKB:Q61584}. Cell projection, dendritic spine {ECO:0000250|UniProtKB:Q61584}. Cell projection, axon {ECO:0000250|UniProtKB:Q61584}. Nucleus envelope {ECO:0000269|PubMed:32706158}. Postsynapse {ECO:0000250|UniProtKB:Q61584}. Note=Specifically localizes to cytoplasmic ribonucleoprotein membraneless compartments (By similarity). Localizes to stress granules following phosphorylation at Ser-420 by PAK1 (PubMed:20417602). Adjacent to Z-lines in muscles (By similarity). {ECO:0000250|UniProtKB:Q61584, ECO:0000269|PubMed:20417602}."
P42766,,,,SUBCELLULAR LOCATION: Cytoplasm {ECO:0000269|PubMed:23636399}.
P46013,,,,"SUBCELLULAR LOCATION: Chromosome {ECO:0000269|PubMed:15896774, ECO:0000269|PubMed:22002106, ECO:0000269|PubMed:27362226, ECO:0000269|PubMed:32879492, ECO:0000269|PubMed:35513709, ECO:0000269|PubMed:39153474, ECO:0000269|PubMed:9510506}. Nucleus {ECO:0000269|PubMed:10878551, ECO:0000269|PubMed:22002106}. Nucleus, nucleolus {ECO:0000269|PubMed:10878551, ECO:0000269|PubMed:22002106, ECO:0000269|PubMed:2674163, ECO:0000269|PubMed:8799815}. Note=During early mitosis, relocalizes from nucleoli to the surface of the mitotic chromosome, the perichromosomal layer, and covers a substantial fraction of the mitotic chromosome surface (PubMed:27362226). Associates with satellite DNA in G1 phase (PubMed:9510506). Binds tightly to chromatin in interphase, chromatin-binding decreases in mitosis when it associates with the surface of the condensed chromosomes (PubMed:15896774, PubMed:22002106). Predominantly localized in the G1 phase in the perinucleolar region, in the later phases it is also detected throughout the nuclear interior, being predominantly localized in the nuclear matrix (PubMed:22002106). {ECO:0000269|PubMed:15896774, ECO:0000269|PubMed:22002106, ECO:0000269|PubMed:27362226}."
P46734,,,,
P48029,,"TRANSMEM 61..81; /note=""Helical""; /evidence=""ECO:0000255""; TRANSMEM 88..108; /note=""Helical""; /evidence=""ECO:0000255""; TRANSMEM 139..159; /note=""Helical""; /evidence=""ECO:0000255""; TRANSMEM 231..251; /note=""Helical""; /evidence=""ECO:0000255""; TRANSMEM 270..290; /note=""Helical""; /evidence=""ECO:0000255""; TRANSMEM 305..325; /note=""Helical""; /evidence=""ECO:0000255""; TRANSMEM 342..362; /note=""Helical""; /evidence=""ECO:0000255""; TRANSMEM 395..415; /note=""Helical""; /evidence=""ECO:0000255""; TRANSMEM 445..465; /note=""Helical""; /evidence=""ECO:0000255""; TRANSMEM 480..500; /note=""Helical""; /evidence=""ECO:0000255""; TRANSMEM 521..541; /note=""Helical""; /evidence=""ECO:0000255""; TRANSMEM 561..581; /note=""Helical""; /evidence=""ECO:0000255""","TOPO_DOM 1..60; /note=""Cytoplasmic""; /evidence=""ECO:0000255""; TOPO_DOM 82..87; /note=""Extracellular""; /evidence=""ECO:0000255""; TOPO_DOM 109..138; /note=""Cytoplasmic""; /evidence=""ECO:0000255""; TOPO_DOM 160..230; /note=""Extracellular""; /evidence=""ECO:0000255""; TOPO_DOM 252..269; /note=""Cytoplasmic""; /evidence=""ECO:0000255""; TOPO_DOM 291..304; /note=""Extracellular""; /evidence=""ECO:0000255""; TOPO_DOM 326..341; /note=""Cytoplasmic""; /evidence=""ECO:0000255""; TOPO_DOM 363..394; /note=""Extracellular""; /evidence=""ECO:0000255""; TOPO_DOM 416..444; /note=""Cytoplasmic""; /evidence=""ECO:0000255""; TOPO_DOM 466..479; /note=""Extracellular""; /evidence=""ECO:0000255""; TOPO_DOM 501..520; /note=""Cytoplasmic""; /evidence=""ECO:0000255""; TOPO_DOM 542..560; /note=""Extracellular""; /evidence=""ECO:0000255""; TOPO_DOM 582..635; /note=""Cytoplasmic""; /evidence=""ECO:0000255""",SUBCELLULAR LOCATION: Cell membrane {ECO:0000269|PubMed:22644605}; Multi-pass membrane protein {ECO:0000255}. Apical cell membrane {ECO:0000269|PubMed:12433955}; Multi-pass membrane protein {ECO:0000255}.
P48426,,,,"SUBCELLULAR LOCATION: Cell membrane {ECO:0000250|UniProtKB:O70172}. Nucleus {ECO:0000269|PubMed:20583997}. Lysosome {ECO:0000250|UniProtKB:O70172}. Cytoplasm {ECO:0000269|PubMed:20583997}. Photoreceptor inner segment {ECO:0000250|UniProtKB:O70172}. Cell projection, cilium, photoreceptor outer segment {ECO:0000250|UniProtKB:O70172}. Note=May translocate from the cytosol to the cell membrane upon activation of tyrosine phosphorylation. May translocate from the inner to the outer segments of the rod photoreceptor cells in response to light (By similarity). Localization to the nucleus is modulated by the interaction with PIP4K2B. {ECO:0000250|UniProtKB:O70172, ECO:0000269|PubMed:20583997}."
P48643,,,,"SUBCELLULAR LOCATION: Cytoplasm {ECO:0000269|PubMed:20080638}. Cytoplasm, cytoskeleton, microtubule organizing center, centrosome {ECO:0000269|PubMed:14654843, ECO:0000269|PubMed:20080638}."
P49368,,,,SUBCELLULAR LOCATION: Cytoplasm {ECO:0000305}.
P49711,,,,"SUBCELLULAR LOCATION: Nucleus, nucleoplasm {ECO:0000269|PubMed:28319062}. Chromosome {ECO:0000269|PubMed:26321640}. Chromosome, centromere {ECO:0000269|PubMed:26321640}. Note=May translocate to the nucleolus upon cell differentiation. Associates with both centromeres and chromosomal arms during metaphase. Associates with the H19 ICR in mitotic chromosomes. May be preferentially excluded from heterochromatin during interphase."
P49720,,,,"SUBCELLULAR LOCATION: Cytoplasm {ECO:0000269|PubMed:12181345, ECO:0000269|PubMed:34711951}. Nucleus {ECO:0000269|PubMed:12181345, ECO:0000269|PubMed:34711951}. Note=Translocated from the cytoplasm into the nucleus following interaction with AKIRIN2, which bridges the proteasome with the nuclear import receptor IPO9. {ECO:0000269|PubMed:34711951}."
P49754,,,,"SUBCELLULAR LOCATION: Endosome membrane {ECO:0000269|PubMed:21411634, ECO:0000269|PubMed:23322049, ECO:0000269|PubMed:25445562}; Peripheral membrane protein {ECO:0000269|PubMed:23167963, ECO:0000269|PubMed:25445562}. Late endosome membrane {ECO:0000269|PubMed:23322049, ECO:0000269|PubMed:33422265}; Peripheral membrane protein {ECO:0000269|PubMed:23167963, ECO:0000269|PubMed:25445562}. Early endosome membrane {ECO:0000269|PubMed:21411634}; Peripheral membrane protein {ECO:0000269|PubMed:23167963, ECO:0000269|PubMed:25445562}. Lysosome membrane {ECO:0000269|PubMed:21802320, ECO:0000269|PubMed:23322049, ECO:0000269|PubMed:33422265, ECO:0000269|PubMed:33851776}; Peripheral membrane protein {ECO:0000269|PubMed:23167963}. Golgi apparatus, trans-Golgi network {ECO:0000269|PubMed:23322049}. Cytoplasmic vesicle, clathrin-coated vesicle {ECO:0000269|PubMed:21411634}. Cytoplasm, cytosol {ECO:0000269|PubMed:23167963}.; SUBCELLULAR LOCATION: Note=(Microbial infection) Sequestrated at the late endosome by SARS coronavirus-2/SARS-CoV-2 ORF3A protein. {ECO:0000269|PubMed:33422265}."
P50402,,"TRANSMEM 223..243; /note=""Helical""; /evidence=""ECO:0000255""",,"SUBCELLULAR LOCATION: Nucleus inner membrane {ECO:0000269|PubMed:19167377}; Single-pass membrane protein; Nucleoplasmic side {ECO:0000269|PubMed:19167377}. Nucleus outer membrane. Note=Colocalized with BANF1 at the central region of the assembling nuclear rim, near spindle-attachment sites. The accumulation of different intermediates of prelamin-A/C (non-farnesylated or carboxymethylated farnesylated prelamin-A/C) in fibroblasts modify its localization in the nucleus."
P50613,,,,"SUBCELLULAR LOCATION: Nucleus {ECO:0000269|PubMed:10958787, ECO:0000269|PubMed:15695176, ECO:0000269|PubMed:19071173}. Cytoplasm {ECO:0000269|PubMed:15695176}. Cytoplasm, perinuclear region {ECO:0000269|PubMed:19071173}. Note=Colocalizes with PRKCI in the cytoplasm and nucleus (PubMed:15695176). Translocates from the nucleus to cytoplasm and perinuclear region in response to DNA-bound peptides (PubMed:19071173). {ECO:0000269|PubMed:15695176, ECO:0000269|PubMed:19071173}."
P50990,,,,"SUBCELLULAR LOCATION: Cytoplasm {ECO:0000269|PubMed:20080638}. Cytoplasm, cytoskeleton, microtubule organizing center, centrosome {ECO:0000269|PubMed:14654843, ECO:0000269|PubMed:20080638}. Cytoplasm, cytoskeleton, cilium basal body {ECO:0000250|UniProtKB:P42932}."
P43003,,"TRANSMEM 48..68; /note=""Helical; Name=1""; /evidence=""ECO:0000305|PubMed:28424515""; TRANSMEM 87..108; /note=""Helical; Name=2""; /evidence=""ECO:0000305|PubMed:28424515""; TRANSMEM 123..145; /note=""Helical; Name=3""; /evidence=""ECO:0000305|PubMed:28424515""; TRANSMEM 237..260; /note=""Helical; Name=4""; /evidence=""ECO:0000305|PubMed:28424515""; TRANSMEM 270..297; /note=""Helical; Name=5""; /evidence=""ECO:0000305|PubMed:28424515""; TRANSMEM 319..340; /note=""Helical; Name=6""; /evidence=""ECO:0000305|PubMed:28424515""; TRANSMEM 386..412; /note=""Helical; Name=7""; /evidence=""ECO:0000305|PubMed:28424515""; TRANSMEM 473..494; /note=""Helical; Name=8""; /evidence=""ECO:0000305|PubMed:28424515""","TOPO_DOM 1..47; /note=""Cytoplasmic""; /evidence=""ECO:0000305|PubMed:28424515""; TOPO_DOM 69..86; /note=""Extracellular""; /evidence=""ECO:0000305|PubMed:28424515""; TOPO_DOM 109..122; /note=""Cytoplasmic""; /evidence=""ECO:0000305|PubMed:28424515""; TOPO_DOM 146..236; /note=""Extracellular""; /evidence=""ECO:0000305|PubMed:28424515""; TOPO_DOM 261..269; /note=""Cytoplasmic""; /evidence=""ECO:0000305|PubMed:28424515""; TOPO_DOM 298..318; /note=""Extracellular""; /evidence=""ECO:0000305|PubMed:28424515""; TOPO_DOM 341..345; /note=""Cytoplasmic""; /evidence=""ECO:0000305|PubMed:28424515""; TOPO_DOM 377..385; /note=""Cytoplasmic""; /evidence=""ECO:0000305|PubMed:28424515""; TOPO_DOM 413..425; /note=""Extracellular""; /evidence=""ECO:0000305|PubMed:28424515""; TOPO_DOM 460..472; /note=""Extracellular""; /evidence=""ECO:0000305|PubMed:28424515""; TOPO_DOM 495..542; /note=""Cytoplasmic""; /evidence=""ECO:0000305|PubMed:28424515""","SUBCELLULAR LOCATION: Cell membrane {ECO:0000269|PubMed:20477940, ECO:0000269|PubMed:26690923, ECO:0000269|PubMed:28032905, ECO:0000269|PubMed:7521911, ECO:0000269|PubMed:8123008}; Multi-pass membrane protein {ECO:0000269|PubMed:28424515}."
P43250,,,,SUBCELLULAR LOCATION: Membrane; Lipid-anchor.
P43686,,,,SUBCELLULAR LOCATION: Cytoplasm. Nucleus.
P45880,,"TRANSMEM 37..46; /note=""Beta stranded""; /evidence=""ECO:0000269|PubMed:40080546, ECO:0007744|PDB:9EIH, ECO:0007744|PDB:9EII, ECO:0007744|PDB:9EIJ""; TRANSMEM 50..58; /note=""Beta stranded""; /evidence=""ECO:0000269|PubMed:40080546, ECO:0007744|PDB:9EIH, ECO:0007744|PDB:9EII, ECO:0007744|PDB:9EIJ""; TRANSMEM 65..75; /note=""Beta stranded""; /evidence=""ECO:0000269|PubMed:40080546, ECO:0007744|PDB:9EIH, ECO:0007744|PDB:9EII, ECO:0007744|PDB:9EIJ""; TRANSMEM 80..87; /note=""Beta stranded""; /evidence=""ECO:0000269|PubMed:40080546, ECO:0007744|PDB:9EIH, ECO:0007744|PDB:9EII, ECO:0007744|PDB:9EIJ""; TRANSMEM 91..100; /note=""Beta stranded""; /evidence=""ECO:0000269|PubMed:40080546, ECO:0007744|PDB:9EIH, ECO:0007744|PDB:9EII, ECO:0007744|PDB:9EIJ""; TRANSMEM 106..115; /note=""Beta stranded""; /evidence=""ECO:0000269|PubMed:40080546, ECO:0007744|PDB:9EIH, ECO:0007744|PDB:9EII, ECO:0007744|PDB:9EIJ""; TRANSMEM 122..131; /note=""Beta stranded""; /evidence=""ECO:0000269|PubMed:40080546, ECO:0007744|PDB:9EIH, ECO:0007744|PDB:9EII, ECO:0007744|PDB:9EIJ""; TRANSMEM 134..141; /note=""Beta stranded""; /evidence=""ECO:0000269|PubMed:40080546, ECO:0007744|PDB:9EIH, ECO:0007744|PDB:9EII, ECO:0007744|PDB:9EIJ""; TRANSMEM 148..156; /note=""Beta stranded""; /evidence=""ECO:0000269|PubMed:40080546, ECO:0007744|PDB:9EIH, ECO:0007744|PDB:9EII, ECO:0007744|PDB:9EIJ""; TRANSMEM 161..169; /note=""Beta stranded""; /evidence=""ECO:0000269|PubMed:40080546, ECO:0007744|PDB:9EIH, ECO:0007744|PDB:9EII, ECO:0007744|PDB:9EIJ""; TRANSMEM 174..186; /note=""Beta stranded""; /evidence=""ECO:0000269|PubMed:40080546, ECO:0007744|PDB:9EIH, ECO:0007744|PDB:9EII, ECO:0007744|PDB:9EIJ""; TRANSMEM 189..196; /note=""Beta stranded""; /evidence=""ECO:0000269|PubMed:40080546, ECO:0007744|PDB:9EIH, ECO:0007744|PDB:9EII, ECO:0007744|PDB:9EIJ""; TRANSMEM 200..209; /note=""Beta stranded""; /evidence=""ECO:0000269|PubMed:40080546, ECO:0007744|PDB:9EIH, ECO:0007744|PDB:9EII, ECO:0007744|PDB:9EIJ""; TRANSMEM 213..222; /note=""Beta stranded""; /evidence=""ECO:0000269|PubMed:40080546, ECO:0007744|PDB:9EIH, ECO:0007744|PDB:9EII, ECO:0007744|PDB:9EIJ""; TRANSMEM 229..238; /note=""Beta stranded""; /evidence=""ECO:0000269|PubMed:40080546, ECO:0007744|PDB:9EIH, ECO:0007744|PDB:9EII, ECO:0007744|PDB:9EIJ""; TRANSMEM 242..249; /note=""Beta stranded""; /evidence=""ECO:0000269|PubMed:40080546, ECO:0007744|PDB:9EIH, ECO:0007744|PDB:9EII, ECO:0007744|PDB:9EIJ""; TRANSMEM 253..262; /note=""Beta stranded""; /evidence=""ECO:0000269|PubMed:40080546, ECO:0007744|PDB:9EIH, ECO:0007744|PDB:9EII, ECO:0007744|PDB:9EIJ""; TRANSMEM 265..274; /note=""Beta stranded""; /evidence=""ECO:0000269|PubMed:40080546, ECO:0007744|PDB:9EIH, ECO:0007744|PDB:9EII, ECO:0007744|PDB:9EIJ""; TRANSMEM 284..293; /note=""Beta stranded""; /evidence=""ECO:0000269|PubMed:40080546, ECO:0007744|PDB:9EIH, ECO:0007744|PDB:9EII, ECO:0007744|PDB:9EIJ""","TOPO_DOM 2..12; /note=""Cytoplasmic""; /evidence=""ECO:0000269|PubMed:40080546, ECO:0007744|PDB:9EIH, ECO:0007744|PDB:9EII, ECO:0007744|PDB:9EIJ""; TOPO_DOM 47..49; /note=""Mitochondrial intermembrane""; /evidence=""ECO:0000269|PubMed:40080546, ECO:0007744|PDB:9EIH, ECO:0007744|PDB:9EII, ECO:0007744|PDB:9EIJ""; TOPO_DOM 59..64; /note=""Cytoplasmic""; /evidence=""ECO:0000269|PubMed:40080546, ECO:0007744|PDB:9EIH, ECO:0007744|PDB:9EII, ECO:0007744|PDB:9EIJ""; TOPO_DOM 76..79; /note=""Mitochondrial intermembrane""; /evidence=""ECO:0000269|PubMed:40080546, ECO:0007744|PDB:9EIH, ECO:0007744|PDB:9EII, ECO:0007744|PDB:9EIJ""; TOPO_DOM 88..90; /note=""Cytoplasmic""; /evidence=""ECO:0000269|PubMed:40080546, ECO:0007744|PDB:9EIH, ECO:0007744|PDB:9EII, ECO:0007744|PDB:9EIJ""; TOPO_DOM 101..105; /note=""Mitochondrial intermembrane""; /evidence=""ECO:0000269|PubMed:40080546, ECO:0007744|PDB:9EIH, ECO:0007744|PDB:9EII, ECO:0007744|PDB:9EIJ""; TOPO_DOM 116..121; /note=""Cytoplasmic""; /evidence=""ECO:0000269|PubMed:40080546, ECO:0007744|PDB:9EIH, ECO:0007744|PDB:9EII, ECO:0007744|PDB:9EIJ""; TOPO_DOM 132..133; /note=""Mitochondrial intermembrane""; /evidence=""ECO:0000269|PubMed:40080546, ECO:0007744|PDB:9EIH, ECO:0007744|PDB:9EII, ECO:0007744|PDB:9EIJ""; TOPO_DOM 142..147; /note=""Cytoplasmic""; /evidence=""ECO:0000269|PubMed:40080546, ECO:0007744|PDB:9EIH, ECO:0007744|PDB:9EII, ECO:0007744|PDB:9EIJ""; TOPO_DOM 157..160; /note=""Mitochondrial intermembrane""; /evidence=""ECO:0000269|PubMed:40080546, ECO:0007744|PDB:9EIH, ECO:0007744|PDB:9EII, ECO:0007744|PDB:9EIJ""; TOPO_DOM 170..173; /note=""Cytoplasmic""; /evidence=""ECO:0000269|PubMed:40080546, ECO:0007744|PDB:9EIH, ECO:0007744|PDB:9EII, ECO:0007744|PDB:9EIJ""; TOPO_DOM 187..188; /note=""Mitochondrial intermembrane""; /evidence=""ECO:0000269|PubMed:40080546, ECO:0000305, ECO:0007744|PDB:9EIH, ECO:0007744|PDB:9EII, ECO:0007744|PDB:9EIJ""; TOPO_DOM 197..199; /note=""Cytoplasmic""; /evidence=""ECO:0000269|PubMed:40080546, ECO:0007744|PDB:9EIH, ECO:0007744|PDB:9EII, ECO:0007744|PDB:9EIJ""; TOPO_DOM 210..212; /note=""Mitochondrial intermembrane""; /evidence=""ECO:0000269|PubMed:40080546, ECO:0007744|PDB:9EIH, ECO:0007744|PDB:9EII, ECO:0007744|PDB:9EIJ""; TOPO_DOM 223..228; /note=""Cytoplasmic""; /evidence=""ECO:0000269|PubMed:40080546, ECO:0007744|PDB:9EIH, ECO:0007744|PDB:9EII, ECO:0007744|PDB:9EIJ""; TOPO_DOM 239..241; /note=""Mitochondrial intermembrane""; /evidence=""ECO:0000269|PubMed:40080546, ECO:0007744|PDB:9EIH, ECO:0007744|PDB:9EII, ECO:0007744|PDB:9EIJ""; TOPO_DOM 250..252; /note=""Cytoplasmic""; /evidence=""ECO:0000269|PubMed:40080546, ECO:0007744|PDB:9EIH, ECO:0007744|PDB:9EII, ECO:0007744|PDB:9EIJ""; TOPO_DOM 263..264; /note=""Mitochondrial intermembrane""; /evidence=""ECO:0000269|PubMed:40080546, ECO:0007744|PDB:9EIH, ECO:0007744|PDB:9EII, ECO:0007744|PDB:9EIJ""; TOPO_DOM 275..283; /note=""Cytoplasmic""; /evidence=""ECO:0000269|PubMed:40080546, ECO:0007744|PDB:9EIH, ECO:0007744|PDB:9EII, ECO:0007744|PDB:9EIJ""; TOPO_DOM 294; /note=""Mitochondrial intermembrane""; /evidence=""ECO:0000269|PubMed:40080546, ECO:0007744|PDB:9EIH, ECO:0007744|PDB:9EII, ECO:0007744|PDB:9EIJ""","SUBCELLULAR LOCATION: Mitochondrion outer membrane {ECO:0000269|PubMed:31015432, ECO:0000269|PubMed:7539795}; Multi-pass membrane protein {ECO:0000269|PubMed:40080546}. Membrane {ECO:0000269|PubMed:27641616}. Note=May localize to non-mitochondrial membranes. {ECO:0000269|PubMed:27641616}."
P46379,,,,"SUBCELLULAR LOCATION: Cytoplasm, cytosol {ECO:0000269|PubMed:17403783, ECO:0000269|PubMed:20676083, ECO:0000269|PubMed:21636303, ECO:0000269|PubMed:29042515}. Nucleus {ECO:0000269|PubMed:14960581, ECO:0000269|PubMed:17403783, ECO:0000269|PubMed:21636303, ECO:0000269|PubMed:29042515}. Secreted, extracellular exosome {ECO:0000269|PubMed:18055229, ECO:0000269|PubMed:18852879}. Note=Normally localized in cytosol and nucleus, it can also be released extracellularly, in exosomes, by tumor and myeloid dendritic cells (PubMed:18055229, PubMed:18852879). Cytoplasmic retention is due to interaction with GET4 (PubMed:29042515). {ECO:0000269|PubMed:18055229, ECO:0000269|PubMed:18852879, ECO:0000269|PubMed:29042515}."
P46976,,,,"SUBCELLULAR LOCATION: Cytoplasm {ECO:0000250|UniProtKB:P13280}. Nucleus {ECO:0000250|UniProtKB:P13280}. Note=Localizes to glycogen granules (glycosomes) in the cytoplasm (By similarity). Cytosolic localization is dependent on the actin cytoskeleton (By similarity). {ECO:0000250|UniProtKB:C4R941, ECO:0000250|UniProtKB:P13280}."
P47224,,,,
P48651,,"TRANSMEM 36..56; /note=""Helical""; /evidence=""ECO:0000255""; TRANSMEM 73..93; /note=""Helical""; /evidence=""ECO:0000255""; TRANSMEM 103..123; /note=""Helical""; /evidence=""ECO:0000255""; TRANSMEM 187..207; /note=""Helical""; /evidence=""ECO:0000255""; TRANSMEM 217..237; /note=""Helical""; /evidence=""ECO:0000255""; TRANSMEM 287..307; /note=""Helical""; /evidence=""ECO:0000255""; TRANSMEM 320..342; /note=""Helical""; /evidence=""ECO:0000255""; TRANSMEM 356..376; /note=""Helical""; /evidence=""ECO:0000255""; TRANSMEM 384..404; /note=""Helical""; /evidence=""ECO:0000255""","TOPO_DOM 2..35; /note=""Cytoplasmic""; /evidence=""ECO:0000255""; TOPO_DOM 57..72; /note=""Lumenal""; /evidence=""ECO:0000255""; TOPO_DOM 94..102; /note=""Cytoplasmic""; /evidence=""ECO:0000255""; TOPO_DOM 124..186; /note=""Lumenal""; /evidence=""ECO:0000255""; TOPO_DOM 208..216; /note=""Cytoplasmic""; /evidence=""ECO:0000255""; TOPO_DOM 238..286; /note=""Lumenal""; /evidence=""ECO:0000255""; TOPO_DOM 308..319; /note=""Cytoplasmic""; /evidence=""ECO:0000255""; TOPO_DOM 343..355; /note=""Lumenal""; /evidence=""ECO:0000255""; TOPO_DOM 377..383; /note=""Cytoplasmic""; /evidence=""ECO:0000255""; TOPO_DOM 405..473; /note=""Lumenal""; /evidence=""ECO:0000255""",SUBCELLULAR LOCATION: Endoplasmic reticulum membrane {ECO:0000250|UniProtKB:Q99LH2}; Multi-pass membrane protein {ECO:0000250|UniProtKB:Q99LH2}. Note=Highly enriched in the mitochondria-associated membrane (MAM). {ECO:0000250|UniProtKB:Q99LH2}.
P49281,,"TRANSMEM 70..90; /note=""Helical""; /evidence=""ECO:0000255""; TRANSMEM 97..117; /note=""Helical""; /evidence=""ECO:0000255""; TRANSMEM 155..175; /note=""Helical""; /evidence=""ECO:0000255""; TRANSMEM 180..200; /note=""Helical""; /evidence=""ECO:0000255""; TRANSMEM 209..229; /note=""Helical""; /evidence=""ECO:0000255""; TRANSMEM 256..276; /note=""Helical""; /evidence=""ECO:0000255""; TRANSMEM 302..322; /note=""Helical""; /evidence=""ECO:0000255""; TRANSMEM 361..381; /note=""Helical""; /evidence=""ECO:0000255""; TRANSMEM 409..429; /note=""Helical""; /evidence=""ECO:0000255""; TRANSMEM 441..461; /note=""Helical""; /evidence=""ECO:0000255""; TRANSMEM 483..503; /note=""Helical""; /evidence=""ECO:0000255""; TRANSMEM 507..527; /note=""Helical""; /evidence=""ECO:0000255""","TOPO_DOM 1..69; /note=""Cytoplasmic""; /evidence=""ECO:0000255""; TOPO_DOM 91..96; /note=""Extracellular""; /evidence=""ECO:0000255""; TOPO_DOM 118..154; /note=""Cytoplasmic""; /evidence=""ECO:0000255""; TOPO_DOM 176..179; /note=""Extracellular""; /evidence=""ECO:0000255""; TOPO_DOM 201..208; /note=""Cytoplasmic""; /evidence=""ECO:0000255""; TOPO_DOM 230..255; /note=""Extracellular""; /evidence=""ECO:0000255""; TOPO_DOM 277..301; /note=""Cytoplasmic""; /evidence=""ECO:0000255""; TOPO_DOM 323..360; /note=""Extracellular""; /evidence=""ECO:0000255""; TOPO_DOM 382..408; /note=""Cytoplasmic""; /evidence=""ECO:0000255""; TOPO_DOM 430..440; /note=""Extracellular""; /evidence=""ECO:0000255""; TOPO_DOM 462..482; /note=""Cytoplasmic""; /evidence=""ECO:0000255""; TOPO_DOM 504..506; /note=""Extracellular""; /evidence=""ECO:0000255""; TOPO_DOM 528..568; /note=""Cytoplasmic""; /evidence=""ECO:0000255""","SUBCELLULAR LOCATION: [Isoform 1]: Early endosome membrane {ECO:0000269|PubMed:12475959}; Multi-pass membrane protein {ECO:0000255}. Apical cell membrane {ECO:0000269|PubMed:12475959}; Multi-pass membrane protein {ECO:0000255}. Note=Predominantly localizes in early endosomes that underlie the apical membrane of polarized epithelia. {ECO:0000269|PubMed:12475959}.; SUBCELLULAR LOCATION: [Isoform 2]: Late endosome membrane {ECO:0000269|PubMed:12475959}; Multi-pass membrane protein {ECO:0000255}. Lysosome membrane {ECO:0000269|PubMed:12475959}; Multi-pass membrane protein {ECO:0000255}. Apical cell membrane {ECO:0000269|PubMed:12475959}; Multi-pass membrane protein {ECO:0000255}. Cell membrane {ECO:0000269|PubMed:27462458}; Multi-pass membrane protein {ECO:0000255}. Extracellular vesicle membrane {ECO:0000269|PubMed:27462458}; Multi-pass membrane protein.; SUBCELLULAR LOCATION: [Isoform 3]: Cell membrane {ECO:0000269|PubMed:25491917}.; SUBCELLULAR LOCATION: Mitochondrion outer membrane {ECO:0000269|PubMed:24448823}; Multi-pass membrane protein {ECO:0000255}. Golgi apparatus, trans-Golgi network membrane {ECO:0000250|UniProtKB:P49282}; Multi-pass membrane protein {ECO:0000255}. Recycling endosome membrane {ECO:0000250|UniProtKB:P49282}; Multi-pass membrane protein {ECO:0000255}."
P49721,,,,"SUBCELLULAR LOCATION: Cytoplasm {ECO:0000269|PubMed:12181345, ECO:0000269|PubMed:34711951}. Nucleus {ECO:0000269|PubMed:12181345, ECO:0000269|PubMed:34711951}. Note=Translocated from the cytoplasm into the nucleus following interaction with AKIRIN2, which bridges the proteasome with the nuclear import receptor IPO9. {ECO:0000269|PubMed:34711951}."
P50750,,,,"SUBCELLULAR LOCATION: Nucleus. Cytoplasm. Nucleus, PML body. Note=Accumulates on chromatin in response to replication stress. Complexed with CCNT1 in nuclear speckles, but uncomplexed form in the cytoplasm. The translocation from nucleus to cytoplasm is XPO1/CRM1-dependent. Associates with PML body when acetylated."
P42574,,,,SUBCELLULAR LOCATION: Cytoplasm {ECO:0000269|PubMed:15003516}.
P46777,,,,"SUBCELLULAR LOCATION: Cytoplasm {ECO:0000269|PubMed:15469983, ECO:0000269|Ref.7}. Nucleus, nucleolus {ECO:0000269|PubMed:15469983, ECO:0000269|Ref.7}. Note=Although RP5 is functional within the cytoplasm, the assembly of ribosomal subunits occurs in the nucleus. RPL5 nuclear import is mediated by IPO5/RanBP5, IPO7/RanBP7, KPNB1/importin-beta or TPNO1/Trn. {ECO:0000269|PubMed:9687515}."
P46977,,"TRANSMEM 18..38; /note=""Helical""; /evidence=""ECO:0000255""; TRANSMEM 120..138; /note=""Helical""; /evidence=""ECO:0000250|UniProtKB:P39007""; TRANSMEM 141..158; /note=""Helical""; /evidence=""ECO:0000250|UniProtKB:P39007""; TRANSMEM 170..189; /note=""Helical""; /evidence=""ECO:0000250|UniProtKB:P39007""; TRANSMEM 192..206; /note=""Helical""; /evidence=""ECO:0000250|UniProtKB:P39007""; TRANSMEM 212..228; /note=""Helical""; /evidence=""ECO:0000250|UniProtKB:P39007""; TRANSMEM 234..259; /note=""Helical""; /evidence=""ECO:0000250|UniProtKB:P39007""; TRANSMEM 268..287; /note=""Helical""; /evidence=""ECO:0000250|UniProtKB:P39007""; TRANSMEM 301..321; /note=""Helical""; /evidence=""ECO:0000255""; TRANSMEM 357..379; /note=""Helical""; /evidence=""ECO:0000250|UniProtKB:P39007""; TRANSMEM 386..402; /note=""Helical""; /evidence=""ECO:0000250|UniProtKB:P39007""; TRANSMEM 407..428; /note=""Helical""; /evidence=""ECO:0000250|UniProtKB:P39007""; TRANSMEM 454..473; /note=""Helical""; /evidence=""ECO:0000250|UniProtKB:P39007""","TOPO_DOM 1..17; /note=""Cytoplasmic""; /evidence=""ECO:0000305""; TOPO_DOM 39..119; /note=""Lumenal""; /evidence=""ECO:0000305""; TOPO_DOM 139..140; /note=""Cytoplasmic""; /evidence=""ECO:0000305""; TOPO_DOM 159..169; /note=""Lumenal""; /evidence=""ECO:0000305""; TOPO_DOM 190..191; /note=""Cytoplasmic""; /evidence=""ECO:0000305""; TOPO_DOM 207..211; /note=""Lumenal""; /evidence=""ECO:0000305""; TOPO_DOM 229..233; /note=""Cytoplasmic""; /evidence=""ECO:0000305""; TOPO_DOM 260..267; /note=""Lumenal""; /evidence=""ECO:0000305""; TOPO_DOM 288..300; /note=""Cytoplasmic""; /evidence=""ECO:0000305""; TOPO_DOM 322..356; /note=""Lumenal""; /evidence=""ECO:0000305""; TOPO_DOM 380..385; /note=""Cytoplasmic""; /evidence=""ECO:0000305""; TOPO_DOM 403..406; /note=""Lumenal""; /evidence=""ECO:0000305""; TOPO_DOM 429..453; /note=""Cytoplasmic""; /evidence=""ECO:0000305""; TOPO_DOM 474..705; /note=""Lumenal""; /evidence=""ECO:0000305""",SUBCELLULAR LOCATION: Endoplasmic reticulum {ECO:0000269|PubMed:12887896}. Endoplasmic reticulum membrane {ECO:0000250|UniProtKB:P46978}; Multi-pass membrane protein {ECO:0000250|UniProtKB:P46978}.
P48556,,,,
P49591,,,,"SUBCELLULAR LOCATION: Cytoplasm {ECO:0000269|PubMed:22353712, ECO:0000269|PubMed:28236339, ECO:0000269|PubMed:34570399, ECO:0000269|PubMed:36041817}. Nucleus {ECO:0000269|PubMed:22353712, ECO:0000269|PubMed:34570399, ECO:0000269|PubMed:36041817}. Note=Predominantly cytoplasmic, but a minor proportion is also found in the nucleus. {ECO:0000269|PubMed:22353712, ECO:0000269|PubMed:34570399, ECO:0000269|PubMed:36041817}."
P49755,"SIGNAL 1..31; /evidence=""ECO:0000269|PubMed:19892738, ECO:0007744|PubMed:25944712""","TRANSMEM 186..206; /note=""Helical""; /evidence=""ECO:0000255""","TOPO_DOM 32..185; /note=""Lumenal""; /evidence=""ECO:0000305""; TOPO_DOM 207..219; /note=""Cytoplasmic""; /evidence=""ECO:0000305""","SUBCELLULAR LOCATION: Endoplasmic reticulum membrane {ECO:0000269|PubMed:10852829, ECO:0000269|PubMed:12237308, ECO:0000269|PubMed:9472029}; Single-pass type I membrane protein {ECO:0000255}. Endoplasmic reticulum-Golgi intermediate compartment membrane {ECO:0000269|PubMed:12237308, ECO:0000269|PubMed:32272059, ECO:0000269|PubMed:9382861}; Single-pass type I membrane protein {ECO:0000255}. Golgi apparatus membrane {ECO:0000269|PubMed:10852829, ECO:0000269|PubMed:12237308, ECO:0000269|PubMed:21219331, ECO:0000269|PubMed:9382861, ECO:0000269|PubMed:9472029}; Single-pass type I membrane protein {ECO:0000255}. Golgi apparatus, cis-Golgi network membrane {ECO:0000269|PubMed:9382861}; Single-pass type I membrane protein {ECO:0000255}. Golgi apparatus, trans-Golgi network membrane {ECO:0000250|UniProtKB:Q63584}; Single-pass type I membrane protein {ECO:0000255}. Cytoplasmic vesicle, secretory vesicle membrane {ECO:0000305}; Single-pass type I membrane protein {ECO:0000255}. Cell membrane {ECO:0000250|UniProtKB:Q63584}; Single-pass type I membrane protein {ECO:0000255}. Melanosome {ECO:0000269|PubMed:17081065}. Note=Identified by mass spectrometry in melanosome fractions from stage I to stage IV. {ECO:0000269|PubMed:17081065}."
P49756,,,,"SUBCELLULAR LOCATION: Nucleus speckle. Cytoplasm. Note=Colocalizes predominantly, with SFRS2 and LUC7L3 splicing factors, in nuclear speckles. Cytoplasmic localization is faint."
P49792,,,,"SUBCELLULAR LOCATION: Nucleus {ECO:0000269|PubMed:7775481}. Nucleus membrane {ECO:0000269|PubMed:11839768}. Nucleus, nuclear pore complex {ECO:0000269|PubMed:11839768, ECO:0000269|PubMed:20386726, ECO:0000269|PubMed:23353830, ECO:0000269|PubMed:7603572}. Nucleus envelope {ECO:0000269|PubMed:20386726}. Note=Detected in diffuse and discrete intranuclear foci (PubMed:11839768). Cytoplasmic filaments (PubMed:7775481). {ECO:0000269|PubMed:11839768, ECO:0000269|PubMed:7775481}."
P50395,,,,"SUBCELLULAR LOCATION: Cytoplasm {ECO:0000250}. Membrane {ECO:0000250}; Peripheral membrane protein {ECO:0000250}. Golgi apparatus, trans-Golgi network {ECO:0000269|PubMed:19570034}."
P50991,,,,"SUBCELLULAR LOCATION: Cytoplasm {ECO:0000269|PubMed:17081065, ECO:0000269|PubMed:20080638}. Melanosome {ECO:0000269|PubMed:17081065}. Cytoplasm, cytoskeleton, microtubule organizing center, centrosome {ECO:0000269|PubMed:14654843, ECO:0000269|PubMed:20080638}. Cytoplasm, cytoskeleton, cilium basal body {ECO:0000250|UniProtKB:P80315}. Note=Identified by mass spectrometry in melanosome fractions from stage I to stage IV. {ECO:0000269|PubMed:17081065}."
P51116,,,,"SUBCELLULAR LOCATION: Cytoplasm, Cytoplasmic ribonucleoprotein granule {ECO:0000250|UniProtKB:Q61584}. Cytoplasm {ECO:0000269|PubMed:9259278}. Postsynapse {ECO:0000250|UniProtKB:Q9WVR4}. Note=Specifically localizes to cytoplasmic ribonucleoprotein membraneless compartments (By similarity). Localization to the post-synaptic region is dependent on FMR1 (By similarity). {ECO:0000250|UniProtKB:Q61584, ECO:0000250|UniProtKB:Q9WVR4}."
P51149,,,,"SUBCELLULAR LOCATION: Cytoplasmic vesicle, phagosome membrane {ECO:0000269|PubMed:12944476, ECO:0000269|PubMed:21255211}; Peripheral membrane protein {ECO:0000305}; Cytoplasmic side {ECO:0000305}. Late endosome membrane {ECO:0000269|PubMed:12944476, ECO:0000269|PubMed:14617358, ECO:0000269|PubMed:16176980, ECO:0000269|PubMed:20028791, ECO:0000269|PubMed:28325809, ECO:0000269|PubMed:31636202}; Peripheral membrane protein {ECO:0000305}; Cytoplasmic side {ECO:0000305}. Lysosome membrane {ECO:0000269|PubMed:12944476, ECO:0000269|PubMed:20028791, ECO:0000269|PubMed:31636202, ECO:0000269|PubMed:38538795}; Peripheral membrane protein {ECO:0000305}; Cytoplasmic side {ECO:0000305}. Melanosome membrane {ECO:0000269|PubMed:12643545, ECO:0000269|PubMed:17081065}; Peripheral membrane protein {ECO:0000305}; Cytoplasmic side {ECO:0000305}. Cytoplasmic vesicle, autophagosome membrane {ECO:0000269|PubMed:20028791}; Peripheral membrane protein {ECO:0000305}; Cytoplasmic side {ECO:0000305}. Lipid droplet {ECO:0000250|UniProtKB:P51150}. Endosome membrane {ECO:0000269|PubMed:22431521}; Peripheral membrane protein {ECO:0000305}. Cytoplasmic vesicle {ECO:0000250|UniProtKB:P51150}. Mitochondrion membrane {ECO:0000305|PubMed:34432599}; Peripheral membrane protein {ECO:0000305}. Note=Colocalizes with OSBPL1A at the late endosome (PubMed:16176980). Found in the ruffled border (a late endosomal-like compartment in the plasma membrane) of bone-resorbing osteoclasts. Recruited to phagosomes containing S.aureus or Mycobacterium (PubMed:21255211). Lipid droplet localization is increased upon ADRB2 stimulation (By similarity). Recruited to damaged mitochondria during mitophagy in a RIMOC1-dependent manner (PubMed:34432599). {ECO:0000250|UniProtKB:P51150, ECO:0000269|PubMed:16176980, ECO:0000269|PubMed:21255211, ECO:0000269|PubMed:34432599}."
P51153,,,,"SUBCELLULAR LOCATION: Cell membrane {ECO:0000269|PubMed:15528189}; Lipid-anchor {ECO:0000305|PubMed:8375503}; Cytoplasmic side {ECO:0000305|PubMed:8375503}. Cytoplasmic vesicle membrane {ECO:0000269|PubMed:15528189, ECO:0000269|PubMed:8294494}; Lipid-anchor {ECO:0000305|PubMed:8375503}; Cytoplasmic side {ECO:0000305|PubMed:8375503}. Cell junction, tight junction {ECO:0000269|PubMed:12058051, ECO:0000269|PubMed:8294494}. Golgi apparatus, trans-Golgi network membrane {ECO:0000269|PubMed:18779367}. Recycling endosome membrane {ECO:0000269|PubMed:18779367}. Cell projection, lamellipodium {ECO:0000250|UniProtKB:Q9DD03}. Note=Tight junctions or associated with vesicles scattered throughout the cytoplasm in cells lacking tight junctions (PubMed:8294494). Relocalizes to the leading edge of lamellipodia in migrating endothelial cells (By similarity). {ECO:0000250|UniProtKB:Q9DD03, ECO:0000269|PubMed:8294494}."
P42575,,,,
P42679,,,,"SUBCELLULAR LOCATION: Cytoplasm {ECO:0000269|PubMed:9171348}. Membrane {ECO:0000269|PubMed:9171348}. Note=In platelets, 90% of MATK localizes to the membrane fraction, and translocates to the cytoskeleton upon thrombin stimulation."
P46087,,,,"SUBCELLULAR LOCATION: Nucleus, nucleolus {ECO:0000269|PubMed:12429849, ECO:0000269|PubMed:26196125, ECO:0000269|PubMed:36161484, ECO:0000269|PubMed:8089149}. Nucleus {ECO:0000269|PubMed:36161484}. Note=Localizes predominantly in the nucleolus and to a smaller extent in the nucleus. {ECO:0000269|PubMed:36161484}."
P48552,,,,"SUBCELLULAR LOCATION: Nucleus {ECO:0000269|PubMed:11266503, ECO:0000269|PubMed:12773562, ECO:0000269|PubMed:15060175, ECO:0000269|PubMed:7641693}. Note=Localized to discrete foci and redistributes to larger nuclear domains upon binding to ligand-bound NR3C1."
P48553,,,,"SUBCELLULAR LOCATION: Golgi apparatus, cis-Golgi network {ECO:0000250}."
P49257,"SIGNAL 1..30; /evidence=""ECO:0000269|PubMed:12665801, ECO:0000269|PubMed:7876089, ECO:0000269|PubMed:8223692, ECO:0007744|PubMed:25944712""","TRANSMEM 478..498; /note=""Helical""; /evidence=""ECO:0000255""","TOPO_DOM 31..477; /note=""Lumenal""; /evidence=""ECO:0000255""; TOPO_DOM 499..510; /note=""Cytoplasmic""; /evidence=""ECO:0000255""",SUBCELLULAR LOCATION: Endoplasmic reticulum-Golgi intermediate compartment membrane; Single-pass type I membrane protein. Golgi apparatus membrane; Single-pass membrane protein. Endoplasmic reticulum membrane; Single-pass type I membrane protein.
P49327,,,,SUBCELLULAR LOCATION: Cytoplasm {ECO:0000269|PubMed:17081065}. Melanosome {ECO:0000269|PubMed:17081065}. Note=Identified by mass spectrometry in melanosome fractions from stage I to stage IV.
P49419,,,,"SUBCELLULAR LOCATION: [Isoform 1]: Mitochondrion {ECO:0000269|PubMed:20207735}.; SUBCELLULAR LOCATION: [Isoform 2]: Cytoplasm, cytosol {ECO:0000269|PubMed:20207735, ECO:0000269|PubMed:31492851}. Cell membrane {ECO:0000269|PubMed:31492851, ECO:0000269|PubMed:40233740}. Golgi apparatus membrane {ECO:0000269|PubMed:31492851}. Nucleus {ECO:0000269|PubMed:20207735}. Note=Translocates to membranes in response to cellular stress and phosphorylation by AMPK. {ECO:0000269|PubMed:31492851, ECO:0000269|PubMed:40233740}."
P49674,,,,SUBCELLULAR LOCATION: Cytoplasm {ECO:0000250}. Nucleus {ECO:0000250}.
P49840,,,,
P49841,,,,"SUBCELLULAR LOCATION: Cytoplasm {ECO:0000269|PubMed:21029237, ECO:0000269|PubMed:25169422, ECO:0000269|PubMed:25733715, ECO:0000269|PubMed:35606353}. Nucleus {ECO:0000269|PubMed:15448698, ECO:0000269|PubMed:21029237}. Cell membrane {ECO:0000269|PubMed:20937854}. Note=The phosphorylated form shows localization to cytoplasm and cell membrane (PubMed:20937854). The MEMO1-RHOA-DIAPH1 signaling pathway controls localization of the phosphorylated form to the cell membrane (PubMed:20937854). {ECO:0000269|PubMed:20937854}."
P50995,,,,"SUBCELLULAR LOCATION: Cytoplasm {ECO:0000269|PubMed:28469040}. Melanosome. Nucleus envelope. Nucleus, nucleoplasm {ECO:0000269|PubMed:28469040}. Cytoplasm, cytoskeleton, spindle. Note=Found throughout the nucleoplasm at interphase and during mitosis concentrates around the mitotic apparatus (By similarity). Elevation of intracellular calcium causes relocalization from the nucleoplasm to the nuclear envelope, with little effect on the cytoplasmic pool. Localization to the nuclear envelope is cell-cycle dependent. {ECO:0000250}."
P51151,,,,"SUBCELLULAR LOCATION: Cell membrane {ECO:0000305}; Lipid-anchor {ECO:0000305}; Cytoplasmic side {ECO:0000305}. Endoplasmic reticulum membrane {ECO:0000305}. Golgi apparatus membrane {ECO:0000305|PubMed:34793709}. Late endosome {ECO:0000269|PubMed:16176980, ECO:0000269|PubMed:34793709}. Cytoplasmic vesicle, phagosome membrane {ECO:0000305}; Lipid-anchor {ECO:0000305}; Cytoplasmic side {ECO:0000305}. Cytoplasmic vesicle, phagosome {ECO:0000269|PubMed:21255211}. Cytoplasmic vesicle membrane {ECO:0000269|PubMed:34793709}. Melanosome {ECO:0000250|UniProtKB:Q9R0M6}. Note=Colocalizes with OSBPL1A at the late endosome (PubMed:16176980). Recruited to phagosomes containing S.aureus or M.tuberculosis (PubMed:21255211). Mainly localizes to late endosomes and partially localizes to Golgi (PubMed:34793709). Colocalizes with NDE1 to membrane vesicles (PubMed:34793709). {ECO:0000269|PubMed:16176980, ECO:0000269|PubMed:21255211, ECO:0000269|PubMed:34793709}."
P49450,,,,"SUBCELLULAR LOCATION: Nucleus {ECO:0000269|PubMed:14667408, ECO:0000269|PubMed:25556658, ECO:0000269|PubMed:9024683}. Chromosome, centromere {ECO:0000269|PubMed:11756469, ECO:0000269|PubMed:15282608, ECO:0000269|PubMed:15475964, ECO:0000269|PubMed:15702419, ECO:0000269|PubMed:17651496, ECO:0000269|PubMed:18072184, ECO:0000269|PubMed:19114591, ECO:0000269|PubMed:20739937, ECO:0000269|PubMed:21743476, ECO:0000269|PubMed:23818633, ECO:0000269|PubMed:25556658, ECO:0000269|PubMed:27499292, ECO:0000269|PubMed:7962047, ECO:0000269|PubMed:9024683}. Note=Localizes exclusively to sites of kinetochore assembly in centromeres. Occupies a compact domain at the inner kinetochore plate stretching across 2 thirds of the length of the constriction but encompassing only one third of the constriction width and height (PubMed:19114591). Phosphorylation at Ser-68 during early mitosis abolishes association with chromatin and centromeres and results in dispersed nuclear location (PubMed:25556658). {ECO:0000269|PubMed:19114591, ECO:0000269|PubMed:25556658}."
P51530,,,,"SUBCELLULAR LOCATION: Nucleus. Mitochondrion. Note=Was initially reported to be exclusively mitochondrial (PubMed:18995831). However, it was later shown to localize both in mitochondrion and nucleus (PubMed:19487465). {ECO:0000269|PubMed:18995831, ECO:0000269|PubMed:19487465}."
P51531,,,,"SUBCELLULAR LOCATION: Nucleus {ECO:0000269|PubMed:11259672, ECO:0000269|PubMed:25593309}. Note=Localizes to sites of DNA damage. {ECO:0000269|PubMed:25593309}."
P45984,,,,SUBCELLULAR LOCATION: Cytoplasm {ECO:0000269|PubMed:19675674}. Nucleus {ECO:0000269|PubMed:19675674}. Note=Colocalizes with POU5F1 in the nucleus. {ECO:0000250|UniProtKB:Q9WTU6}.
P46939,,,,"SUBCELLULAR LOCATION: Postsynaptic cell membrane; Peripheral membrane protein; Cytoplasmic side. Cytoplasm, cytoskeleton. Note=Neuromuscular junction."
P48729,,,,"SUBCELLULAR LOCATION: Cytoplasm {ECO:0000269|PubMed:1409656}. Cytoplasm, cytoskeleton, microtubule organizing center, centrosome {ECO:0000269|PubMed:1409656}. Chromosome, centromere, kinetochore {ECO:0000269|PubMed:1409656}. Nucleus speckle {ECO:0000303|PubMed:18305108}. Cytoplasm, cytoskeleton, cilium basal body {ECO:0000250|UniProtKB:Q8BK63}. Cytoplasm, cytoskeleton, spindle {ECO:0000250|UniProtKB:Q8BK63}. Note=Localizes to the centrosome in interphase cells, and to kinetochore fibers during mitosis. Also recruited to the keratin cytoskeleton (PubMed:23902688). {ECO:0000269|PubMed:1409656, ECO:0000269|PubMed:23902688}."
P49023,,,,"SUBCELLULAR LOCATION: Cytoplasm, cytoskeleton {ECO:0000269|PubMed:20489202}. Cell junction, focal adhesion {ECO:0000269|PubMed:20489202, ECO:0000269|PubMed:23128389, ECO:0000269|PubMed:25015296}. Cytoplasm, cell cortex {ECO:0000250|UniProtKB:Q8VI36}. Note=Colocalizes with integrins at the cell periphery. Colocalize with PXN to membrane ruffles and the leading edge of migrating cells (PubMed:23128389). {ECO:0000250, ECO:0000269|PubMed:23128389}."
P49760,,,,SUBCELLULAR LOCATION: Nucleus {ECO:0000269|PubMed:28289210}.; SUBCELLULAR LOCATION: [Isoform 1]: Nucleus {ECO:0000269|PubMed:9637771}. Nucleus speckle {ECO:0000269|PubMed:9637771}. Note=Inhibition of phosphorylation at Ser-142 results in accumulation in the nuclear speckle. {ECO:0000250|UniProtKB:O35491}.; SUBCELLULAR LOCATION: [Isoform 2]: Nucleus speckle {ECO:0000269|PubMed:9637771}. Note=Co-localizes with serine- and arginine-rich (SR) proteins in the nuclear speckles. {ECO:0000269|PubMed:9637771}.
P50570,,,,"SUBCELLULAR LOCATION: Cytoplasm, cytoskeleton {ECO:0000269|PubMed:15731758}. Cytoplasmic vesicle, clathrin-coated vesicle {ECO:0000269|PubMed:15731758}. Cell projection, uropodium {ECO:0000269|PubMed:18480402}. Endosome {ECO:0000269|PubMed:15731758}. Cytoplasm, cytoskeleton, microtubule organizing center, centrosome {ECO:0000269|PubMed:16227997}. Cytoplasm, cytoskeleton, microtubule organizing center, centrosome, centriole {ECO:0000269|PubMed:15048127}. Recycling endosome {ECO:0000269|PubMed:32315611}. Cell projection, phagocytic cup {ECO:0000250|UniProtKB:P39054}. Cytoplasmic vesicle, phagosome membrane {ECO:0000250|UniProtKB:P39054}; Peripheral membrane protein {ECO:0000250|UniProtKB:P39054}. Cell projection, podosome {ECO:0000250|UniProtKB:P39054}. Cytoplasm {ECO:0000250|UniProtKB:P39052}. Cell junction {ECO:0000250|UniProtKB:P39052}. Postsynaptic density {ECO:0000250|UniProtKB:P39052}. Synapse, synaptosome {ECO:0000250|UniProtKB:P39052}. Midbody {ECO:0000250|UniProtKB:P39052}. Membrane, clathrin-coated pit {ECO:0000250|UniProtKB:P39052}. Note=Localized in recycling endosomes fragment to release nascent autophagosomes (PubMed:32315611). Co-localizes with PIK3C3 and RAB5A to the nascent phagosome. Localized at focal ahesion site upon induction of focal adhesions and stress-fiber formation, when interacts with SDC4 (By similarity). Exists as a dynamic component of the centrosome. Associates with clathrin-coated vesicles at both the plasma membrane and the trans-Golgi network (TGN) (By similarity). {ECO:0000250|UniProtKB:P39052, ECO:0000250|UniProtKB:P39054, ECO:0000269|PubMed:32315611}."
P51157,,,,"SUBCELLULAR LOCATION: Cell membrane {ECO:0000305}; Lipid-anchor {ECO:0000305}; Cytoplasmic side {ECO:0000305}. Cytoplasm, cytoskeleton, cilium basal body {ECO:0000250|UniProtKB:P51158}. Cytoplasm {ECO:0000250|UniProtKB:P51158}. Nucleus {ECO:0000250|UniProtKB:P51158}. Note=Expressed in the basal body and ciliary rootlet of the photoreceptor cells (By similarity). Localized in the cytoplasm and the nucleus of vascular endothelial cells (By similarity). {ECO:0000250|UniProtKB:P51158}."
P48449,,,,"SUBCELLULAR LOCATION: Endoplasmic reticulum membrane {ECO:0000269|PubMed:14766201, ECO:0000269|PubMed:15525992, ECO:0000269|PubMed:30401459}; Peripheral membrane protein {ECO:0000269|PubMed:14766201, ECO:0000269|PubMed:15525992}."
P50579,,,,"SUBCELLULAR LOCATION: Cytoplasm {ECO:0000255|HAMAP-Rule:MF_03175, ECO:0000269|PubMed:21537465}. Note=About 30% of expressed METAP2 associates with polysomes."
P48444,,,,"SUBCELLULAR LOCATION: Cytoplasm {ECO:0000250}. Golgi apparatus membrane {ECO:0000250}; Peripheral membrane protein {ECO:0000250}; Cytoplasmic side {ECO:0000250}. Cytoplasmic vesicle, COPI-coated vesicle membrane {ECO:0000250}; Peripheral membrane protein {ECO:0000250}; Cytoplasmic side {ECO:0000250}. Note=The coatomer is cytoplasmic or polymerized on the cytoplasmic side of the Golgi, as well as on the vesicles/buds originating from it. {ECO:0000250}."
P49759,,,,SUBCELLULAR LOCATION: Nucleus {ECO:0000250|UniProtKB:P22518}.
P45983,,,,"SUBCELLULAR LOCATION: Cytoplasm {ECO:0000269|PubMed:21148294}. Nucleus {ECO:0000269|PubMed:21148294, ECO:0000269|PubMed:30878395}. Synapse {ECO:0000250|UniProtKB:P49185}. Note=In the cortical neurons, predominantly cytoplasmic and associated with the Golgi apparatus and endosomal fraction. Increased neuronal activity increases phosphorylated form at synapses (By similarity). Colocalizes with POU5F1 in the nucleus. {ECO:0000250|UniProtKB:P49185, ECO:0000250|UniProtKB:Q91Y86}."
P42696,,,,"SUBCELLULAR LOCATION: Nucleus, nucleolus {ECO:0000269|PubMed:12429849}."
P51617,,,,SUBCELLULAR LOCATION: Cytoplasm {ECO:0000269|PubMed:16690127}. Nucleus {ECO:0000269|PubMed:16690127}. Lipid droplet {ECO:0000250}. Note=Translocates to the nucleus when sumoylated. RSAD2/viperin recruits it to the lipid droplet (By similarity). {ECO:0000250}.
P52732,,,,"SUBCELLULAR LOCATION: Cytoplasm {ECO:0000269|PubMed:19001501, ECO:0000269|PubMed:23857769}. Cytoplasm, cytoskeleton, spindle pole {ECO:0000269|PubMed:19001501, ECO:0000269|PubMed:37728657}."
P54105,,,,"SUBCELLULAR LOCATION: Cytoplasm, cytosol {ECO:0000269|PubMed:18984161, ECO:0000269|PubMed:21081503}. Nucleus {ECO:0000269|PubMed:18984161, ECO:0000269|PubMed:21081503}. Cytoplasm, cytoskeleton {ECO:0000269|PubMed:18984161}. Note=A small fraction is also associated with the cytoskeleton (PubMed:18984161)."
P54920,,,,SUBCELLULAR LOCATION: Cell membrane {ECO:0000269|PubMed:15980433}; Peripheral membrane protein {ECO:0000305|PubMed:15029241}.
P55036,,,,
P55072,,,,"SUBCELLULAR LOCATION: Cytoplasm, cytosol {ECO:0000269|PubMed:15456787}. Endoplasmic reticulum {ECO:0000269|PubMed:15215856}. Nucleus {ECO:0000269|PubMed:23042605, ECO:0000269|PubMed:26842564}. Cytoplasm, Stress granule {ECO:0000269|PubMed:29804830}. Note=Present in the neuronal hyaline inclusion bodies specifically found in motor neurons from amyotrophic lateral sclerosis patients (PubMed:15456787). Present in the Lewy bodies specifically found in neurons from Parkinson disease patients (PubMed:15456787). Recruited to the cytoplasmic surface of the endoplasmic reticulum via interaction with AMFR/gp78 (PubMed:16168377). Following DNA double-strand breaks, recruited to the sites of damage (PubMed:22120668). Recruited to stalled replication forks via interaction with SPRTN (PubMed:23042605). Recruited to damaged lysosomes decorated with K48-linked ubiquitin chains (PubMed:27753622). Colocalizes with TIA1, ZFAND1 and G3BP1 in cytoplasmic stress granules (SGs) in response to arsenite-induced stress treatment (PubMed:29804830). {ECO:0000269|PubMed:15456787, ECO:0000269|PubMed:16168377, ECO:0000269|PubMed:22120668, ECO:0000269|PubMed:23042605, ECO:0000269|PubMed:27753622, ECO:0000269|PubMed:29804830}."
P56589,,"TRANSMEM 16..36; /note=""Helical""; /evidence=""ECO:0000255""; TRANSMEM 117..140; /note=""Helical""; /evidence=""ECO:0000255""","TOPO_DOM 1..15; /note=""Cytoplasmic""; /evidence=""ECO:0000255""; TOPO_DOM 37..116; /note=""Peroxisomal""; /evidence=""ECO:0000255""; TOPO_DOM 141..373; /note=""Cytoplasmic""; /evidence=""ECO:0000255""","SUBCELLULAR LOCATION: Peroxisome membrane {ECO:0000269|PubMed:10848631, ECO:0000269|PubMed:11390669, ECO:0000269|PubMed:21768384}; Multi-pass membrane protein {ECO:0000269|PubMed:11390669}."
P60033,,"TRANSMEM 13..33; /note=""Helical""; /evidence=""ECO:0000269|PubMed:27881302""; TRANSMEM 64..84; /note=""Helical""; /evidence=""ECO:0000269|PubMed:27881302""; TRANSMEM 90..112; /note=""Helical""; /evidence=""ECO:0000269|PubMed:27881302""; TRANSMEM 202..224; /note=""Helical""; /evidence=""ECO:0000269|PubMed:27881302""","TOPO_DOM 1..12; /note=""Cytoplasmic""; /evidence=""ECO:0000269|PubMed:27881302, ECO:0000305|PubMed:1860863""; TOPO_DOM 34..63; /note=""Extracellular""; /evidence=""ECO:0000269|PubMed:27881302""; TOPO_DOM 85..89; /note=""Cytoplasmic""; /evidence=""ECO:0000269|PubMed:27881302""; TOPO_DOM 113..201; /note=""Extracellular""; /evidence=""ECO:0000269|PubMed:27881302""; TOPO_DOM 225..236; /note=""Cytoplasmic""; /evidence=""ECO:0000269|PubMed:27881302, ECO:0000305|PubMed:1860863""","SUBCELLULAR LOCATION: Cell membrane {ECO:0000269|PubMed:1383329, ECO:0000269|PubMed:1695320, ECO:0000269|PubMed:20237408, ECO:0000269|PubMed:22307619, ECO:0000269|PubMed:2398277, ECO:0000269|PubMed:26354436}; Multi-pass membrane protein {ECO:0000255}. Basolateral cell membrane {ECO:0000269|PubMed:20375010}; Multi-pass membrane protein {ECO:0000255}. Note=Associates with CLDN1 and the CLDN1-CD81 complex localizes to the basolateral cell membrane. {ECO:0000269|PubMed:20375010}."
P60763,,,,"SUBCELLULAR LOCATION: Cytoplasm {ECO:0000269|PubMed:15107133}. Endomembrane system. Cell projection, lamellipodium. Cytoplasm, perinuclear region. Cell membrane. Cytoplasm, cytoskeleton. Note=Membrane-associated when activated. Localizes to actin-based membrane ruffles (PubMed:15107133). Colocalizes with NRBP to endomembranes and at the cell periphery in lamellipodia. Colocalized with CIB1 in the perinuclear area and at the cell periphery. {ECO:0000269|PubMed:15107133}."
P61020,,,,SUBCELLULAR LOCATION: Cell membrane {ECO:0000269|PubMed:17081065}; Lipid-anchor {ECO:0000269|PubMed:17081065}; Cytoplasmic side {ECO:0000269|PubMed:17081065}. Early endosome membrane {ECO:0000269|PubMed:17081065}; Lipid-anchor {ECO:0000269|PubMed:17081065}. Melanosome {ECO:0000269|PubMed:17081065}. Note=Enriched in stage I melanosomes. {ECO:0000269|PubMed:17081065}.
P61106,,,,"SUBCELLULAR LOCATION: Recycling endosome {ECO:0000269|PubMed:22595670}. Early endosome membrane {ECO:0000269|PubMed:16962593, ECO:0000269|PubMed:20534812}; Lipid-anchor {ECO:0000305}; Cytoplasmic side {ECO:0000305}. Golgi apparatus membrane {ECO:0000269|PubMed:16962593}; Lipid-anchor {ECO:0000305}; Cytoplasmic side {ECO:0000305}. Golgi apparatus, trans-Golgi network membrane {ECO:0000269|PubMed:16962593}; Lipid-anchor {ECO:0000305}; Cytoplasmic side {ECO:0000305}. Cytoplasmic vesicle, phagosome {ECO:0000269|PubMed:21255211}. Cytoplasmic vesicle {ECO:0000269|PubMed:26032412}. Note=Recruited to recycling endosomes by DENND6A (PubMed:22595670). Recruited to phagosomes containing S.aureus or M.tuberculosis (PubMed:21255211). Colocalizes with RAB11FIP1 on punctate vesicles (PubMed:26032412). {ECO:0000269|PubMed:21255211, ECO:0000269|PubMed:22595670, ECO:0000269|PubMed:26032412}."
P61158,,,,"SUBCELLULAR LOCATION: Cytoplasm, cytoskeleton {ECO:0000269|PubMed:19109554}. Cell projection {ECO:0000269|PubMed:9230079}. Nucleus {ECO:0000269|PubMed:16767080, ECO:0000269|PubMed:17220302, ECO:0000269|PubMed:29925947}. Note=In pre-apoptotic cells, colocalizes with MEFV in large specks (pyroptosomes) (PubMed:19109554)."
P51665,,,,
P51790,,"TRANSMEM 126..163; /note=""Helical""; /evidence=""ECO:0000250|UniProtKB:P35523""; TRANSMEM 209..232; /note=""Helical""; /evidence=""ECO:0000250|UniProtKB:P35523""; TRANSMEM 258..276; /note=""Helical""; /evidence=""ECO:0000250|UniProtKB:P35523""; TRANSMEM 282..301; /note=""Helical""; /evidence=""ECO:0000250|UniProtKB:P35523""; TRANSMEM 349..367; /note=""Helical""; /evidence=""ECO:0000250|UniProtKB:P35523""; TRANSMEM 391..416; /note=""Helical""; /evidence=""ECO:0000250|UniProtKB:P35523""; TRANSMEM 423..443; /note=""Helical""; /evidence=""ECO:0000250|UniProtKB:P35523""; TRANSMEM 500..520; /note=""Helical""; /evidence=""ECO:0000250|UniProtKB:P35523""; TRANSMEM 525..544; /note=""Helical""; /evidence=""ECO:0000250|UniProtKB:P35523""; TRANSMEM 606..624; /note=""Helical""; /evidence=""ECO:0000250|UniProtKB:P35523""","TOPO_DOM 1..125; /note=""Cytoplasmic""; /evidence=""ECO:0000250|UniProtKB:P35523""; TOPO_DOM 625..818; /note=""Cytoplasmic""; /evidence=""ECO:0000250|UniProtKB:P35523""","SUBCELLULAR LOCATION: [Isoform 1]: Early endosome membrane {ECO:0000269|PubMed:12471024}; Multi-pass membrane protein {ECO:0000255}. Late endosome membrane {ECO:0000269|PubMed:12471024}; Multi-pass membrane protein {ECO:0000255}. Lysosome membrane {ECO:0000250|UniProtKB:P51791}; Multi-pass membrane protein {ECO:0000255}. Cell membrane {ECO:0000250|UniProtKB:P51792}; Multi-pass membrane protein {ECO:0000255}. Note=Isoform 1 is localized mainly in late endosomes. {ECO:0000269|PubMed:12471024}.; SUBCELLULAR LOCATION: [Isoform 2]: Golgi apparatus membrane {ECO:0000269|PubMed:12471024}; Multi-pass membrane protein {ECO:0000255}. Cell projection, ruffle membrane {ECO:0000269|PubMed:11967229}; Multi-pass membrane protein {ECO:0000269|PubMed:11967229}. Note=Isoform 2 is mainly enriched in the Golgi (PubMed:12471024). Colocalizes with NHERF1/EBP50 in membrane ruffles (PubMed:11967229). {ECO:0000269|PubMed:11967229, ECO:0000269|PubMed:12471024}."
P51798,,"TRANSMEM 127..159; /note=""Helical""; /evidence=""ECO:0000250""; TRANSMEM 174..197; /note=""Helical""; /evidence=""ECO:0000250""; TRANSMEM 223..241; /note=""Helical""; /evidence=""ECO:0000250""; TRANSMEM 247..264; /note=""Helical""; /evidence=""ECO:0000250""; TRANSMEM 322..341; /note=""Helical""; /evidence=""ECO:0000250""; TRANSMEM 375..405; /note=""Helical""; /evidence=""ECO:0000250""; TRANSMEM 410..432; /note=""Helical""; /evidence=""ECO:0000250""; TRANSMEM 487..507; /note=""Helical""; /evidence=""ECO:0000250""; TRANSMEM 512..535; /note=""Helical""; /evidence=""ECO:0000250""; TRANSMEM 579..597; /note=""Helical""; /evidence=""ECO:0000250""","TOPO_DOM 1..126; /note=""Cytoplasmic""; /evidence=""ECO:0000250""; TOPO_DOM 598..805; /note=""Cytoplasmic""; /evidence=""ECO:0000250""","SUBCELLULAR LOCATION: Lysosome membrane {ECO:0000269|PubMed:17897319, ECO:0000269|PubMed:18449189, ECO:0000269|PubMed:21527911}; Multi-pass membrane protein {ECO:0000269|PubMed:17897319, ECO:0000269|PubMed:18449189, ECO:0000269|PubMed:21527911}."
P52435,,,,SUBCELLULAR LOCATION: Nucleus {ECO:0000269|PubMed:9852112}.
P53803,,,,"SUBCELLULAR LOCATION: Nucleus {ECO:0000269|PubMed:33335104}. Nucleus, nucleolus {ECO:0000305|PubMed:34887565, ECO:0000305|PubMed:36271492}."
P54886,,,,"SUBCELLULAR LOCATION: Mitochondrion {ECO:0000269|PubMed:26297558, ECO:0000269|PubMed:26320891}. Mitochondrion matrix {ECO:0000269|PubMed:32770108}. Note=Exhibits puncta-like structures inside mitochondria under nutrient stress (PubMed:32770108). When cellular dependence on oxidative phosphorylation increases, forms filaments, which may increase its activity, and is sequestered in a subset of atypical mitochondria that lack cristae and ATP synthase (PubMed:39506109). {ECO:0000269|PubMed:32770108, ECO:0000269|PubMed:39506109}."
P55010,,,,SUBCELLULAR LOCATION: Cytoplasm {ECO:0000305}.
P56539,,,"TOPO_DOM 1..83; /note=""Cytoplasmic""; /evidence=""ECO:0000255""; TOPO_DOM 105..151; /note=""Cytoplasmic""; /evidence=""ECO:0000255""","SUBCELLULAR LOCATION: Golgi apparatus membrane {ECO:0000250}; Peripheral membrane protein {ECO:0000250}. Cell membrane {ECO:0000250|UniProtKB:P51638}; Peripheral membrane protein {ECO:0000250}. Membrane, caveola {ECO:0000250|UniProtKB:P51637}; Peripheral membrane protein {ECO:0000250}. Cell membrane, sarcolemma {ECO:0000250|UniProtKB:P51637}. Note=Potential hairpin-like structure in the membrane. Membrane protein of caveolae (By similarity). {ECO:0000250}."
P57740,,,,"SUBCELLULAR LOCATION: Nucleus membrane {ECO:0000269|PubMed:11564755, ECO:0000269|PubMed:12802065, ECO:0000269|PubMed:15229283, ECO:0000269|PubMed:26411495}. Nucleus, nuclear pore complex {ECO:0000269|PubMed:11564755, ECO:0000269|PubMed:12802065, ECO:0000269|PubMed:15229283, ECO:0000269|PubMed:26411495}. Chromosome, centromere, kinetochore {ECO:0000269|PubMed:11564755}. Note=Located on both the cytoplasmic and nuclear sides of the NPC core structure (PubMed:11564755). During mitosis, localizes to the kinetochores (PubMed:11564755). Dissociates from the disassembled NPC structure late during prophase of mitosis (PubMed:11564755). {ECO:0000269|PubMed:11564755}."
P60006,,,,
P60896,,,,SUBCELLULAR LOCATION: Nucleus {ECO:0000269|PubMed:26833090}.
P60953,,,,"SUBCELLULAR LOCATION: Cell membrane {ECO:0000269|PubMed:22843693}; Lipid-anchor {ECO:0000305}; Cytoplasmic side {ECO:0000305}. Cytoplasm, cytoskeleton, microtubule organizing center, centrosome {ECO:0000269|PubMed:15642749}. Cytoplasm, cytoskeleton, spindle {ECO:0000269|PubMed:15642749}. Midbody {ECO:0000269|PubMed:15642749}. Cell projection, dendrite {ECO:0000250|UniProtKB:P60766}. Cytoplasmic vesicle, secretory vesicle, acrosome {ECO:0000250|UniProtKB:P60766}. Note=Localizes to spindle during prometaphase cells. Moves to the central spindle as cells progressed through anaphase to telophase (PubMed:15642749). Localizes at the end of cytokinesis in the intercellular bridge formed between two daughter cells (PubMed:15642749). Its localization is regulated by the activities of guanine nucleotide exchange factor ECT2 and GTPase activating protein RACGAP1 (PubMed:15642749). Colocalizes with NEK6 in the centrosome (PubMed:20873783). In its active GTP-bound form localizes to the leading edge membrane of migrating dendritic cells (By similarity). During sperm head formation in elongating spermatids, expressed at the acrosome, perinuclear mantle of the manchette structure and the sperm neck (By similarity). Expressed at the neck and mitochondrial materials in elongated spermatids (By similarity). Expressed at the midpiece in mature spermatozoa (By similarity). {ECO:0000250|UniProtKB:P60766, ECO:0000269|PubMed:15642749, ECO:0000269|PubMed:20873783}."
P61011,,,,"SUBCELLULAR LOCATION: Nucleus speckle {ECO:0000269|PubMed:14729963}. Cytoplasm {ECO:0000269|PubMed:14729963, ECO:0000269|PubMed:29914977}. Endoplasmic reticulum {ECO:0000269|PubMed:29914977}."
P51812,,,,SUBCELLULAR LOCATION: Nucleus {ECO:0000269|PubMed:17213202}. Cytoplasm {ECO:0000269|PubMed:17213202}.
P52294,,,,"SUBCELLULAR LOCATION: Cytoplasm {ECO:0000269|PubMed:7604027, ECO:0000269|PubMed:7892216}. Nucleus {ECO:0000269|PubMed:7604027, ECO:0000269|PubMed:7892216}."
P54274,,,,"SUBCELLULAR LOCATION: Nucleus {ECO:0000269|PubMed:24692559}. Cytoplasm, cytoskeleton, spindle {ECO:0000269|PubMed:11943150}. Chromosome, telomere {ECO:0000269|PubMed:24692559}. Note=Colocalizes with telomeric DNA in interphase and prophase cells. Telomeric localization decreases in metaphase, anaphase and telophase. Associates with the mitotic spindle (PubMed:11943150). Colocalizes with TRIOBP isoform 1 at the telomeres in interphase (PubMed:24692559). {ECO:0000269|PubMed:11943150, ECO:0000269|PubMed:24692559}."
P54760,"SIGNAL 1..15; /evidence=""ECO:0000255""","TRANSMEM 540..560; /note=""Helical""; /evidence=""ECO:0000255""","TOPO_DOM 16..539; /note=""Extracellular""; /evidence=""ECO:0000255""; TOPO_DOM 561..987; /note=""Cytoplasmic""; /evidence=""ECO:0000255""","SUBCELLULAR LOCATION: Cell membrane {ECO:0000269|PubMed:28687708, ECO:0000269|PubMed:8188704}; Single-pass type I membrane protein {ECO:0000269|PubMed:8188704}."
P55769,,,,"SUBCELLULAR LOCATION: Nucleus {ECO:0000269|PubMed:26912367, ECO:0000269|PubMed:28781166, ECO:0000269|PubMed:34516797}. Nucleus, nucleolus {ECO:0000269|PubMed:10593953, ECO:0000269|PubMed:12429849, ECO:0000269|Ref.7}. Note=Concentrated in the dense fibrillar component of the nucleolus. {ECO:0000269|PubMed:10593953}."
P57076,,,,"SUBCELLULAR LOCATION: Cytoplasm {ECO:0000269|PubMed:29601588}. Cytoplasm, cytoskeleton, cilium basal body {ECO:0000250|UniProtKB:A0A1L8HCK2}. Note=Partially colocalized with SASS6 in cytoplasmic puncta, suggesting a centrosomal localization. {ECO:0000250|UniProtKB:Q5U3Z0}."
P60228,,,,"SUBCELLULAR LOCATION: Cytoplasm. Nucleus, PML body."
P60484,,,,"SUBCELLULAR LOCATION: Cytoplasm {ECO:0000269|PubMed:15987703, ECO:0000269|PubMed:18716620, ECO:0000269|PubMed:19473982, ECO:0000269|PubMed:25801959, ECO:0000269|PubMed:9187108}. Nucleus {ECO:0000269|PubMed:15987703, ECO:0000269|PubMed:18716620, ECO:0000269|PubMed:19473982, ECO:0000269|PubMed:25801959}. Nucleus, PML body {ECO:0000269|PubMed:18716620}. Cell projection, dendritic spine {ECO:0000250|UniProtKB:O54857}. Postsynaptic density {ECO:0000250|UniProtKB:O54857}. Note=Monoubiquitinated form is nuclear. Nonubiquitinated form is cytoplasmic. Colocalized with PML and USP7 in PML nuclear bodies (PubMed:18716620). XIAP/BIRC4 promotes its nuclear localization (PubMed:19473982). Associares with the postsynaptic density in response to NMDAR activation (By similarity). {ECO:0000250|UniProtKB:O54857, ECO:0000269|PubMed:18716620, ECO:0000269|PubMed:19473982}.; SUBCELLULAR LOCATION: [Isoform alpha]: Secreted {ECO:0000269|PubMed:23744781, ECO:0000269|PubMed:24768297}. Note=May be secreted via a classical signal peptide and reenter into cells with the help of a poly-Arg motif. {ECO:0000269|PubMed:23744781, ECO:0000269|PubMed:24768297}."
P60842,,,,"SUBCELLULAR LOCATION: Cytoplasm, perinuclear region {ECO:0000269|PubMed:20156963}. Cell membrane {ECO:0000269|PubMed:20156963}. Cytoplasm, Stress granule {ECO:0000269|PubMed:20156963}. Note=Colocalizes with PKP1 in stress granules following arsenate or hydrogen peroxide treatment. {ECO:0000269|PubMed:20156963}."
P60900,,,,"SUBCELLULAR LOCATION: Cytoplasm {ECO:0000250|UniProtKB:Q9QUM9, ECO:0000269|PubMed:12181345}. Nucleus {ECO:0000269|PubMed:12181345, ECO:0000269|PubMed:34711951}. Note=Translocated from the cytoplasm into the nucleus following interaction with AKIRIN2, which bridges the proteasome with the nuclear import receptor IPO9 (PubMed:34711951). Colocalizes with TRIM5 in cytoplasmic bodies (By similarity). {ECO:0000250|UniProtKB:Q9QUM9, ECO:0000269|PubMed:34711951}."
P52292,,,,"SUBCELLULAR LOCATION: Cytoplasm {ECO:0000269|PubMed:30814284, ECO:0000269|PubMed:7604027, ECO:0000269|PubMed:9020106}. Nucleus {ECO:0000269|PubMed:7604027, ECO:0000269|PubMed:9020106}.; SUBCELLULAR LOCATION: Endoplasmic reticulum membrane. Golgi apparatus membrane {ECO:0000269|PubMed:17596301}. Note=(Microbial infection) Retained in ER/Golgi membranes upon interaction with SARS-COV virus ORF6 protein. {ECO:0000269|PubMed:17596301}."
P53350,,,,"SUBCELLULAR LOCATION: Nucleus. Chromosome, centromere, kinetochore. Cytoplasm, cytoskeleton, microtubule organizing center, centrosome {ECO:0000269|PubMed:14654843, ECO:0000269|PubMed:24018379}. Cytoplasm, cytoskeleton, spindle {ECO:0000269|PubMed:18794143, ECO:0000269|PubMed:30715179}. Midbody {ECO:0000269|PubMed:30715179, ECO:0000269|PubMed:41361016}. Note=localization at the centrosome starts at the G1/S transition (PubMed:24018379). During early stages of mitosis, the phosphorylated form is detected on centrosomes and kinetochores. Localizes to the outer kinetochore. Presence of SGO1 and interaction with the phosphorylated form of BUB1 is required for the kinetochore localization. Localizes onto the central spindle by phosphorylating and docking at midzone proteins KIF20A/MKLP2 and PRC1. Colocalizes with FRY to separating centrosomes and spindle poles from prophase to metaphase in mitosis, but not in other stages of the cell cycle. Localization to the centrosome is required for S phase progression (PubMed:24018379). Colocalizes with HSF1 at the spindle poles during prometaphase (PubMed:18794143). {ECO:0000269|PubMed:18794143, ECO:0000269|PubMed:24018379}."
P53396,,,,"SUBCELLULAR LOCATION: Cytoplasm, cytosol {ECO:0000269|PubMed:9116495}."
P53621,,,,"SUBCELLULAR LOCATION: Cytoplasm {ECO:0000250}. Golgi apparatus membrane {ECO:0000250}; Peripheral membrane protein {ECO:0000250}; Cytoplasmic side {ECO:0000250}. Cytoplasmic vesicle, COPI-coated vesicle membrane {ECO:0000250}; Peripheral membrane protein {ECO:0000250}; Cytoplasmic side {ECO:0000250}. Note=The coatomer is cytoplasmic or polymerized on the cytoplasmic side of the Golgi, as well as on the vesicles/buds originating from it. {ECO:0000250}.; SUBCELLULAR LOCATION: [Xenin]: Secreted {ECO:0000250}."
P53680,,,,"SUBCELLULAR LOCATION: Cell membrane {ECO:0000250|UniProtKB:P63010}. Membrane, coated pit {ECO:0000269|PubMed:33859415}; Peripheral membrane protein {ECO:0000305|PubMed:33859415}; Cytoplasmic side {ECO:0000305|PubMed:33859415}. Note=AP-2 appears to be excluded from internalizing CCVs and to disengage from sites of endocytosis seconds before internalization of the nascent CCV. {ECO:0000250|UniProtKB:P63010}."
P53985,,"TRANSMEM 23..44; /note=""Helical; Name=1""; /evidence=""ECO:0000269|PubMed:33333023, ECO:0007744|PDB:7CKO""; TRANSMEM 56..80; /note=""Helical; Name=2""; /evidence=""ECO:0000269|PubMed:33333023, ECO:0007744|PDB:7CKO""; TRANSMEM 85..105; /note=""Helical; Name=3""; /evidence=""ECO:0000269|PubMed:33333023, ECO:0007744|PDB:7CKO""; TRANSMEM 110..132; /note=""Helical; Name=4""; /evidence=""ECO:0000269|PubMed:33333023, ECO:0007744|PDB:7CKO""; TRANSMEM 147..169; /note=""Helical; Name=5""; /evidence=""ECO:0000269|PubMed:33333023, ECO:0007744|PDB:7CKO""; TRANSMEM 175..194; /note=""Helical; Name=6""; /evidence=""ECO:0000269|PubMed:33333023, ECO:0007744|PDB:7CKO""; TRANSMEM 262..288; /note=""Helical; Name=7""; /evidence=""ECO:0000269|PubMed:33333023, ECO:0007744|PDB:7CKO""; TRANSMEM 296..317; /note=""Helical; Name=8""; /evidence=""ECO:0000269|PubMed:33333023, ECO:0007744|PDB:7CKO""; TRANSMEM 329..349; /note=""Helical; Name=9""; /evidence=""ECO:0000269|PubMed:33333023, ECO:0007744|PDB:7CKO""; TRANSMEM 354..375; /note=""Helical; Name=10""; /evidence=""ECO:0000269|PubMed:33333023, ECO:0007744|PDB:7CKO""; TRANSMEM 390..410; /note=""Helical; Name=11""; /evidence=""ECO:0000269|PubMed:33333023, ECO:0007744|PDB:7CKO""; TRANSMEM 422..443; /note=""Helical; Name=12""; /evidence=""ECO:0000269|PubMed:33333023, ECO:0007744|PDB:7CKO""","TOPO_DOM 1..22; /note=""Cytoplasmic""; /evidence=""ECO:0000305""; TOPO_DOM 45..55; /note=""Extracellular""; /evidence=""ECO:0000305""; TOPO_DOM 81..84; /note=""Cytoplasmic""; /evidence=""ECO:0000305""; TOPO_DOM 106..109; /note=""Extracellular""; /evidence=""ECO:0000305""; TOPO_DOM 133..146; /note=""Cytoplasmic""; /evidence=""ECO:0000305""; TOPO_DOM 170..174; /note=""Extracellular""; /evidence=""ECO:0000305""; TOPO_DOM 195..261; /note=""Cytoplasmic""; /evidence=""ECO:0000305""; TOPO_DOM 289..295; /note=""Extracellular""; /evidence=""ECO:0000305""; TOPO_DOM 318..328; /note=""Cytoplasmic""; /evidence=""ECO:0000305""; TOPO_DOM 350..353; /note=""Extracellular""; /evidence=""ECO:0000305""; TOPO_DOM 376..389; /note=""Cytoplasmic""; /evidence=""ECO:0000305""; TOPO_DOM 411..421; /note=""Extracellular""; /evidence=""ECO:0000305""; TOPO_DOM 444..500; /note=""Cytoplasmic""; /evidence=""ECO:0000305""","SUBCELLULAR LOCATION: Cell membrane {ECO:0000269|PubMed:10921872, ECO:0000269|PubMed:12946269, ECO:0000269|PubMed:15505343, ECO:0000269|PubMed:17127621, ECO:0000269|PubMed:24390345, ECO:0000269|PubMed:25957687}; Multi-pass membrane protein {ECO:0000269|PubMed:33333023}. Basolateral cell membrane {ECO:0000250|UniProtKB:P53987}; Multi-pass membrane protein {ECO:0000269|PubMed:33333023}. Apical cell membrane {ECO:0000269|PubMed:15901598}; Multi-pass membrane protein {ECO:0000250|UniProtKB:P53987}. Note=Expression at the cell surface requires the ancillary proteins BSG and EMB. Binds preferentially to BSG. {ECO:0000269|PubMed:10921872}."
P53990,,,,"SUBCELLULAR LOCATION: Cytoplasmic vesicle {ECO:0000269|PubMed:19129479, ECO:0000269|PubMed:19129480}. Cytoplasm, cytoskeleton, microtubule organizing center, centrosome {ECO:0000269|PubMed:20719964}. Midbody {ECO:0000269|PubMed:20719964}. Nucleus envelope {ECO:0000269|PubMed:26040712, ECO:0000269|PubMed:28242692}. Note=Localizes to centrosome and midbody of dividing cells (PubMed:19129479, PubMed:19129480, PubMed:20719964). Colocalized with SPART to the ends of Flemming bodies during cytokinesis (PubMed:20719964). Localizes to the reforming nuclear envelope on chromatin disks during late anaphase. {ECO:0000269|PubMed:19129479, ECO:0000269|PubMed:19129480, ECO:0000269|PubMed:20719964, ECO:0000269|PubMed:26040712, ECO:0000269|PubMed:28242692}."
P55735,,,,"SUBCELLULAR LOCATION: Cytoplasmic vesicle, COPII-coated vesicle membrane {ECO:0000269|PubMed:8972206}; Peripheral membrane protein {ECO:0000269|PubMed:8972206}; Cytoplasmic side {ECO:0000269|PubMed:8972206}. Endoplasmic reticulum membrane {ECO:0000269|PubMed:8972206}; Peripheral membrane protein {ECO:0000269|PubMed:8972206}; Cytoplasmic side {ECO:0000269|PubMed:8972206}. Nucleus, nuclear pore complex {ECO:0000269|PubMed:14517296, ECO:0000269|PubMed:18160040}. Lysosome membrane {ECO:0000269|PubMed:28199306}. Note=In interphase, localizes at both sides of the NPC. {ECO:0000269|PubMed:14517296}."
P56182,,,,"SUBCELLULAR LOCATION: Nucleus, nucleolus {ECO:0000269|PubMed:12429849, ECO:0000269|PubMed:9192856}."
P60709,,,,"SUBCELLULAR LOCATION: Cytoplasm, cytoskeleton {ECO:0000269|PubMed:11687588, ECO:0000269|PubMed:17289661}. Nucleus {ECO:0000269|PubMed:11687588, ECO:0000269|PubMed:29925947}. Note=Localized in cytoplasmic mRNP granules containing untranslated mRNAs. {ECO:0000269|PubMed:17289661}."
P60903,,,,
P61019,,,,"SUBCELLULAR LOCATION: Endoplasmic reticulum-Golgi intermediate compartment membrane {ECO:0000269|PubMed:17081065}; Lipid-anchor {ECO:0000269|PubMed:17081065}; Cytoplasmic side {ECO:0000305}. Melanosome {ECO:0000269|PubMed:17081065}. Endoplasmic reticulum membrane {ECO:0000305}; Lipid-anchor {ECO:0000269|PubMed:17081065}; Cytoplasmic side {ECO:0000305}. Golgi apparatus membrane {ECO:0000305}; Lipid-anchor {ECO:0000269|PubMed:17081065}; Cytoplasmic side {ECO:0000305}. Cytoplasmic vesicle, secretory vesicle, acrosome {ECO:0000250|UniProtKB:P53994}. Cytoplasmic vesicle, autophagosome membrane {ECO:0000250|UniProtKB:P53994}; Lipid-anchor {ECO:0000269|PubMed:17081065}; Cytoplasmic side {ECO:0000305}. Note=Localized in the Golgi apparatus in the round spermatids and in the acrosome in the elongating spermatid (By similarity). Identified by mass spectrometry in melanosome fractions from stage I to stage IV (PubMed:17081065). {ECO:0000250|UniProtKB:P53994, ECO:0000269|PubMed:17081065}."
P51572,,"TRANSMEM 7..27; /note=""Helical""; /evidence=""ECO:0000255""; TRANSMEM 44..64; /note=""Helical""; /evidence=""ECO:0000255""; TRANSMEM 103..123; /note=""Helical""; /evidence=""ECO:0000255""","TOPO_DOM 2..6; /note=""Lumenal""; /evidence=""ECO:0000255""; TOPO_DOM 28..43; /note=""Cytoplasmic""; /evidence=""ECO:0000255""; TOPO_DOM 65..102; /note=""Lumenal""; /evidence=""ECO:0000255""; TOPO_DOM 124..246; /note=""Cytoplasmic""; /evidence=""ECO:0000255""","SUBCELLULAR LOCATION: Endoplasmic reticulum membrane {ECO:0000269|PubMed:31206022, ECO:0000269|PubMed:9334338, ECO:0000269|PubMed:9396746}; Multi-pass membrane protein {ECO:0000255}. Endoplasmic reticulum-Golgi intermediate compartment membrane {ECO:0000269|PubMed:11042173, ECO:0000269|PubMed:9396746}; Multi-pass membrane protein {ECO:0000255}. Note=May shuttle between the ER and the intermediate compartment/cis-Golgi complex (PubMed:9396746). Associates with the mitochondria-associated endoplasmic reticulum membrane via interaction with TOMM40 (PubMed:31206022). {ECO:0000269|PubMed:31206022, ECO:0000269|PubMed:9396746}.; SUBCELLULAR LOCATION: Note=(Microbial infection) Upon SV40 infection, colocalizes with DNAJC18, DNAJB12 and DNAJB14 in punctate structures within the endoplasmic reticulum membrane. {ECO:0000269|PubMed:25631089}."
P51608,,,,SUBCELLULAR LOCATION: Nucleus {ECO:0000250|UniProtKB:Q9Z2D6}. Note=Colocalized with methyl-CpG in the genome. Colocalized with TBL1X to the heterochromatin foci. {ECO:0000269|PubMed:28348241}.
P52434,,,,"SUBCELLULAR LOCATION: Nucleus {ECO:0000269|PubMed:33335104, ECO:0000269|PubMed:9852112, ECO:0000269|Ref.6}. Nucleus, nucleolus {ECO:0000305|PubMed:34887565, ECO:0000305|PubMed:36271492}."
P53004,,,,"SUBCELLULAR LOCATION: Cytoplasm, cytosol {ECO:0000269|PubMed:7929092, ECO:0000269|PubMed:8424666}."
P53602,,,,SUBCELLULAR LOCATION: Cytoplasm {ECO:0000269|PubMed:14972328}.
P53611,,,,
P53667,,,,"SUBCELLULAR LOCATION: Cytoplasm {ECO:0000269|PubMed:21682918}. Nucleus {ECO:0000269|PubMed:21682918}. Cytoplasm, cytoskeleton {ECO:0000269|PubMed:10196227, ECO:0000269|PubMed:16230460}. Cell projection, lamellipodium {ECO:0000250|UniProtKB:P53668}. Note=Predominantly found in the cytoplasm. Localizes in the lamellipodium in a CDC42BPA, CDC42BPB and FAM89B/LRAP25-dependent manner. {ECO:0000250|UniProtKB:P53668}."
P53816,,"TRANSMEM 134..154; /note=""Helical""; /evidence=""ECO:0000255""","TOPO_DOM 1..133; /note=""Cytoplasmic""; /evidence=""ECO:0000255""; TOPO_DOM 155..162; /note=""Lumenal""; /evidence=""ECO:0000255""","SUBCELLULAR LOCATION: Cell membrane {ECO:0000250|UniProtKB:P53817}; Single-pass membrane protein {ECO:0000255}. Cytoplasm {ECO:0000269|PubMed:17374643}. Cytoplasm, cytosol {ECO:0000250|UniProtKB:Q8R3U1}. Cytoplasm, perinuclear region {ECO:0000250|UniProtKB:Q8R3U1}. Peroxisome membrane {ECO:0000250|UniProtKB:Q8R3U1}; Single-pass membrane protein {ECO:0000305}. Mitochondrion membrane {ECO:0000250|UniProtKB:Q8R3U1}; Single-pass membrane protein {ECO:0000305}. Nucleus envelope {ECO:0000250|UniProtKB:Q8R3U1}. Lysosome membrane {ECO:0000250|UniProtKB:Q8R3U1}; Single-pass membrane protein {ECO:0000305}. Endoplasmic reticulum membrane {ECO:0000250|UniProtKB:Q8R3U1}; Single-pass membrane protein {ECO:0000305}. Note=During eye lens differentiation, recruited from the cytosol to various organelles, including mitochondria, endoplasmic reticulum, nuclear envelope and lysosomes, immediately before organelle degradation. This translocation is triggered by organelle membrane damage and requires the C-terminal transmembrane domain. {ECO:0000250|UniProtKB:Q8R3U1}."
P54132,,,,"SUBCELLULAR LOCATION: Nucleus {ECO:0000269|PubMed:23509288}. Note=Together with SPIDR, is redistributed in discrete nuclear DNA damage-induced foci following hydroxyurea (HU) or camptothecin (CPT) treatment. Accumulated at sites of DNA damage in a RMI complex- and SPIDR-dependent manner."
P54252,,,,"SUBCELLULAR LOCATION: Nucleus matrix {ECO:0000269|PubMed:9580663}. Nucleus {ECO:0000269|PubMed:30455355}. Lysosome membrane {ECO:0000269|PubMed:33157014}; Peripheral membrane protein {ECO:0000269|PubMed:33157014}. Note=Predominantly nuclear, but not exclusively, inner nuclear matrix (PubMed:9580663). Recruited to lysosomal membrane in response to amino acid deprivation by the RagA/RRAGA-RagB/RRAGB complex (PubMed:33157014). {ECO:0000269|PubMed:33157014, ECO:0000269|PubMed:9580663}."
P55060,,,,SUBCELLULAR LOCATION: Cytoplasm {ECO:0000269|PubMed:9323134}. Nucleus {ECO:0000269|PubMed:9323134}. Note=Shuttles between the nucleus and the cytoplasm. {ECO:0000269|PubMed:9323134}.
P55212,,,,SUBCELLULAR LOCATION: Cytoplasm {ECO:0000269|PubMed:27911442}. Nucleus {ECO:0000269|PubMed:27911442}.
P56545,,,,SUBCELLULAR LOCATION: Nucleus {ECO:0000305}. Synapse {ECO:0000250}.
P60468,,"TRANSMEM 71..91; /note=""Helical""; /evidence=""ECO:0000255""","TOPO_DOM 2..70; /note=""Cytoplasmic""; /evidence=""ECO:0000305""; TOPO_DOM 92..96; /note=""Lumenal""; /evidence=""ECO:0000305""","SUBCELLULAR LOCATION: Endoplasmic reticulum membrane {ECO:0000269|PubMed:12475939, ECO:0000269|PubMed:27044890}; Single-pass membrane protein {ECO:0000255}."
P60660,,,,
P61026,,,,"SUBCELLULAR LOCATION: Cytoplasmic vesicle membrane {ECO:0000305}; Lipid-anchor {ECO:0000305}; Cytoplasmic side {ECO:0000305}. Golgi apparatus membrane {ECO:0000269|PubMed:23263280}. Golgi apparatus, trans-Golgi network membrane {ECO:0000250|UniProtKB:P24409}. Endosome membrane {ECO:0000269|PubMed:16641372, ECO:0000269|PubMed:32344433}. Recycling endosome membrane {ECO:0000250|UniProtKB:P24409}. Cytoplasmic vesicle, phagosome membrane {ECO:0000250|UniProtKB:P24409}. Cytoplasm, cytoskeleton, cilium basal body {ECO:0000269|PubMed:20576682, ECO:0000269|PubMed:30398148}. Endoplasmic reticulum membrane {ECO:0000269|PubMed:23263280, ECO:0000269|PubMed:24891604}. Cytoplasm, perinuclear region {ECO:0000269|PubMed:29212815}. Lysosome {ECO:0000269|PubMed:30209220}. Note=Associates with SLC2A4/GLUT4 storage vesicles (PubMed:22908308). Localizes to the base of the cilium when phosphorylated by LRRK2 on Thr-73 (PubMed:20576682, PubMed:30398148). Transiently associates with phagosomes (By similarity). Localizes to the endoplasmic reticulum at domains of new tubule growth (PubMed:23263280). Colocalizes with MICAL1, GRAF1/ARHGAP26 and GRAF2/ARHGAP10 on endosomal tubules (PubMed:32344433). Localizes to enlarged lysosomes through LRRK2 phosphorylation (PubMed:30209220). {ECO:0000250|UniProtKB:P24409, ECO:0000269|PubMed:20576682, ECO:0000269|PubMed:22908308, ECO:0000269|PubMed:23263280, ECO:0000269|PubMed:30209220, ECO:0000269|PubMed:30398148, ECO:0000269|PubMed:32344433}."
P61081,,,,
P53365,,,,"SUBCELLULAR LOCATION: Golgi apparatus {ECO:0000269|PubMed:22981988}. Golgi apparatus, trans-Golgi network membrane {ECO:0000269|PubMed:21239483, ECO:0000269|PubMed:22679020, ECO:0000269|PubMed:26507660, ECO:0000269|PubMed:30917996, ECO:0000269|PubMed:31204568}."
P52756,,,,SUBCELLULAR LOCATION: Nucleus {ECO:0000269|PubMed:18851835}.
P53367,,,,"SUBCELLULAR LOCATION: Golgi apparatus {ECO:0000269|PubMed:22981988, ECO:0000269|PubMed:9038142}. Golgi apparatus, trans-Golgi network membrane {ECO:0000269|PubMed:21239483, ECO:0000269|PubMed:30917996}."
P55011,,"TRANSMEM 287..316; /note=""Discontinuously helical; Name=1""; /evidence=""ECO:0000269|PubMed:32081947, ECO:0000269|PubMed:33597714, ECO:0000269|PubMed:35585053, ECO:0000269|PubMed:36239040, ECO:0000269|PubMed:36306358, ECO:0007744|PDB:6PZT, ECO:0007744|PDB:7D10, ECO:0007744|PDB:7MXO, ECO:0007744|PDB:7N3N, ECO:0007744|PDB:7S1X, ECO:0007744|PDB:7S1Y, ECO:0007744|PDB:7S1Z, ECO:0007744|PDB:7SFL, ECO:0007744|PDB:7SMP, ECO:0007744|PDB:7ZGO, ECO:0007744|PDB:8STE""; TRANSMEM 317..336; /note=""Helical; Name=2""; /evidence=""ECO:0000269|PubMed:32081947, ECO:0000269|PubMed:33597714, ECO:0000269|PubMed:35585053, ECO:0000269|PubMed:36239040, ECO:0000269|PubMed:36306358, ECO:0007744|PDB:6PZT, ECO:0007744|PDB:7D10, ECO:0007744|PDB:7MXO, ECO:0007744|PDB:7N3N, ECO:0007744|PDB:7S1X, ECO:0007744|PDB:7S1Y, ECO:0007744|PDB:7S1Z, ECO:0007744|PDB:7SFL, ECO:0007744|PDB:7SMP, ECO:0007744|PDB:7ZGO, ECO:0007744|PDB:8STE""; TRANSMEM 368..395; /note=""Helical; Name=3""; /evidence=""ECO:0000269|PubMed:32081947, ECO:0000269|PubMed:33597714, ECO:0000269|PubMed:35585053, ECO:0000269|PubMed:36239040, ECO:0000269|PubMed:36306358, ECO:0007744|PDB:6PZT, ECO:0007744|PDB:7D10, ECO:0007744|PDB:7MXO, ECO:0007744|PDB:7N3N, ECO:0007744|PDB:7S1X, ECO:0007744|PDB:7S1Y, ECO:0007744|PDB:7S1Z, ECO:0007744|PDB:7SFL, ECO:0007744|PDB:7SMP, ECO:0007744|PDB:7ZGO, ECO:0007744|PDB:8STE""; TRANSMEM 406..429; /note=""Helical; Name=4""; /evidence=""ECO:0000269|PubMed:32081947, ECO:0000269|PubMed:33597714, ECO:0000269|PubMed:35585053, ECO:0000269|PubMed:36239040, ECO:0000269|PubMed:36306358, ECO:0007744|PDB:6PZT, ECO:0007744|PDB:7D10, ECO:0007744|PDB:7MXO, ECO:0007744|PDB:7N3N, ECO:0007744|PDB:7S1X, ECO:0007744|PDB:7S1Y, ECO:0007744|PDB:7S1Z, ECO:0007744|PDB:7SFL, ECO:0007744|PDB:7SMP, ECO:0007744|PDB:7ZGO, ECO:0007744|PDB:8STE""; TRANSMEM 433..454; /note=""Helical; Name=5""; /evidence=""ECO:0000269|PubMed:32081947, ECO:0000269|PubMed:33597714, ECO:0000269|PubMed:35585053, ECO:0000269|PubMed:36239040, ECO:0000269|PubMed:36306358, ECO:0007744|PDB:6PZT, ECO:0007744|PDB:7D10, ECO:0007744|PDB:7MXO, ECO:0007744|PDB:7N3N, ECO:0007744|PDB:7S1X, ECO:0007744|PDB:7S1Y, ECO:0007744|PDB:7S1Z, ECO:0007744|PDB:7SFL, ECO:0007744|PDB:7SMP, ECO:0007744|PDB:7ZGO, ECO:0007744|PDB:8STE""; TRANSMEM 487..504; /note=""Discontinuously helical; Name=6""; /evidence=""ECO:0000269|PubMed:32081947, ECO:0000269|PubMed:33597714, ECO:0000269|PubMed:35585053, ECO:0000269|PubMed:36239040, ECO:0000269|PubMed:36306358, ECO:0007744|PDB:6PZT, ECO:0007744|PDB:7D10, ECO:0007744|PDB:7MXO, ECO:0007744|PDB:7N3N, ECO:0007744|PDB:7S1X, ECO:0007744|PDB:7S1Y, ECO:0007744|PDB:7S1Z, ECO:0007744|PDB:7SFL, ECO:0007744|PDB:7SMP, ECO:0007744|PDB:7ZGO, ECO:0007744|PDB:8STE""; TRANSMEM 520..541; /note=""Helical; Name=7""; /evidence=""ECO:0000269|PubMed:32081947, ECO:0000269|PubMed:33597714, ECO:0000269|PubMed:35585053, ECO:0000269|PubMed:36239040, ECO:0000269|PubMed:36306358, ECO:0007744|PDB:6PZT, ECO:0007744|PDB:7D10, ECO:0007744|PDB:7MXO, ECO:0007744|PDB:7N3N, ECO:0007744|PDB:7S1X, ECO:0007744|PDB:7S1Y, ECO:0007744|PDB:7S1Z, ECO:0007744|PDB:7SFL, ECO:0007744|PDB:7SMP, ECO:0007744|PDB:7ZGO, ECO:0007744|PDB:8STE""; TRANSMEM 599..623; /note=""Helical; Name=8""; /evidence=""ECO:0000269|PubMed:32081947, ECO:0000269|PubMed:33597714, ECO:0000269|PubMed:35585053, ECO:0000269|PubMed:36239040, ECO:0000269|PubMed:36306358, ECO:0007744|PDB:6PZT, ECO:0007744|PDB:7D10, ECO:0007744|PDB:7MXO, ECO:0007744|PDB:7N3N, ECO:0007744|PDB:7S1X, ECO:0007744|PDB:7S1Y, ECO:0007744|PDB:7S1Z, ECO:0007744|PDB:7SFL, ECO:0007744|PDB:7SMP, ECO:0007744|PDB:7ZGO, ECO:0007744|PDB:8STE""; TRANSMEM 652..672; /note=""Helical; Name=9""; /evidence=""ECO:0000269|PubMed:32081947, ECO:0000269|PubMed:33597714, ECO:0000269|PubMed:35585053, ECO:0000269|PubMed:36239040, ECO:0000269|PubMed:36306358, ECO:0007744|PDB:6PZT, ECO:0007744|PDB:7D10, ECO:0007744|PDB:7MXO, ECO:0007744|PDB:7N3N, ECO:0007744|PDB:7S1X, ECO:0007744|PDB:7S1Y, ECO:0007744|PDB:7S1Z, ECO:0007744|PDB:7SFL, ECO:0007744|PDB:7SMP, ECO:0007744|PDB:7ZGO, ECO:0007744|PDB:8STE""; TRANSMEM 673..691; /note=""Helical; Name=10""; /evidence=""ECO:0000269|PubMed:32081947, ECO:0000269|PubMed:33597714, ECO:0000269|PubMed:35585053, ECO:0000269|PubMed:36239040, ECO:0000269|PubMed:36306358, ECO:0007744|PDB:6PZT, ECO:0007744|PDB:7D10, ECO:0007744|PDB:7MXO, ECO:0007744|PDB:7N3N, ECO:0007744|PDB:7S1X, ECO:0007744|PDB:7S1Y, ECO:0007744|PDB:7S1Z, ECO:0007744|PDB:7SFL, ECO:0007744|PDB:7SMP, ECO:0007744|PDB:7ZGO, ECO:0007744|PDB:8STE""; TRANSMEM 715..732; /note=""Helical; Name=11""; /evidence=""ECO:0000269|PubMed:32081947, ECO:0000269|PubMed:33597714, ECO:0000269|PubMed:35585053, ECO:0000269|PubMed:36239040, ECO:0000269|PubMed:36306358, ECO:0007744|PDB:6PZT, ECO:0007744|PDB:7D10, ECO:0007744|PDB:7MXO, ECO:0007744|PDB:7N3N, ECO:0007744|PDB:7S1X, ECO:0007744|PDB:7S1Y, ECO:0007744|PDB:7S1Z, ECO:0007744|PDB:7SFL, ECO:0007744|PDB:7SMP, ECO:0007744|PDB:7ZGO, ECO:0007744|PDB:8STE""; TRANSMEM 733..745; /note=""Helical; Name=12""; /evidence=""ECO:0000269|PubMed:32081947, ECO:0000269|PubMed:33597714, ECO:0000269|PubMed:35585053, ECO:0000269|PubMed:36239040, ECO:0000269|PubMed:36306358, ECO:0007744|PDB:6PZT, ECO:0007744|PDB:7D10, ECO:0007744|PDB:7MXO, ECO:0007744|PDB:7N3N, ECO:0007744|PDB:7S1X, ECO:0007744|PDB:7S1Y, ECO:0007744|PDB:7S1Z, ECO:0007744|PDB:7SFL, ECO:0007744|PDB:7SMP, ECO:0007744|PDB:7ZGO, ECO:0007744|PDB:8STE""","TOPO_DOM 1..286; /note=""Cytoplasmic""; /evidence=""ECO:0000269|PubMed:32081947, ECO:0000269|PubMed:33597714, ECO:0000269|PubMed:35585053, ECO:0000269|PubMed:36239040, ECO:0000269|PubMed:36306358, ECO:0007744|PDB:6PZT, ECO:0007744|PDB:7D10, ECO:0007744|PDB:7MXO, ECO:0007744|PDB:7N3N, ECO:0007744|PDB:7S1X, ECO:0007744|PDB:7S1Y, ECO:0007744|PDB:7S1Z, ECO:0007744|PDB:7SFL, ECO:0007744|PDB:7SMP, ECO:0007744|PDB:7ZGO, ECO:0007744|PDB:8STE""; TOPO_DOM 337..367; /note=""Cytoplasmic""; /evidence=""ECO:0000269|PubMed:32081947, ECO:0000269|PubMed:33597714, ECO:0000269|PubMed:35585053, ECO:0000269|PubMed:36239040, ECO:0000269|PubMed:36306358, ECO:0007744|PDB:6PZT, ECO:0007744|PDB:7D10, ECO:0007744|PDB:7MXO, ECO:0007744|PDB:7N3N, ECO:0007744|PDB:7S1X, ECO:0007744|PDB:7S1Y, ECO:0007744|PDB:7S1Z, ECO:0007744|PDB:7SFL, ECO:0007744|PDB:7SMP, ECO:0007744|PDB:7ZGO, ECO:0007744|PDB:8STE""; TOPO_DOM 396..405; /note=""Extracellular""; /evidence=""ECO:0000269|PubMed:32081947, ECO:0000269|PubMed:33597714, ECO:0000269|PubMed:35585053, ECO:0000269|PubMed:36239040, ECO:0000269|PubMed:36306358, ECO:0007744|PDB:6PZT, ECO:0007744|PDB:7D10, ECO:0007744|PDB:7MXO, ECO:0007744|PDB:7N3N, ECO:0007744|PDB:7S1X, ECO:0007744|PDB:7S1Y, ECO:0007744|PDB:7S1Z, ECO:0007744|PDB:7SFL, ECO:0007744|PDB:7SMP, ECO:0007744|PDB:7ZGO, ECO:0007744|PDB:8STE""; TOPO_DOM 430..432; /note=""Cytoplasmic""; /evidence=""ECO:0000269|PubMed:32081947, ECO:0000269|PubMed:33597714, ECO:0000269|PubMed:35585053, ECO:0000269|PubMed:36239040, ECO:0000269|PubMed:36306358, ECO:0007744|PDB:6PZT, ECO:0007744|PDB:7D10, ECO:0007744|PDB:7MXO, ECO:0007744|PDB:7N3N, ECO:0007744|PDB:7S1X, ECO:0007744|PDB:7S1Y, ECO:0007744|PDB:7S1Z, ECO:0007744|PDB:7SFL, ECO:0007744|PDB:7SMP, ECO:0007744|PDB:7ZGO, ECO:0007744|PDB:8STE""; TOPO_DOM 455..486; /note=""Extracellular""; /evidence=""ECO:0000269|PubMed:32081947, ECO:0000269|PubMed:33597714, ECO:0000269|PubMed:35585053, ECO:0000269|PubMed:36239040, ECO:0000269|PubMed:36306358, ECO:0007744|PDB:6PZT, ECO:0007744|PDB:7D10, ECO:0007744|PDB:7MXO, ECO:0007744|PDB:7N3N, ECO:0007744|PDB:7S1X, ECO:0007744|PDB:7S1Y, ECO:0007744|PDB:7S1Z, ECO:0007744|PDB:7SFL, ECO:0007744|PDB:7SMP, ECO:0007744|PDB:7ZGO, ECO:0007744|PDB:8STE""; TOPO_DOM 505..519; /note=""Cytoplasmic""; /evidence=""ECO:0000269|PubMed:32081947, ECO:0000269|PubMed:33597714, ECO:0000269|PubMed:35585053, ECO:0000269|PubMed:36239040, ECO:0000269|PubMed:36306358, ECO:0007744|PDB:6PZT, ECO:0007744|PDB:7D10, ECO:0007744|PDB:7MXO, ECO:0007744|PDB:7N3N, ECO:0007744|PDB:7S1X, ECO:0007744|PDB:7S1Y, ECO:0007744|PDB:7S1Z, ECO:0007744|PDB:7SFL, ECO:0007744|PDB:7SMP, ECO:0007744|PDB:7ZGO, ECO:0007744|PDB:8STE""; TOPO_DOM 542..598; /note=""Extracellular""; /evidence=""ECO:0000269|PubMed:32081947, ECO:0000269|PubMed:33597714, ECO:0000269|PubMed:35585053, ECO:0000269|PubMed:36239040, ECO:0000269|PubMed:36306358, ECO:0007744|PDB:6PZT, ECO:0007744|PDB:7D10, ECO:0007744|PDB:7MXO, ECO:0007744|PDB:7N3N, ECO:0007744|PDB:7S1X, ECO:0007744|PDB:7S1Y, ECO:0007744|PDB:7S1Z, ECO:0007744|PDB:7SFL, ECO:0007744|PDB:7SMP, ECO:0007744|PDB:7ZGO, ECO:0007744|PDB:8STE""; TOPO_DOM 624..651; /note=""Cytoplasmic""; /evidence=""ECO:0000269|PubMed:32081947, ECO:0000269|PubMed:33597714, ECO:0000269|PubMed:35585053, ECO:0000269|PubMed:36239040, ECO:0000269|PubMed:36306358, ECO:0007744|PDB:6PZT, ECO:0007744|PDB:7D10, ECO:0007744|PDB:7MXO, ECO:0007744|PDB:7N3N, ECO:0007744|PDB:7S1X, ECO:0007744|PDB:7S1Y, ECO:0007744|PDB:7S1Z, ECO:0007744|PDB:7SFL, ECO:0007744|PDB:7SMP, ECO:0007744|PDB:7ZGO, ECO:0007744|PDB:8STE""; TOPO_DOM 692..714; /note=""Cytoplasmic""; /evidence=""ECO:0000269|PubMed:32081947, ECO:0000269|PubMed:33597714, ECO:0000269|PubMed:35585053, ECO:0000269|PubMed:36239040, ECO:0000269|PubMed:36306358, ECO:0007744|PDB:6PZT, ECO:0007744|PDB:7D10, ECO:0007744|PDB:7MXO, ECO:0007744|PDB:7N3N, ECO:0007744|PDB:7S1X, ECO:0007744|PDB:7S1Y, ECO:0007744|PDB:7S1Z, ECO:0007744|PDB:7SFL, ECO:0007744|PDB:7SMP, ECO:0007744|PDB:7ZGO, ECO:0007744|PDB:8STE""; TOPO_DOM 746..1212; /note=""Cytoplasmic""; /evidence=""ECO:0000269|PubMed:32081947, ECO:0000269|PubMed:33597714, ECO:0000269|PubMed:35585053, ECO:0000269|PubMed:36239040, ECO:0000269|PubMed:36306358, ECO:0007744|PDB:6PZT, ECO:0007744|PDB:7D10, ECO:0007744|PDB:7MXO, ECO:0007744|PDB:7N3N, ECO:0007744|PDB:7S1X, ECO:0007744|PDB:7S1Y, ECO:0007744|PDB:7S1Z, ECO:0007744|PDB:7SFL, ECO:0007744|PDB:7SMP, ECO:0007744|PDB:7ZGO, ECO:0007744|PDB:8STE""","SUBCELLULAR LOCATION: Basolateral cell membrane {ECO:0000305|PubMed:32081947, ECO:0000305|PubMed:7629105}; Multi-pass membrane protein {ECO:0000305|PubMed:32081947, ECO:0000305|PubMed:33597714}."
P51636,,,"TOPO_DOM 1..86; /note=""Cytoplasmic""; /evidence=""ECO:0000255""; TOPO_DOM 108..162; /note=""Cytoplasmic""; /evidence=""ECO:0000255""","SUBCELLULAR LOCATION: Nucleus. Cytoplasm. Golgi apparatus membrane; Peripheral membrane protein. Cell membrane; Peripheral membrane protein. Membrane, caveola; Peripheral membrane protein. Note=Potential hairpin-like structure in the membrane. Membrane protein of caveolae. Tyr-19-phosphorylated form is enriched at sites of cell-cell contact and is translocated to the nucleus in complex with MAPK1 in response to insulin (By similarity). Tyr-27-phosphorylated form is located both in the cytoplasm and plasma membrane. CAV1-mediated Ser-23-phosphorylated form locates to the plasma membrane. Ser-36-phosphorylated form resides in intracellular compartments. {ECO:0000250}."
P51957,,,,"SUBCELLULAR LOCATION: Cell projection, cilium {ECO:0000269|PubMed:21685204}. Cytoplasm {ECO:0000269|PubMed:21685204}."
P52701,,,,SUBCELLULAR LOCATION: Nucleus {ECO:0000269|PubMed:23622243}. Chromosome {ECO:0000269|PubMed:23622243}. Note=Associates with H3K36me3 via its PWWP domain.
P53992,,,,"SUBCELLULAR LOCATION: Cytoplasmic vesicle, COPII-coated vesicle membrane {ECO:0000269|PubMed:10075675, ECO:0000269|PubMed:10329445}; Peripheral membrane protein {ECO:0000269|PubMed:10075675}; Cytoplasmic side {ECO:0000269|PubMed:10075675}. Endoplasmic reticulum membrane {ECO:0000269|PubMed:10075675, ECO:0000269|PubMed:10329445}; Peripheral membrane protein {ECO:0000269|PubMed:10075675}; Cytoplasmic side {ECO:0000269|PubMed:10075675}. Cytoplasm, cytosol {ECO:0000269|PubMed:10075675}."
P55884,,,,"SUBCELLULAR LOCATION: Cytoplasm {ECO:0000255|HAMAP-Rule:MF_03001}. Cytoplasm, Stress granule {ECO:0000269|PubMed:17984221}. Note=Localizes to stress granules following cellular stress. {ECO:0000269|PubMed:17984221}."
P51955,,,,"SUBCELLULAR LOCATION: [Isoform 1]: Nucleus. Nucleus, nucleolus {ECO:0000269|PubMed:15161910}. Cytoplasm. Cytoplasm, cytoskeleton, microtubule organizing center, centrosome {ECO:0000269|PubMed:14654843, ECO:0000269|PubMed:26220856}. Cytoplasm, cytoskeleton, spindle pole. Chromosome, centromere, kinetochore. Chromosome, centromere {ECO:0000250}. Note=STK3/MST2 and SAV1 are required for its targeting to the centrosome. Colocalizes with SGO1 and MAD1L1 at the kinetochore. Not associated with kinetochore in the interphase but becomes associated with it upon the breakdown of the nuclear envelope. Has a nucleolar targeting/ retention activity via a coiled-coil domain at the C-terminal end.; SUBCELLULAR LOCATION: [Isoform 2]: Cytoplasm. Note=Predominantly cytoplasmic.; SUBCELLULAR LOCATION: [Isoform 4]: Nucleus. Cytoplasm, cytoskeleton, microtubule organizing center, centrosome. Note=Predominantly nuclear."
P53671,,,,"SUBCELLULAR LOCATION: Cytoplasm, cytoskeleton, spindle {ECO:0000269|PubMed:22328514}. Cytoplasm, cytoskeleton, microtubule organizing center, centrosome {ECO:0000269|PubMed:25849865}.; SUBCELLULAR LOCATION: [Isoform LIMK2a]: Cytoplasm {ECO:0000269|PubMed:8954941}. Nucleus {ECO:0000269|PubMed:8954941}.; SUBCELLULAR LOCATION: [Isoform LIMK2b]: Cytoplasm {ECO:0000269|PubMed:8954941}. Cytoplasm, perinuclear region {ECO:0000269|PubMed:8954941}. Nucleus {ECO:0000269|PubMed:8954941}. Note=Mainly present in the cytoplasm and is scarcely translocated to the nucleus. {ECO:0000269|PubMed:8954941}."
P53778,,,,SUBCELLULAR LOCATION: Cytoplasm. Nucleus. Mitochondrion. Note=Mitochondrial when associated with SH3BP5. In skeletal muscle colocalizes with SNTA1 at the neuromuscular junction and throughout the sarcolemma (By similarity). {ECO:0000250}.
P55210,,,,"SUBCELLULAR LOCATION: Cytoplasm, cytosol {ECO:0000269|PubMed:12824163, ECO:0000305|PubMed:21555521, ECO:0000305|PubMed:8576161}. Nucleus {ECO:0000269|PubMed:19617626, ECO:0000269|PubMed:21555521}. Secreted, extracellular space {ECO:0000250|UniProtKB:P97864}. Note=Following cleavage and activation by CASP1 or granzyme B (GZMB), secreted into the extracellular milieu by passing through the gasdermin-D (GSDMD) pores or perforin (PRF1) pore, respectively. {ECO:0000250|UniProtKB:P97864}."
P51532,,,,"SUBCELLULAR LOCATION: Nucleus {ECO:0000255|PROSITE-ProRule:PRU00549, ECO:0000269|PubMed:20418909, ECO:0000269|PubMed:25593309}. Note=Colocalizes with long non-coding RNA Evf2 in nuclear RNA clouds (By similarity). Localizes to sites of DNA damage (PubMed:25593309). {ECO:0000250|UniProtKB:Q3TKT4, ECO:0000269|PubMed:25593309}."
P56945,,,,"SUBCELLULAR LOCATION: Cell junction, focal adhesion {ECO:0000269|PubMed:12832404}. Cytoplasm {ECO:0000269|PubMed:12832404}. Cell projection, axon {ECO:0000250|UniProtKB:Q61140}. Note=Unphosphorylated form localizes in the cytoplasm (By similarity). Localizes to focal adhesion sites following integrin engagement (By similarity). {ECO:0000250|UniProtKB:Q61140}."
P52948,,,,"SUBCELLULAR LOCATION: Nucleus membrane {ECO:0000269|PubMed:10087256, ECO:0000269|PubMed:11106761, ECO:0000269|PubMed:11839768, ECO:0000269|PubMed:12191480, ECO:0000269|PubMed:12802065, ECO:0000269|PubMed:15229283, ECO:0000269|PubMed:20407419, ECO:0000269|PubMed:28221134, ECO:0000269|PubMed:33360543}; Peripheral membrane protein; Nucleoplasmic side {ECO:0000269|PubMed:11839768}. Nucleus, nuclear pore complex {ECO:0000269|PubMed:11839768, ECO:0000269|PubMed:12802065, ECO:0000269|PubMed:15229283, ECO:0000269|PubMed:33097660}. Nucleus, nucleoplasm {ECO:0000269|PubMed:12191480, ECO:0000269|PubMed:28221134}. Note=Localized to the nucleoplasmic side of the nuclear pore complex (NPC), at or near the nucleoplasmic basket (PubMed:11839768). Dissociates from the disassembled NPC structure early during prophase of mitosis (PubMed:12802065). Colocalized with NUP153 and TPR to the nuclear basket of NPC (PubMed:11839768). Colocalized with DHX9 in diffuse and discrete intranuclear foci (GLFG-body) (PubMed:11839768, PubMed:28221134). {ECO:0000269|PubMed:11106761, ECO:0000269|PubMed:11839768, ECO:0000269|PubMed:12802065, ECO:0000269|PubMed:28221134}.; SUBCELLULAR LOCATION: Nucleus membrane {ECO:0000269|PubMed:11106761}. Note=(Microbial infection) Remains localized to the nuclear membrane after poliovirus (PV) infection. {ECO:0000269|PubMed:11106761}."
P61160,,,,"SUBCELLULAR LOCATION: Cytoplasm, cytoskeleton {ECO:0000269|PubMed:9000076}. Cell projection {ECO:0000269|PubMed:9000076}. Nucleus {ECO:0000269|PubMed:17220302, ECO:0000269|PubMed:29925947}."
P61204,,,,"SUBCELLULAR LOCATION: Golgi apparatus {ECO:0000269|PubMed:17555535}. Cytoplasm, perinuclear region {ECO:0000269|PubMed:17555535}."
P61587,,,,SUBCELLULAR LOCATION: Golgi apparatus membrane; Peripheral membrane protein.
P61970,,,,"SUBCELLULAR LOCATION: Cytoplasm, cytosol {ECO:0000269|PubMed:10679025, ECO:0000269|PubMed:7744965}. Nucleus outer membrane {ECO:0000250|UniProtKB:P61972}. Nucleus, nuclear pore complex {ECO:0000250|UniProtKB:P61972}. Nucleus inner membrane {ECO:0000250|UniProtKB:P61972}. Nucleus, nucleoplasm {ECO:0000269|PubMed:10679025}. Note=At steady state it is essentially nucleoplasmic, enriched in nucleoplasmic foci. {ECO:0000269|PubMed:10679025}."
P62258,,,,"SUBCELLULAR LOCATION: Nucleus {ECO:0000269|PubMed:12917326, ECO:0000269|PubMed:37599448}. Cytoplasm {ECO:0000269|PubMed:12917326}. Melanosome {ECO:0000269|PubMed:12042314, ECO:0000269|PubMed:17081065}. Note=Identified by mass spectrometry in melanosome fractions from stage I to stage IV. {ECO:0000269|PubMed:12042314, ECO:0000269|PubMed:17081065}."
P62280,,,,"SUBCELLULAR LOCATION: Cytoplasm {ECO:0000269|PubMed:23636399}. Nucleus, nucleolus {ECO:0000269|PubMed:34516797}."
P62745,,,,SUBCELLULAR LOCATION: Late endosome membrane; Lipid-anchor. Cell membrane; Lipid-anchor. Nucleus. Cleavage furrow. Note=Late endosomal membrane (geranylgeranylated form). Plasma membrane (farnesylated form). Also detected at the nuclear margin and in the nucleus. Translocates to the equatorial region before furrow formation in a ECT2-dependent manner.
P62826,,,,"SUBCELLULAR LOCATION: Nucleus {ECO:0000269|PubMed:10679025, ECO:0000269|PubMed:12194828, ECO:0000269|PubMed:18617507, ECO:0000269|PubMed:1961752, ECO:0000269|PubMed:19753112, ECO:0000269|PubMed:31075303, ECO:0000269|PubMed:8421051, ECO:0000269|PubMed:8896452, ECO:0000269|PubMed:9351834, ECO:0000269|PubMed:9822603}. Nucleus envelope {ECO:0000269|PubMed:8896452, ECO:0000269|PubMed:9822603}. Cytoplasm, cytosol {ECO:0000269|PubMed:18617507, ECO:0000269|PubMed:8276887}. Cytoplasm {ECO:0000269|PubMed:10679025, ECO:0000269|PubMed:12194828, ECO:0000269|PubMed:9822603}. Melanosome {ECO:0000269|PubMed:17081065}. Note=Predominantly nuclear during interphase (PubMed:10679025, PubMed:12194828, PubMed:8421051). Becomes dispersed throughout the cytoplasm during mitosis (PubMed:12194828, PubMed:8421051). Identified by mass spectrometry in melanosome fractions from stage I to stage IV (PubMed:17081065). {ECO:0000269|PubMed:10679025, ECO:0000269|PubMed:12194828, ECO:0000269|PubMed:17081065, ECO:0000269|PubMed:8421051}."
P63104,,,,SUBCELLULAR LOCATION: Cytoplasm {ECO:0000269|PubMed:17081065}. Melanosome {ECO:0000269|PubMed:17081065}. Note=Located to stage I to stage IV melanosomes. {ECO:0000269|PubMed:17081065}.
P67870,,,,SUBCELLULAR LOCATION: Nucleus {ECO:0000269|PubMed:31341047}.
P68363,,,,"SUBCELLULAR LOCATION: Cytoplasm, cytoskeleton {ECO:0000269|PubMed:34996871, ECO:0000269|PubMed:35482892}."
P78383,,"TRANSMEM 12..32; /note=""Helical; Name=1""; /evidence=""ECO:0000269|PubMed:40399679, ECO:0007744|PDB:9GRY, ECO:0007744|PDB:9GRZ, ECO:0007744|PDB:9GS3, ECO:0007744|PDB:9GS5, ECO:0007744|PDB:9GS7, ECO:0007744|PDB:9GSL, ECO:0007744|PDB:9I20""; TRANSMEM 51..71; /note=""Helical; Name=2""; /evidence=""ECO:0000269|PubMed:40399679, ECO:0007744|PDB:9GRY, ECO:0007744|PDB:9GRZ, ECO:0007744|PDB:9GS3, ECO:0007744|PDB:9GS5, ECO:0007744|PDB:9GS7, ECO:0007744|PDB:9GSL, ECO:0007744|PDB:9I20""; TRANSMEM 85..105; /note=""Helical; Name=3""; /evidence=""ECO:0000269|PubMed:40399679, ECO:0007744|PDB:9GRY, ECO:0007744|PDB:9GRZ, ECO:0007744|PDB:9GS3, ECO:0007744|PDB:9GS5, ECO:0007744|PDB:9GS7, ECO:0007744|PDB:9GSL, ECO:0007744|PDB:9I20""; TRANSMEM 109..131; /note=""Helical; Name=4""; /evidence=""ECO:0000269|PubMed:40399679, ECO:0007744|PDB:9GRY, ECO:0007744|PDB:9GRZ, ECO:0007744|PDB:9GS3, ECO:0007744|PDB:9GS5, ECO:0007744|PDB:9GS7, ECO:0007744|PDB:9GSL, ECO:0007744|PDB:9I20""; TRANSMEM 138..156; /note=""Helical; Name=5""; /evidence=""ECO:0000269|PubMed:40399679, ECO:0007744|PDB:9GRY, ECO:0007744|PDB:9GRZ, ECO:0007744|PDB:9GS3, ECO:0007744|PDB:9GS5, ECO:0007744|PDB:9GS7, ECO:0007744|PDB:9GSL, ECO:0007744|PDB:9I20""; TRANSMEM 174..189; /note=""Helical; Name=6""; /evidence=""ECO:0000269|PubMed:40399679, ECO:0007744|PDB:9GRY, ECO:0007744|PDB:9GRZ, ECO:0007744|PDB:9GS3, ECO:0007744|PDB:9GS5, ECO:0007744|PDB:9GS7, ECO:0007744|PDB:9GSL, ECO:0007744|PDB:9I20""; TRANSMEM 205..222; /note=""Helical; Name=7""; /evidence=""ECO:0000269|PubMed:40399679, ECO:0007744|PDB:9GRY, ECO:0007744|PDB:9GRZ, ECO:0007744|PDB:9GS3, ECO:0007744|PDB:9GS5, ECO:0007744|PDB:9GS7, ECO:0007744|PDB:9GSL, ECO:0007744|PDB:9I20""; TRANSMEM 239..259; /note=""Helical; Name=8""; /evidence=""ECO:0000269|PubMed:40399679, ECO:0007744|PDB:9GRY, ECO:0007744|PDB:9GRZ, ECO:0007744|PDB:9GS3, ECO:0007744|PDB:9GS5, ECO:0007744|PDB:9GS7, ECO:0007744|PDB:9GSL, ECO:0007744|PDB:9I20""; TRANSMEM 267..287; /note=""Helical; Name=9""; /evidence=""ECO:0000269|PubMed:40399679, ECO:0007744|PDB:9GRY, ECO:0007744|PDB:9GRZ, ECO:0007744|PDB:9GS3, ECO:0007744|PDB:9GS5, ECO:0007744|PDB:9GS7, ECO:0007744|PDB:9GSL, ECO:0007744|PDB:9I20""; TRANSMEM 294..313; /note=""Helical; Name=10""; /evidence=""ECO:0000269|PubMed:40399679, ECO:0007744|PDB:9GRY, ECO:0007744|PDB:9GRZ, ECO:0007744|PDB:9GS3, ECO:0007744|PDB:9GS5, ECO:0007744|PDB:9GS7, ECO:0007744|PDB:9GSL, ECO:0007744|PDB:9I20""","TOPO_DOM 1..11; /note=""Cytoplasmic""; /evidence=""ECO:0000269|PubMed:40399679, ECO:0007744|PDB:9GRY, ECO:0007744|PDB:9GRZ, ECO:0007744|PDB:9GS3, ECO:0007744|PDB:9GS5, ECO:0007744|PDB:9GS7, ECO:0007744|PDB:9GSL, ECO:0007744|PDB:9I20""; TOPO_DOM 33..50; /note=""Lumenal""; /evidence=""ECO:0000269|PubMed:40399679, ECO:0007744|PDB:9GRY, ECO:0007744|PDB:9GRZ, ECO:0007744|PDB:9GS3, ECO:0007744|PDB:9GS5, ECO:0007744|PDB:9GS7, ECO:0007744|PDB:9GSL, ECO:0007744|PDB:9I20""; TOPO_DOM 72..84; /note=""Cytoplasmic""; /evidence=""ECO:0000269|PubMed:40399679, ECO:0007744|PDB:9GRY, ECO:0007744|PDB:9GRZ, ECO:0007744|PDB:9GS3, ECO:0007744|PDB:9GS5, ECO:0007744|PDB:9GS7, ECO:0007744|PDB:9GSL, ECO:0007744|PDB:9I20""; TOPO_DOM 106..108; /note=""Lumenal""; /evidence=""ECO:0000269|PubMed:40399679, ECO:0007744|PDB:9GRY, ECO:0007744|PDB:9GRZ, ECO:0007744|PDB:9GS3, ECO:0007744|PDB:9GS5, ECO:0007744|PDB:9GS7, ECO:0007744|PDB:9GSL, ECO:0007744|PDB:9I20""; TOPO_DOM 132..137; /note=""Cytoplasmic""; /evidence=""ECO:0000269|PubMed:40399679, ECO:0007744|PDB:9GRY, ECO:0007744|PDB:9GRZ, ECO:0007744|PDB:9GS3, ECO:0007744|PDB:9GS5, ECO:0007744|PDB:9GS7, ECO:0007744|PDB:9GSL, ECO:0007744|PDB:9I20""; TOPO_DOM 157..173; /note=""Lumenal""; /evidence=""ECO:0000269|PubMed:40399679, ECO:0007744|PDB:9GRY, ECO:0007744|PDB:9GRZ, ECO:0007744|PDB:9GS3, ECO:0007744|PDB:9GS5, ECO:0007744|PDB:9GS7, ECO:0007744|PDB:9GSL, ECO:0007744|PDB:9I20""; TOPO_DOM 190..204; /note=""Cytoplasmic""; /evidence=""ECO:0000269|PubMed:40399679, ECO:0007744|PDB:9GRY, ECO:0007744|PDB:9GRZ, ECO:0007744|PDB:9GS3, ECO:0007744|PDB:9GS5, ECO:0007744|PDB:9GS7, ECO:0007744|PDB:9GSL, ECO:0007744|PDB:9I20""; TOPO_DOM 223..238; /note=""Lumenal""; /evidence=""ECO:0000269|PubMed:40399679, ECO:0007744|PDB:9GRY, ECO:0007744|PDB:9GRZ, ECO:0007744|PDB:9GS3, ECO:0007744|PDB:9GS5, ECO:0007744|PDB:9GS7, ECO:0007744|PDB:9GSL, ECO:0007744|PDB:9I20""; TOPO_DOM 260..266; /note=""Cytoplasmic""; /evidence=""ECO:0000269|PubMed:40399679, ECO:0007744|PDB:9GRY, ECO:0007744|PDB:9GRZ, ECO:0007744|PDB:9GS3, ECO:0007744|PDB:9GS5, ECO:0007744|PDB:9GS7, ECO:0007744|PDB:9GSL, ECO:0007744|PDB:9I20""; TOPO_DOM 288..293; /note=""Lumenal""; /evidence=""ECO:0000269|PubMed:40399679, ECO:0007744|PDB:9GRY, ECO:0007744|PDB:9GRZ, ECO:0007744|PDB:9GS3, ECO:0007744|PDB:9GS5, ECO:0007744|PDB:9GS7, ECO:0007744|PDB:9GSL, ECO:0007744|PDB:9I20""; TOPO_DOM 314..322; /note=""Cytoplasmic""; /evidence=""ECO:0000269|PubMed:40399679, ECO:0007744|PDB:9GRY, ECO:0007744|PDB:9GRZ, ECO:0007744|PDB:9GS3, ECO:0007744|PDB:9GS5, ECO:0007744|PDB:9GS7, ECO:0007744|PDB:9GSL, ECO:0007744|PDB:9I20""",SUBCELLULAR LOCATION: Endoplasmic reticulum membrane {ECO:0000269|PubMed:30154480}; Multi-pass membrane protein {ECO:0000269|PubMed:40399679}.
P83916,,,,"SUBCELLULAR LOCATION: Nucleus {ECO:0000269|PubMed:10460410, ECO:0000269|PubMed:28977666, ECO:0000269|PubMed:9169582}. Note=Unassociated with chromosomes during mitosis."
Q00341,,,,SUBCELLULAR LOCATION: Cytoplasm {ECO:0000269|PubMed:8605996}. Nucleus {ECO:0000269|PubMed:8605996}.
P61221,,,,SUBCELLULAR LOCATION: Cytoplasm {ECO:0000269|PubMed:11585831}. Mitochondrion {ECO:0000269|PubMed:11585831}.
P61353,,,,"SUBCELLULAR LOCATION: Cytoplasm, cytosol {ECO:0000269|PubMed:25957688}. Cytoplasm {ECO:0000305|PubMed:23636399, ECO:0000305|PubMed:25901680}. Rough endoplasmic reticulum {ECO:0000250|UniProtKB:A1XQU5}. Note=Detected on cytosolic polysomes (PubMed:25957688). Detected in ribosomes that are associated with the rough endoplasmic reticulum (By similarity). {ECO:0000250|UniProtKB:A1XQU5, ECO:0000269|PubMed:25957688}."
P61981,,,,"SUBCELLULAR LOCATION: Cytoplasm, cytosol {ECO:0000269|PubMed:22532927}. Mitochondrion matrix {ECO:0000269|PubMed:22532927}. Note=Translocates to the mitochondrial matrix following induction of MALM (mitochondrial protein catabolic process). {ECO:0000269|PubMed:22532927}."
P62249,,,,"SUBCELLULAR LOCATION: Cytoplasm {ECO:0000269|PubMed:23636399}. Nucleus, nucleolus {ECO:0000269|PubMed:34516797}."
P62306,,,,"SUBCELLULAR LOCATION: Cytoplasm, cytosol {ECO:0000269|PubMed:18984161}. Nucleus {ECO:0000269|PubMed:11574479, ECO:0000269|PubMed:11991638, ECO:0000269|PubMed:26912367, ECO:0000269|PubMed:28076346, ECO:0000269|PubMed:28502770, ECO:0000269|PubMed:28781166}. Note=SMN-mediated assembly into core snRNPs occurs in the cytosol before SMN-mediated transport to the nucleus to be included in spliceosomes. {ECO:0000305}."
P62875,,,,"SUBCELLULAR LOCATION: Nucleus {ECO:0000269|PubMed:16809778, ECO:0000269|PubMed:33335104, ECO:0000269|PubMed:9852112}. Nucleus, nucleolus {ECO:0000305|PubMed:34887565, ECO:0000305|PubMed:36271492}."
P98175,,,,"SUBCELLULAR LOCATION: Nucleus {ECO:0000269|PubMed:18315527}. Note=In the extranucleolar nucleoplasm constitutes hundreds of nuclear domains, which dynamically change their structures in a reversible manner. Upon globally reducing RNA polymerase II transcription, the nuclear bodies enlarge and decrease in number. They occur closely adjacent to nuclear speckles or IGCs (interchromatin granule clusters) but coincide with TIDRs (transcription-inactivation-dependent RNA domains)."
Q00535,,,,"SUBCELLULAR LOCATION: [Isoform 1]: Cytoplasm {ECO:0000269|PubMed:12691662}. Nucleus {ECO:0000269|PubMed:12691662}. Cell membrane {ECO:0000269|PubMed:17009320}; Peripheral membrane protein. Perikaryon. Cell projection, lamellipodium {ECO:0000250|UniProtKB:P49615}. Cell projection, growth cone {ECO:0000250|UniProtKB:P49615}. Postsynaptic density {ECO:0000250|UniProtKB:Q03114}. Synapse {ECO:0000250|UniProtKB:Q03114}. Note=In axonal growth cone with extension to the peripheral lamellipodia (By similarity). Under neurotoxic stress and neuronal injury conditions, CDK5R (p35) is cleaved by calpain to generate CDK5R1 (p25) in response to increased intracellular calcium. The elevated level of p25, when in complex with CDK5, leads to its subcellular misallocation as well as its hyperactivation. Colocalizes with CTNND2 in the cell body of neuronal cells, and with CTNNB1 in the cell-cell contacts and plasma membrane of undifferentiated and differentiated neuroblastoma cells. Reversibly attached to the plasma membrane in an inactive form when complexed to dephosphorylated p35 or CDK5R2 (p39), p35 phosphorylation releases this attachment and activates CDK5. {ECO:0000250}.; SUBCELLULAR LOCATION: [Isoform 2]: Nucleus."
Q00536,,,,"SUBCELLULAR LOCATION: Cytoplasm {ECO:0000269|PubMed:22798068}. Cytoplasmic vesicle, secretory vesicle {ECO:0000250|UniProtKB:Q63686}. Cell membrane {ECO:0000269|PubMed:22184064}; Peripheral membrane protein {ECO:0000269|PubMed:22184064}; Cytoplasmic side {ECO:0000269|PubMed:22184064}. Synapse, synaptosome {ECO:0000250|UniProtKB:Q63686}. Note=Colocalizes with insulin in pancreas islets. Recruited to the cell membrane by CCNY."
P61218,,,,"SUBCELLULAR LOCATION: Nucleus {ECO:0000269|PubMed:33335104, ECO:0000269|PubMed:9852112}. Nucleus, nucleolus {ECO:0000305|PubMed:34887565, ECO:0000305|PubMed:36271492}."
P61803,,"TRANSMEM 31..51; /note=""Helical""; /evidence=""ECO:0000255""; TRANSMEM 53..73; /note=""Helical""; /evidence=""ECO:0000255""; TRANSMEM 93..113; /note=""Helical""; /evidence=""ECO:0000255""","TOPO_DOM 2..30; /note=""Cytoplasmic""; /evidence=""ECO:0000255""; TOPO_DOM 52; /note=""Lumenal""; /evidence=""ECO:0000255""; TOPO_DOM 74..92; /note=""Cytoplasmic""; /evidence=""ECO:0000255""",SUBCELLULAR LOCATION: Endoplasmic reticulum membrane; Multi-pass membrane protein {ECO:0000305}.
P62263,,,,"SUBCELLULAR LOCATION: Cytoplasm {ECO:0000269|PubMed:23636399}. Nucleus, nucleolus {ECO:0000269|PubMed:34516797}."
P62316,,,,"SUBCELLULAR LOCATION: Cytoplasm, cytosol {ECO:0000269|PubMed:18984161}. Nucleus {ECO:0000269|PubMed:11991638, ECO:0000269|PubMed:26912367, ECO:0000269|PubMed:28076346, ECO:0000269|PubMed:28502770, ECO:0000269|PubMed:28781166}. Note=SMN-mediated assembly into core snRNPs occurs in the cytosol before SMN-mediated transport to the nucleus to be included in spliceosomes. {ECO:0000305}."
P62333,,,,SUBCELLULAR LOCATION: Cytoplasm {ECO:0000250}. Nucleus {ECO:0000250}.
P62633,,,,SUBCELLULAR LOCATION: Nucleus {ECO:0000250|UniProtKB:P53996}. Cytoplasm {ECO:0000269|PubMed:28329689}. Endoplasmic reticulum {ECO:0000250|UniProtKB:P53996}.; SUBCELLULAR LOCATION: [Isoform 1]: Cytoplasm {ECO:0000269|PubMed:28329689}.; SUBCELLULAR LOCATION: [Isoform 2]: Cytoplasm {ECO:0000269|PubMed:28329689}.; SUBCELLULAR LOCATION: [Isoform 4]: Cytoplasm {ECO:0000269|PubMed:28329689}.; SUBCELLULAR LOCATION: [Isoform 5]: Cytoplasm {ECO:0000269|PubMed:28329689}.; SUBCELLULAR LOCATION: [Isoform 6]: Cytoplasm {ECO:0000269|PubMed:28329689}.; SUBCELLULAR LOCATION: [Isoform 8]: Cytoplasm {ECO:0000269|PubMed:28329689}.
P62873,,,,
P62987,,,,"SUBCELLULAR LOCATION: [Ubiquitin]: Cytoplasm {ECO:0000250}. Nucleus {ECO:0000250}.; SUBCELLULAR LOCATION: [Large ribosomal subunit protein eL40]: Cytoplasm {ECO:0000269|PubMed:39048817, ECO:0000269|PubMed:39103523}."
P63027,,"TRANSMEM 95..114; /note=""Helical; Anchor for type IV membrane protein""; /evidence=""ECO:0000255""","TOPO_DOM 2..94; /note=""Cytoplasmic""; /evidence=""ECO:0000255""; TOPO_DOM 115..116; /note=""Vesicular""; /evidence=""ECO:0000255""","SUBCELLULAR LOCATION: Cytoplasmic vesicle, secretory vesicle, synaptic vesicle membrane {ECO:0000269|PubMed:17313651}; Single-pass type IV membrane protein {ECO:0000255}. Cell membrane {ECO:0000250|UniProtKB:P63045}. Note=Colocalizes with PRKCZ and WDFY2 in intracellular vesicles (PubMed:17313651). {ECO:0000269|PubMed:17313651}."
P63244,,,,"SUBCELLULAR LOCATION: Cell membrane {ECO:0000269|PubMed:11312657, ECO:0000269|PubMed:17956333}; Peripheral membrane protein. Cytoplasm {ECO:0000269|PubMed:10849009, ECO:0000269|PubMed:11279199, ECO:0000269|PubMed:12958311, ECO:0000269|PubMed:19785988, ECO:0000269|PubMed:20499158, ECO:0000269|PubMed:20573744, ECO:0000269|PubMed:23636399, ECO:0000269|PubMed:29743600, ECO:0000269|PubMed:37712706}. Cytoplasm, perinuclear region {ECO:0000269|PubMed:11279199, ECO:0000269|PubMed:12958311}. Nucleus {ECO:0000269|PubMed:10849009}. Perikaryon {ECO:0000250|UniProtKB:P68040}. Cell projection, dendrite {ECO:0000250|UniProtKB:P68040}. Cell projection, phagocytic cup {ECO:0000269|PubMed:21347310}. Note=Recruited to the plasma membrane through interaction with KRT1 which binds to membrane-bound ITGB1 (PubMed:17956333). Also associated with the membrane in oncogene-transformed cells (PubMed:11884618). PKC activation induces translocation from the perinuclear region to the cell periphery (PubMed:11279199). In the brain, detected mainly in cell bodies and dendrites with little expression in axonal fibers or nuclei (By similarity). Localized to phagocytic cups following infection by Y.pestis (PubMed:21347310). {ECO:0000250|UniProtKB:P68040, ECO:0000269|PubMed:11279199, ECO:0000269|PubMed:11884618, ECO:0000269|PubMed:17956333, ECO:0000269|PubMed:21347310}."
P63261,,,,"SUBCELLULAR LOCATION: Cytoplasm, cytoskeleton {ECO:0000269|PubMed:28493397}."
P68371,,,,"SUBCELLULAR LOCATION: Cytoplasm, cytoskeleton {ECO:0000250|UniProtKB:P68372}. Cytoplasm, cytoskeleton, flagellum axoneme {ECO:0000250|UniProtKB:P68372}."
P78368,,,,"SUBCELLULAR LOCATION: Cytoplasm, cell cortex {ECO:0000269|PubMed:26481050}. Cytoplasm {ECO:0000269|PubMed:15077195, ECO:0000269|PubMed:26481050}."
P78381,,"TRANSMEM 3..23; /note=""Helical""; /evidence=""ECO:0000255""; TRANSMEM 37..57; /note=""Helical""; /evidence=""ECO:0000255""; TRANSMEM 65..85; /note=""Helical""; /evidence=""ECO:0000255""; TRANSMEM 97..117; /note=""Helical""; /evidence=""ECO:0000255""; TRANSMEM 140..160; /note=""Helical""; /evidence=""ECO:0000255""; TRANSMEM 169..189; /note=""Helical""; /evidence=""ECO:0000255""; TRANSMEM 200..220; /note=""Helical""; /evidence=""ECO:0000255""; TRANSMEM 238..258; /note=""Helical""; /evidence=""ECO:0000255""; TRANSMEM 269..289; /note=""Helical""; /evidence=""ECO:0000255""; TRANSMEM 315..335; /note=""Helical""; /evidence=""ECO:0000255""",,"SUBCELLULAR LOCATION: [Isoform 1]: Endoplasmic reticulum membrane {ECO:0000269|PubMed:15932921}. Golgi apparatus membrane {ECO:0000269|PubMed:15932921, ECO:0000269|PubMed:24115232, ECO:0000269|PubMed:28167211}; Multi-pass membrane protein {ECO:0000255}.; SUBCELLULAR LOCATION: [Isoform 2]: Golgi apparatus membrane {ECO:0000269|PubMed:15932921}."
P78527,,,,"SUBCELLULAR LOCATION: Nucleus {ECO:0000269|PubMed:12231622, ECO:0000269|PubMed:14734805, ECO:0000269|PubMed:15262962, ECO:0000269|PubMed:22002106}. Nucleus, nucleolus {ECO:0000269|PubMed:22002106, ECO:0000269|PubMed:32103174}. Cytoplasm, cytosol {ECO:0000269|PubMed:15262962}."
P84077,,,,"SUBCELLULAR LOCATION: Golgi apparatus membrane {ECO:0000269|PubMed:17555535}; Lipid-anchor {ECO:0000269|PubMed:17555535}; Cytoplasmic side {ECO:0000305}. Synapse, synaptosome {ECO:0000250|UniProtKB:P84079}. Postsynaptic density {ECO:0000250|UniProtKB:P84079}. Note=In the GDP-bound form, associates transiently with the membranes via its myristoylated N-terminus where guanine nucleotide-exchange factor (GEF)-mediated nucleotide exchange occurs (By similarity). Following nucleotide exchange, the GTP-bound form undergoes a conformational change, leading to the exposure of a myristoylated N-terminal amphipathic helix that provides stable membrane anchorage (By similarity). {ECO:0000250|UniProtKB:P84080}."
P98173,"SIGNAL 1..33; /evidence=""ECO:0000255""",,,SUBCELLULAR LOCATION: Secreted {ECO:0000305}.
Q00613,,,,"SUBCELLULAR LOCATION: Nucleus {ECO:0000269|PubMed:10413683, ECO:0000269|PubMed:10747973, ECO:0000269|PubMed:11447121, ECO:0000269|PubMed:11514557, ECO:0000269|PubMed:12665592, ECO:0000269|PubMed:12917326, ECO:0000269|PubMed:14707147, ECO:0000269|PubMed:15661742, ECO:0000269|PubMed:19229036, ECO:0000269|PubMed:21085490, ECO:0000269|PubMed:25963659, ECO:0000269|PubMed:26359349, ECO:0000269|PubMed:27189267, ECO:0000269|PubMed:27354066, ECO:0000269|PubMed:7623826, ECO:0000269|PubMed:8455624}. Cytoplasm {ECO:0000269|PubMed:10413683, ECO:0000269|PubMed:10747973, ECO:0000269|PubMed:12917326, ECO:0000269|PubMed:15661742, ECO:0000269|PubMed:21085490, ECO:0000269|PubMed:26159920, ECO:0000269|PubMed:26359349, ECO:0000269|PubMed:27354066, ECO:0000269|PubMed:7623826, ECO:0000269|PubMed:8455624}. Nucleus, nucleoplasm {ECO:0000269|PubMed:10359787}. Cytoplasm, perinuclear region {ECO:0000269|PubMed:21085490}. Cytoplasm, cytoskeleton, spindle pole {ECO:0000269|PubMed:18794143}. Cytoplasm, cytoskeleton, microtubule organizing center, centrosome {ECO:0000269|PubMed:18794143}. Chromosome, centromere, kinetochore {ECO:0000269|PubMed:18794143}. Note=The monomeric form is cytoplasmic in unstressed cells (PubMed:26159920, PubMed:8455624). Predominantly nuclear protein in both unstressed and heat shocked cells (PubMed:10359787, PubMed:10413683). Translocates in the nucleus upon heat shock (PubMed:8455624). Nucleocytoplasmic shuttling protein (PubMed:26159920). Colocalizes with IER5 in the nucleus (PubMed:27354066). Colocalizes with BAG3 to the nucleus upon heat stress (PubMed:26159920, PubMed:8455624). Localizes in subnuclear granules called nuclear stress bodies (nSBs) upon heat shock (PubMed:10359787, PubMed:10747973, PubMed:11447121, PubMed:11514557, PubMed:19229036, PubMed:24581496, PubMed:25963659). Colocalizes with SYMPK and SUMO1 in nSBs upon heat shock (PubMed:10359787, PubMed:11447121, PubMed:11514557, PubMed:12665592, PubMed:14707147). Colocalizes with PRKACA/PKA in the nucleus and nSBs upon heat shock (PubMed:21085490). Relocalizes from the nucleus to the cytoplasm during the attenuation and recovery phase period of the heat shock response (PubMed:26159920). Translocates in the cytoplasm in a YWHAE- and XPO1/CRM1-dependent manner (PubMed:12917326). Together with histone H2AX, redistributed in discrete nuclear DNA damage-induced foci after ionizing radiation (IR) (PubMed:26359349). Colocalizes with calcium-responsive transactivator SS18L1 at kinetochore region on the mitotic chromosomes (PubMed:18794143). Colocalizes with gamma tubulin at centrosome (PubMed:18794143). Localizes at spindle pole in metaphase (PubMed:18794143). Colocalizes with PLK1 at spindle poles during prometaphase (PubMed:18794143). {ECO:0000269|PubMed:10359787, ECO:0000269|PubMed:10413683, ECO:0000269|PubMed:10747973, ECO:0000269|PubMed:11447121, ECO:0000269|PubMed:11514557, ECO:0000269|PubMed:12665592, ECO:0000269|PubMed:12917326, ECO:0000269|PubMed:14707147, ECO:0000269|PubMed:18794143, ECO:0000269|PubMed:21085490, ECO:0000269|PubMed:24581496, ECO:0000269|PubMed:25963659, ECO:0000269|PubMed:26159920, ECO:0000269|PubMed:26359349, ECO:0000269|PubMed:27354066, ECO:0000269|PubMed:8455624}."
Q00765,,"TRANSMEM 35..51; /note=""Helical""; /evidence=""ECO:0000305|PubMed:32075961""; TRANSMEM 54..74; /note=""Helical""; /evidence=""ECO:0000305|PubMed:32075961""; TRANSMEM 85..103; /note=""Helical""; /evidence=""ECO:0000305|PubMed:32075961""; TRANSMEM 106..123; /note=""Helical""; /evidence=""ECO:0000305|PubMed:32075961""","TOPO_DOM 1..34; /note=""Cytoplasmic""; /evidence=""ECO:0000269|PubMed:32075961""; TOPO_DOM 52..53; /note=""Lumenal""; /evidence=""ECO:0000305|PubMed:32075961""; TOPO_DOM 75..84; /note=""Cytoplasmic""; /evidence=""ECO:0000305|PubMed:32075961""; TOPO_DOM 104..105; /note=""Lumenal""; /evidence=""ECO:0000305|PubMed:32075961""; TOPO_DOM 124..189; /note=""Cytoplasmic""; /evidence=""ECO:0000269|PubMed:32075961""","SUBCELLULAR LOCATION: Endoplasmic reticulum membrane {ECO:0000269|PubMed:23969831}; Multi-pass membrane protein {ECO:0000255}. Sarcoplasmic reticulum membrane {ECO:0000250|UniProtKB:Q60870}; Multi-pass membrane protein {ECO:0000255}. Note=Localizes to endoplasmic reticulum tubular network (PubMed:23969831). In cardiomyocytes, localizes to the junctional sarcoplasmic reticulum membrane which is closely tethered to the cell membrane and contractile machinery (By similarity). {ECO:0000250|UniProtKB:Q60870, ECO:0000269|PubMed:23969831}."
P61421,,,,"SUBCELLULAR LOCATION: Membrane {ECO:0000305|PubMed:21844891}; Peripheral membrane protein {ECO:0000305|PubMed:21844891}; Cytoplasmic side {ECO:0000305|PubMed:21844891}. Lysosome membrane {ECO:0000305|PubMed:22053050, ECO:0000305|PubMed:30374053}; Peripheral membrane protein {ECO:0000305}. Cytoplasmic vesicle, clathrin-coated vesicle membrane {ECO:0000250|UniProtKB:P61420}; Peripheral membrane protein {ECO:0000305}. Note=Localizes to centrosome and the base of the cilium. {ECO:0000250|UniProtKB:Q6PGV1}."
P62269,,,,SUBCELLULAR LOCATION: Cytoplasm {ECO:0000269|PubMed:23636399}.
P62330,,,,"SUBCELLULAR LOCATION: Cytoplasm, cytosol {ECO:0000269|PubMed:16737952, ECO:0000269|PubMed:23603394, ECO:0000269|PubMed:32103017, ECO:0000269|PubMed:36017701, ECO:0000269|PubMed:7589240}. Cell membrane {ECO:0000269|PubMed:16737952, ECO:0000269|PubMed:17398095, ECO:0000269|PubMed:17555535, ECO:0000269|PubMed:32103017, ECO:0000269|PubMed:36017701, ECO:0000269|PubMed:37417384}; Lipid-anchor {ECO:0000269|PubMed:32103017, ECO:0000269|PubMed:7589240}. Endosome membrane {ECO:0000269|PubMed:19948740, ECO:0000269|PubMed:20682791, ECO:0000269|PubMed:21951725}; Lipid-anchor {ECO:0000269|PubMed:32103017, ECO:0000269|PubMed:7589240}. Recycling endosome membrane {ECO:0000269|PubMed:21951725}; Lipid-anchor {ECO:0000269|PubMed:32103017, ECO:0000269|PubMed:7589240}. Cell projection, filopodium membrane {ECO:0000269|PubMed:14978216}; Lipid-anchor {ECO:0000269|PubMed:32103017, ECO:0000269|PubMed:7589240}. Cell projection, ruffle {ECO:0000269|PubMed:16737952}. Cleavage furrow {ECO:0000269|PubMed:23603394}. Midbody, Midbody ring {ECO:0000269|PubMed:23603394}. Early endosome membrane {ECO:0000250|UniProtKB:P62331}; Lipid-anchor {ECO:0000250|UniProtKB:P62331}. Golgi apparatus, trans-Golgi network membrane {ECO:0000250|UniProtKB:P62331}; Lipid-anchor {ECO:0000250|UniProtKB:P62331}. Note=Distributed uniformly on the plasma membrane, as well as throughout the cytoplasm during metaphase. Subsequently concentrated at patches in the equatorial region at the onset of cytokinesis, and becomes distributed in the equatorial region concurrent with cleavage furrow ingression. In late stages of cytokinesis, concentrates at the midbody ring/Flemming body (PubMed:23603394). Recruitment to the midbody ring requires both activation by PSD/EFA6A and interaction with KIF23/MKLP1 (PubMed:23603394). After abscission of the intercellular bridge, incorporated into one of the daughter cells as a midbody remnant and localizes to punctate structures beneath the plasma membrane (PubMed:23603394). Recruited to the cell membrane in association with CYTH2 and ARL4C (PubMed:17398095). Colocalizes with DAB2IP at the plasma membrane and endocytic vesicles (PubMed:19948740). Myristoylation is required for proper localization to membranes: myristoylation on Lys-3 allows ARF6 to remain on membranes during the GTPase cycle (PubMed:32103017, PubMed:7589240). {ECO:0000269|PubMed:17398095, ECO:0000269|PubMed:19948740, ECO:0000269|PubMed:23603394, ECO:0000269|PubMed:32103017, ECO:0000269|PubMed:7589240}."
P62487,,,,SUBCELLULAR LOCATION: Nucleus {ECO:0000269|PubMed:9852112}.
P62714,,,,"SUBCELLULAR LOCATION: Cytoplasm {ECO:0000269|PubMed:16541025}. Nucleus {ECO:0000269|PubMed:16541025}. Chromosome, centromere {ECO:0000269|PubMed:16541025}. Cytoplasm, cytoskeleton, spindle pole {ECO:0000269|PubMed:16541025}. Note=In prometaphase cells, but not in anaphase cells, localizes at centromeres. During mitosis, also found at spindle poles."
P62851,,,,SUBCELLULAR LOCATION: Cytoplasm {ECO:0000269|PubMed:23636399}.
P62861,,,,SUBCELLULAR LOCATION: [Small ribosomal subunit protein eS30]: Cytoplasm {ECO:0000269|PubMed:23636399}. Nucleus {ECO:0000269|PubMed:34318747}.
P62906,,,,SUBCELLULAR LOCATION: Cytoplasm {ECO:0000269|PubMed:23636399}.
P62993,,,,"SUBCELLULAR LOCATION: Nucleus {ECO:0000269|PubMed:21179510, ECO:0000269|PubMed:37328606}. Cytoplasm {ECO:0000269|PubMed:21179510, ECO:0000269|PubMed:30282717, ECO:0000269|PubMed:37328606}. Endosome {ECO:0000269|PubMed:21179510}. Golgi apparatus {ECO:0000250|UniProtKB:Q60631}."
P63167,,,,"SUBCELLULAR LOCATION: Cytoplasm, cytoskeleton, microtubule organizing center, centrosome {ECO:0000269|PubMed:14654843}. Chromosome {ECO:0000269|PubMed:37696958}. Cytoplasm, cytoskeleton {ECO:0000269|PubMed:20921139}. Nucleus {ECO:0000269|PubMed:15891768}. Mitochondrion {ECO:0000269|PubMed:18084006}. Note=Upon induction of apoptosis translocates together with BCL2L11 to mitochondria (PubMed:18084006). Recruited to DNA double-strand breaks (DSBs) by TP53BP1 when phosphorylated at Ser-88 (PubMed:37696958). {ECO:0000269|PubMed:18084006, ECO:0000269|PubMed:37696958}."
P84095,,,,SUBCELLULAR LOCATION: Cell membrane {ECO:0000305}; Lipid-anchor {ECO:0000305}; Cytoplasmic side {ECO:0000305}.
P84098,,,,SUBCELLULAR LOCATION: Cytoplasm {ECO:0000269|PubMed:23636399}.
Q00839,,,,"SUBCELLULAR LOCATION: Nucleus {ECO:0000269|PubMed:10671544, ECO:0000269|PubMed:11003645, ECO:0000269|PubMed:1324173, ECO:0000269|PubMed:14608463, ECO:0000269|PubMed:15563465, ECO:0000269|PubMed:19617346, ECO:0000269|PubMed:21242313, ECO:0000269|PubMed:8174554, ECO:0000269|PubMed:9353307, ECO:0000269|PubMed:9405365}. Nucleus matrix {ECO:0000269|PubMed:1324173, ECO:0000269|PubMed:14608463, ECO:0000269|PubMed:8174554}. Chromosome {ECO:0000269|PubMed:11003645, ECO:0000269|PubMed:14608463, ECO:0000269|PubMed:15563465}. Nucleus speckle {ECO:0000269|PubMed:9353307}. Cytoplasm, cytoskeleton, microtubule organizing center, centrosome {ECO:0000269|PubMed:14654843, ECO:0000269|PubMed:25986610}. Chromosome, centromere, kinetochore {ECO:0000269|PubMed:21242313}. Cytoplasm, cytoskeleton, spindle {ECO:0000269|PubMed:21242313, ECO:0000269|PubMed:25986610}. Cytoplasm, cytoskeleton, spindle pole {ECO:0000269|PubMed:21242313}. Midbody {ECO:0000269|PubMed:25986610}. Cytoplasm {ECO:0000269|PubMed:19029303}. Cell surface {ECO:0000269|PubMed:7993898}. Cytoplasmic granule {ECO:0000269|PubMed:17289661}. Note=Localizes at inactive X chromosome (Xi) regions (PubMed:11003645, PubMed:14608463, PubMed:15563465). Localizes in the nucleus during interphase (PubMed:21242313). At metaphase, localizes with mitotic spindle microtubules (MTs) (PubMed:21242313). At anaphase, localizes in the mitotic spindle midzone (PubMed:21242313). Localizes in spindle MTs proximal to spindle poles in a TPX2- and AURKA-dependent manner (PubMed:21242313). The Ser-59 phosphorylated form localizes to centrosomes during prophase and metaphase, to mitotic spindles in anaphase and to the midbody during cytokinesis (PubMed:25986610). Colocalizes with SMARCA4 in the nucleus (By similarity). Colocalizes with CBX5 in the nucleus (PubMed:19617346). Colocalizes with NR3C1 in nuclear speckles (PubMed:9353307). Localized in cytoplasmic ribonucleoprotein (RNP) granules containing untranslated mRNAs (PubMed:17289661). {ECO:0000250|UniProtKB:Q8VEK3, ECO:0000269|PubMed:11003645, ECO:0000269|PubMed:14608463, ECO:0000269|PubMed:15563465, ECO:0000269|PubMed:17289661, ECO:0000269|PubMed:19617346, ECO:0000269|PubMed:21242313, ECO:0000269|PubMed:25986610, ECO:0000269|PubMed:9353307}."
P61586,,,,"SUBCELLULAR LOCATION: Cell membrane; Lipid-anchor; Cytoplasmic side. Cytoplasm, cytoskeleton. Cleavage furrow. Cytoplasm, cell cortex {ECO:0000269|PubMed:9635436}. Midbody. Cell projection, lamellipodium {ECO:0000250|UniProtKB:Q9QUI0}. Cell projection, dendrite {ECO:0000250|UniProtKB:Q9QUI0}. Nucleus {ECO:0000269|PubMed:12551911}. Cytoplasm {ECO:0000269|PubMed:23871831}. Note=Localized to cell-cell contacts in calcium-treated keratinocytes (By similarity). Translocates to the equatorial region before furrow formation in a ECT2-dependent manner. Localizes to the equatorial cell cortex (at the site of the presumptive furrow) in early anaphase in an activated form and in a myosin- and actin-independent manner. Colocalizes with KANK1 at the contractile ring. Colocalizes with DAAM1 and KANK1 around centrosomes. {ECO:0000250|UniProtKB:Q9QUI0}."
P62913,,,,"SUBCELLULAR LOCATION: Nucleus, nucleolus {ECO:0000269|PubMed:27829214}. Cytoplasm {ECO:0000250|UniProtKB:Q9CXW4}."
P67775,,,,"SUBCELLULAR LOCATION: Cytoplasm {ECO:0000269|PubMed:16541025, ECO:0000269|PubMed:39032490}. Nucleus {ECO:0000269|PubMed:16541025, ECO:0000269|PubMed:33243860, ECO:0000269|PubMed:34004147, ECO:0000269|PubMed:39032490}. Chromosome {ECO:0000269|PubMed:33243860, ECO:0000269|PubMed:34004147}. Chromosome, centromere {ECO:0000269|PubMed:16541025}. Cytoplasm, cytoskeleton, spindle pole {ECO:0000269|PubMed:16541025}. Note=In prometaphase cells, but not in anaphase cells, localizes at centromeres (PubMed:16541025). During mitosis, also found at spindle poles (PubMed:16541025). Centromeric localization requires the presence of SGO2 (By similarity). Recruited to chromatin and transcription pause-release checkpoint via its association with the Integrator complex (PubMed:33243860, PubMed:34004147). {ECO:0000250|UniProtKB:P63330, ECO:0000269|PubMed:16541025, ECO:0000269|PubMed:33243860, ECO:0000269|PubMed:34004147}."
P78346,,,,"SUBCELLULAR LOCATION: Nucleus, nucleolus {ECO:0000305}."
P78348,,"TRANSMEM 50..66; /note=""Helical""; /evidence=""ECO:0000305|PubMed:34319232, ECO:0007744|PDB:7RNN""; TRANSMEM 428..458; /note=""Discontinuously helical""; /evidence=""ECO:0000305|PubMed:34319232, ECO:0007744|PDB:7RNN""","TOPO_DOM 1..49; /note=""Cytoplasmic""; /evidence=""ECO:0000269|PubMed:34319232, ECO:0007744|PDB:7RNN""; TOPO_DOM 67..427; /note=""Extracellular""; /evidence=""ECO:0000269|PubMed:34319232, ECO:0007744|PDB:7RNN""; TOPO_DOM 459..528; /note=""Cytoplasmic""; /evidence=""ECO:0000269|PubMed:34319232, ECO:0007744|PDB:7RNN""","SUBCELLULAR LOCATION: Cell membrane {ECO:0000269|PubMed:12578970, ECO:0000269|PubMed:21036899}; Multi-pass membrane protein {ECO:0000269|PubMed:32915133, ECO:0000269|PubMed:34319232}. Postsynaptic cell membrane {ECO:0000250|UniProtKB:Q6NXK8}. Cell projection, dendrite {ECO:0000250|UniProtKB:Q6NXK8}. Note=Isolated in synaptosomes from the dendritic synapses of neurons. {ECO:0000250|UniProtKB:Q6NXK8}.; SUBCELLULAR LOCATION: [Isoform Asic1a]: Cell membrane {ECO:0000250|UniProtKB:P55926}; Multi-pass membrane protein {ECO:0000255}."
P78362,,,,"SUBCELLULAR LOCATION: Cytoplasm {ECO:0000269|PubMed:21056976, ECO:0000269|PubMed:21157427, ECO:0000269|PubMed:28076779, ECO:0000269|PubMed:9472028}. Nucleus, nucleoplasm {ECO:0000269|PubMed:21157427, ECO:0000269|PubMed:28076779, ECO:0000269|PubMed:9472028}. Nucleus speckle {ECO:0000269|PubMed:28076779, ECO:0000269|PubMed:9472028}. Chromosome {ECO:0000269|PubMed:28076779}. Note=Shuttles between the nucleus and the cytoplasm (PubMed:19592491, PubMed:21056976, PubMed:21157427). KAT5/TIP60 inhibits its nuclear translocation (PubMed:21157427). Phosphorylation at Thr-492 by PKB/AKT1 promotes nuclear translocation (PubMed:19592491). Preferentially localizes across the entire gene coding region (PubMed:28076779). During transcription, accumulates at chromatin loci where unscheduled R-loops form and colocalizes with paused 'Ser-5'-phosphorylated POLR2A/RNA polymerase II and helicase DDX23 (PubMed:28076779). {ECO:0000269|PubMed:19592491, ECO:0000269|PubMed:21056976, ECO:0000269|PubMed:21157427, ECO:0000269|PubMed:28076779}."
P84085,,,,"SUBCELLULAR LOCATION: Cell membrane {ECO:0000269|PubMed:36735494}. Golgi apparatus {ECO:0000269|PubMed:17555535, ECO:0000269|PubMed:41293316}. Cytoplasm, perinuclear region {ECO:0000269|PubMed:17555535}. Lysosome membrane {ECO:0000269|PubMed:41293316}; Lipid-anchor {ECO:0000305}. Golgi apparatus, trans-Golgi network membrane {ECO:0000269|PubMed:36735494}; Lipid-anchor {ECO:0000250|UniProtKB:P84084}."
P98179,,,,"SUBCELLULAR LOCATION: Nucleus {ECO:0000250}. Cytoplasm {ECO:0000250}. Cell projection, dendrite {ECO:0000250}. Note=Localizes in mRNA granules in dentrites. {ECO:0000250}."
P78332,,,,SUBCELLULAR LOCATION: Nucleus {ECO:0000305}.
P78356,,,,SUBCELLULAR LOCATION: Endoplasmic reticulum membrane {ECO:0000250}; Peripheral membrane protein {ECO:0000250}. Cell membrane {ECO:0000250}; Peripheral membrane protein {ECO:0000250}. Nucleus {ECO:0000269|PubMed:20583997}. Cytoplasm {ECO:0000269|PubMed:20583997}. Note=Associated with the plasma membrane and the endoplasmic reticulum. {ECO:0000250}.
Q00610,,,,"SUBCELLULAR LOCATION: Cytoplasmic vesicle membrane {ECO:0000269|PubMed:17081065}; Peripheral membrane protein {ECO:0000269|PubMed:17081065}; Cytoplasmic side {ECO:0000269|PubMed:17081065}. Membrane, coated pit {ECO:0000269|PubMed:17081065}; Peripheral membrane protein {ECO:0000269|PubMed:17081065}; Cytoplasmic side {ECO:0000269|PubMed:17081065}. Melanosome {ECO:0000269|PubMed:17081065}. Cytoplasm, cytoskeleton, spindle {ECO:0000269|PubMed:15858577, ECO:0000269|PubMed:16968737, ECO:0000269|PubMed:23918938}. Note=Cytoplasmic face of coated pits and vesicles. Identified by mass spectrometry in melanosome fractions from stage I to stage IV. In complex with TACC3 and CKAP5 (forming the TACC3/ch-TOG/clathrin complex) localized to inter-microtubule bridges in mitotic spindles. {ECO:0000269|PubMed:25596274}."
P61289,,,,"SUBCELLULAR LOCATION: Nucleus {ECO:0000269|PubMed:10657252, ECO:0000269|PubMed:12629132}. Cytoplasm {ECO:0000250}. Note=Localizes to the cytoplasm during mitosis following nuclear envelope breakdown at this distinct stage of the cell cycle which allows its interaction with MAP3K3 kinase. {ECO:0000250}."
P62070,,,,"SUBCELLULAR LOCATION: Cell membrane {ECO:0000269|PubMed:28406396, ECO:0000269|PubMed:31130282}; Lipid-anchor {ECO:0000269|PubMed:15308774, ECO:0000269|PubMed:28406396}; Cytoplasmic side. Golgi apparatus membrane {ECO:0000269|PubMed:31130282}; Lipid-anchor {ECO:0000269|PubMed:15308774}."
P62491,,,,"SUBCELLULAR LOCATION: Cell membrane {ECO:0000269|PubMed:15304524}; Lipid-anchor {ECO:0000305|PubMed:24023390}. Endosome membrane {ECO:0000269|PubMed:32344433}; Lipid-anchor {ECO:0000305|PubMed:24023390}. Recycling endosome membrane {ECO:0000269|PubMed:11994279, ECO:0000269|PubMed:15181150, ECO:0000269|PubMed:20026645, ECO:0000269|PubMed:29514919}; Lipid-anchor {ECO:0000305|PubMed:24023390}. Cleavage furrow {ECO:0000269|PubMed:15601896}. Cytoplasmic vesicle, phagosome membrane {ECO:0000269|PubMed:21255211}; Lipid-anchor {ECO:0000305|PubMed:24023390}. Golgi apparatus membrane {ECO:0000269|PubMed:25673879}; Lipid-anchor {ECO:0000305|PubMed:24023390}. Golgi apparatus, trans-Golgi network {ECO:0000269|PubMed:25673879}. Cytoplasmic vesicle membrane {ECO:0000269|PubMed:26032412, ECO:0000269|PubMed:30217979}; Lipid-anchor {ECO:0000305|PubMed:24023390}. Cell projection, cilium {ECO:0000269|PubMed:29514088}. Note=Localized to WDR44-positive endosomes and tubules (PubMed:32344433). Translocates with RAB11FIP2 from the vesicles of the endocytic recycling compartment (ERC) to the plasma membrane (PubMed:11994279). During interphase, localized in vesicles continuously moving from peripheral sorting endosomes towards the pericentrosomal ERC (PubMed:20026645). Localizes to the cleavage furrow (PubMed:15601896). Colocalizes with PARD3, PRKCI, EXOC5, OCLN, PODXL and RAB8A in apical membrane initiation sites (AMIS) during the generation of apical surface and lumenogenesis (PubMed:20890297). Recruited to phagosomes containing S.aureus or M.tuberculosis (PubMed:21255211). Localized to rhodopsin transport carriers when interacting with RAB11AFIP3 and ASAP1 in photoreceptors (PubMed:25673879). Colocalizes with RAB11AFIP1 on punctate vesicles (PubMed:26032412). {ECO:0000269|PubMed:11994279, ECO:0000269|PubMed:15601896, ECO:0000269|PubMed:20026645, ECO:0000269|PubMed:20890297, ECO:0000269|PubMed:21255211, ECO:0000269|PubMed:25673879, ECO:0000269|PubMed:26032412, ECO:0000269|PubMed:32344433}."
P62820,,,,"SUBCELLULAR LOCATION: Golgi apparatus {ECO:0000269|PubMed:22939626}. Endoplasmic reticulum {ECO:0000269|PubMed:22939626}. Early endosome {ECO:0000269|PubMed:21303926}. Cytoplasm, cytosol {ECO:0000305|PubMed:19942850}. Membrane {ECO:0000269|PubMed:19942850, ECO:0000269|PubMed:23815289}. Melanosome {ECO:0000250|UniProtKB:P62821}. Note=Alternates between membrane-associated and cytosolic forms. {ECO:0000305|PubMed:19942850}."
P63000,,,,"SUBCELLULAR LOCATION: Cell membrane {ECO:0000269|PubMed:1643658, ECO:0000269|PubMed:22843693, ECO:0000269|PubMed:29074776}; Lipid-anchor {ECO:0000269|PubMed:1903399}; Cytoplasmic side {ECO:0000269|PubMed:1643658, ECO:0000269|PubMed:19948726}. Melanosome {ECO:0000269|PubMed:17081065, ECO:0000269|PubMed:19948726, ECO:0000269|PubMed:21693584}. Cytoplasm {ECO:0000269|PubMed:19948726, ECO:0000269|PubMed:29074776}. Cell projection, lamellipodium {ECO:0000250|UniProtKB:P63001}. Cell projection, dendrite {ECO:0000250|UniProtKB:P63001}. Synapse {ECO:0000250|UniProtKB:Q6RUV5}. Nucleus {ECO:0000269|PubMed:12551911}. Cell projection, ruffle membrane {ECO:0000269|PubMed:11084340}. Note=Inner surface of plasma membrane possibly with attachment requiring prenylation of the C-terminal cysteine (PubMed:1903399). Identified by mass spectrometry in melanosome fractions from stage I to stage IV (PubMed:17081065). Found in the ruffled border (a late endosomal-like compartment in the plasma membrane) of bone-resorbing osteoclasts. Localizes to the lamellipodium in a SH3RF1-dependent manner (By similarity). In macrophages, cytoplasmic location increases upon CSF1 stimulation (By similarity). Activation by GTP-binding promotes nuclear localization (PubMed:12551911). {ECO:0000250|UniProtKB:P63001, ECO:0000250|UniProtKB:Q6RUV5, ECO:0000269|PubMed:12551911, ECO:0000269|PubMed:17081065, ECO:0000269|PubMed:1903399}."
P63010,,,,"SUBCELLULAR LOCATION: Cell membrane {ECO:0000269|PubMed:14530274}. Membrane, coated pit {ECO:0000269|PubMed:14530274}; Peripheral membrane protein {ECO:0000269|PubMed:14530274}; Cytoplasmic side {ECO:0000269|PubMed:14530274}. Note=AP-2 appears to be excluded from internalizing CCVs and to disengage from sites of endocytosis seconds before internalization of the nascent CCV."
P78371,,,,SUBCELLULAR LOCATION: Cytoplasm {ECO:0000269|PubMed:20080638}.
Q00653,,,,"SUBCELLULAR LOCATION: Nucleus. Cytoplasm. Note=Nuclear, but also found in the cytoplasm in an inactive form complexed to an inhibitor (I-kappa-B)."
P68400,,,,"SUBCELLULAR LOCATION: Nucleus {ECO:0000269|PubMed:23123191, ECO:0000269|PubMed:24962073}."
P62195,,,,SUBCELLULAR LOCATION: Cytoplasm {ECO:0000305}. Nucleus {ECO:0000305}.
P61923,,,,"SUBCELLULAR LOCATION: Cytoplasm {ECO:0000250}. Golgi apparatus membrane {ECO:0000250}; Peripheral membrane protein {ECO:0000250}; Cytoplasmic side {ECO:0000250}. Cytoplasmic vesicle, COPI-coated vesicle membrane {ECO:0000250}; Peripheral membrane protein {ECO:0000250}; Cytoplasmic side {ECO:0000250}. Note=The coatomer is cytoplasmic or polymerized on the cytoplasmic side of the Golgi, as well as on the vesicles/buds originating from it. {ECO:0000250}."
P85298,,,,
P82970,,,,SUBCELLULAR LOCATION: Nucleus {ECO:0000269|PubMed:11161810}. Note=Associates with nucleosomes in euchromatin and is largely excluded from constitutive heterochromatin. {ECO:0000250}.
P86791,,,,SUBCELLULAR LOCATION: Lysosome membrane {ECO:0000269|PubMed:17897319}.
Q01581,,,,SUBCELLULAR LOCATION: Cytoplasm {ECO:0000305|PubMed:1358203}.
Q01968,,,,"SUBCELLULAR LOCATION: Cytoplasmic vesicle, phagosome membrane {ECO:0000250|UniProtKB:D3ZGS3}. Early endosome membrane {ECO:0000269|PubMed:21971085, ECO:0000269|PubMed:25869668}. Membrane, clathrin-coated pit {ECO:0000269|PubMed:25869668}. Cell projection, cilium, photoreceptor outer segment {ECO:0000269|PubMed:22543976}. Cell projection, cilium {ECO:0000269|PubMed:22543976}. Cytoplasmic vesicle {ECO:0000250|UniProtKB:D3ZGS3}. Endosome {ECO:0000269|PubMed:21971085, ECO:0000269|PubMed:25869668}. Golgi apparatus, trans-Golgi network {ECO:0000250|UniProtKB:D3ZGS3}. Lysosome {ECO:0000269|PubMed:9430698}. Note=Also found on macropinosomes (PubMed:25869668). Colocalized with APPL1 on phagosomes (PubMed:22072788). {ECO:0000269|PubMed:22072788, ECO:0000269|PubMed:25869668}."
Q07065,,"TRANSMEM 107..127; /note=""Helical""; /evidence=""ECO:0000255""","TOPO_DOM 1..106; /note=""Cytoplasmic""; /evidence=""ECO:0000255""; TOPO_DOM 128..602; /note=""Extracellular""; /evidence=""ECO:0000255""","SUBCELLULAR LOCATION: Endoplasmic reticulum membrane {ECO:0000269|PubMed:18296695, ECO:0000269|PubMed:19144824}; Single-pass type II membrane protein. Cell membrane {ECO:0000269|PubMed:18296695, ECO:0000269|PubMed:19144824}; Single-pass type II membrane protein. Cytoplasm, cytoskeleton. Cytoplasm, perinuclear region. Note=Translocates to the perinuclear region upon APF-stimulation."
Q08945,,,,"SUBCELLULAR LOCATION: Nucleus {ECO:0000269|PubMed:10421373, ECO:0000269|PubMed:22002106}. Nucleus, nucleolus {ECO:0000269|PubMed:22002106}. Chromosome {ECO:0000269|PubMed:10421373}. Note=Colocalizes with RNA polymerase II on chromatin. Recruited to actively transcribed loci. {ECO:0000250|UniProtKB:Q05344}."
Q08AM6,,,,"SUBCELLULAR LOCATION: Endosome membrane {ECO:0000269|PubMed:15542851, ECO:0000269|PubMed:17556371}. Microsome membrane {ECO:0000250|UniProtKB:Q80W92}. Note=Mainly associated with membranes of the late endocytic pathway."
Q0VDF9,,,,"SUBCELLULAR LOCATION: Cytoplasm, cytosol {ECO:0000269|PubMed:16002468}."
Q12965,,,,"SUBCELLULAR LOCATION: Cytoplasm {ECO:0000250|UniProtKB:E9Q634}. Cytoplasm, cytoskeleton {ECO:0000250|UniProtKB:E9Q634}. Cytoplasmic vesicle {ECO:0000250|UniProtKB:E9Q634}. Cytoplasmic vesicle, clathrin-coated vesicle {ECO:0000269|PubMed:36316095}. Cell junction {ECO:0000269|PubMed:36316095}. Note=Colocalizes with F-actin (By similarity). In cultured podocytes, it localizes close to and is associated with the cytoplasmic membrane, with enrichment at the lamellipodia tips. Colocalizes with cytoplasmic vesicles, including endocytic clathrin-coated vesicles. Colocalizes with dynamin at cytoplasmic vesicles. {ECO:0000250}."
Q13043,,,,SUBCELLULAR LOCATION: Cytoplasm. Nucleus. Note=The caspase-cleaved form cycles between the nucleus and cytoplasm.
Q13177,,,,"SUBCELLULAR LOCATION: [Serine/threonine-protein kinase PAK 2]: Cytoplasm {ECO:0000269|PubMed:19923322, ECO:0000269|PubMed:21555521}. Nucleus {ECO:0000269|PubMed:12853446, ECO:0000269|PubMed:21555521}. Note=MYO18A mediates the cellular distribution of the PAK2-ARHGEF7-GIT1 complex to the inner surface of the cell membrane. {ECO:0000269|PubMed:19923322}.; SUBCELLULAR LOCATION: [PAK-2p34]: Nucleus {ECO:0000269|PubMed:12853446}. Cytoplasm, perinuclear region {ECO:0000269|PubMed:15471851}. Membrane {ECO:0000269|PubMed:16617111}; Lipid-anchor {ECO:0000269|PubMed:16617111}. Note=Interaction with ARHGAP10 probably changes PAK-2p34 location to cytoplasmic perinuclear region (PubMed:15471851). Myristoylation changes PAK-2p34 location to the membrane (PubMed:16617111). {ECO:0000269|PubMed:15471851, ECO:0000269|PubMed:16617111}."
Q13263,,,,"SUBCELLULAR LOCATION: Nucleus {ECO:0000269|PubMed:10330177, ECO:0000269|PubMed:17178852, ECO:0000269|PubMed:20858735, ECO:0000269|PubMed:23665872, ECO:0000269|PubMed:24741090, ECO:0000269|PubMed:25593309, ECO:0000269|PubMed:41109928, ECO:0000269|PubMed:9016654}. Note=Associated with centromeric heterochromatin during cell differentiation through CBX1 (By similarity). Localizes to sites of DNA damage (PubMed:25593309). {ECO:0000250|UniProtKB:Q62318, ECO:0000269|PubMed:25593309}."
Q13277,,"TRANSMEM 264..284; /note=""Helical; Anchor for type IV membrane protein""; /evidence=""ECO:0000255""","TOPO_DOM 1..263; /note=""Cytoplasmic""; /evidence=""ECO:0000255""; TOPO_DOM 285..289; /note=""Extracellular""; /evidence=""ECO:0000255""","SUBCELLULAR LOCATION: [Isoform A]: Apical cell membrane {ECO:0000269|PubMed:24726755}; Single-pass type IV membrane protein {ECO:0000305}. Note=Localized to the inner and outer plexiform layers, the cell body and the inner segments of photoreceptors. {ECO:0000250|UniProtKB:Q64704}.; SUBCELLULAR LOCATION: [Isoform 3]: Nucleus {ECO:0000269|PubMed:29475951}."
Q13435,,,,"SUBCELLULAR LOCATION: Nucleus {ECO:0000269|PubMed:27720643, ECO:0000269|PubMed:28541300}. Nucleus speckle {ECO:0000269|PubMed:16923959}."
Q00973,,"TRANSMEM 8..25; /note=""Helical; Signal-anchor for type II membrane protein""; /evidence=""ECO:0000255""","TOPO_DOM 1..7; /note=""Cytoplasmic""; /evidence=""ECO:0000255""; TOPO_DOM 26..533; /note=""Lumenal""; /evidence=""ECO:0000255""",SUBCELLULAR LOCATION: Golgi apparatus membrane {ECO:0000250|UniProtKB:Q10468}; Single-pass type II membrane protein {ECO:0000255}.
Q02750,,,,"SUBCELLULAR LOCATION: Cytoplasm, cytoskeleton, microtubule organizing center, centrosome {ECO:0000269|PubMed:14737111}. Cytoplasm, cytoskeleton, microtubule organizing center, spindle pole body {ECO:0000269|PubMed:14737111}. Cytoplasm {ECO:0000269|PubMed:10409742, ECO:0000269|PubMed:17101779}. Nucleus {ECO:0000269|PubMed:17101779}. Membrane {ECO:0000269|PubMed:10409742}; Peripheral membrane protein {ECO:0000269|PubMed:10409742}. Note=Localizes at centrosomes during prometaphase, midzone during anaphase and midbody during telophase/cytokinesis (PubMed:14737111). Membrane localization is probably regulated by its interaction with KSR1 (PubMed:10409742). {ECO:0000269|PubMed:10409742, ECO:0000269|PubMed:14737111}."
Q02952,,,,"SUBCELLULAR LOCATION: Cytoplasm, cell cortex {ECO:0000305}. Cytoplasm, cytoskeleton {ECO:0000305}. Membrane {ECO:0000305}; Lipid-anchor {ECO:0000305}. Note=May be part of the cortical cytoskeleton."
Q03426,,,,SUBCELLULAR LOCATION: Cytoplasm {ECO:0000269|PubMed:14730012}. Peroxisome {ECO:0000250|UniProtKB:P17256}.
Q04206,,,,"SUBCELLULAR LOCATION: Nucleus {ECO:0000269|PubMed:1493333, ECO:0000269|PubMed:15799966, ECO:0000269|PubMed:19058135, ECO:0000269|PubMed:20547752, ECO:0000269|PubMed:25355951, ECO:0000269|PubMed:40529355}. Cytoplasm {ECO:0000269|PubMed:1493333, ECO:0000269|PubMed:19058135, ECO:0000269|PubMed:20547752, ECO:0000269|PubMed:24807716, ECO:0000269|PubMed:27736973}. Note=Nuclear, but also found in the cytoplasm in an inactive form complexed to an inhibitor (I-kappa-B) (PubMed:1493333). Colocalized with DDX1 in the nucleus upon TNF induction (PubMed:19058135). Colocalizes with GFI1 in the nucleus after LPS stimulation (PubMed:20547752). Translocation to the nucleus is impaired in L.monocytogenes infection (PubMed:20855622). {ECO:0000269|PubMed:1493333, ECO:0000269|PubMed:19058135, ECO:0000269|PubMed:20547752, ECO:0000269|PubMed:20855622}."
Q05397,,,,"SUBCELLULAR LOCATION: Cell junction, focal adhesion {ECO:0000269|PubMed:10655584, ECO:0000269|PubMed:15855171, ECO:0000269|PubMed:18206965, ECO:0000269|PubMed:18256281, ECO:0000269|PubMed:31630787}. Cell membrane {ECO:0000250|UniProtKB:Q00944}; Peripheral membrane protein {ECO:0000250|UniProtKB:Q00944}; Cytoplasmic side {ECO:0000250|UniProtKB:Q00944}. Cytoplasm, perinuclear region {ECO:0000269|PubMed:15855171}. Cytoplasm, cell cortex. Cytoplasm, cytoskeleton {ECO:0000250|UniProtKB:O35346}. Cytoplasm, cytoskeleton, microtubule organizing center, centrosome {ECO:0000250}. Nucleus {ECO:0000269|PubMed:15855171, ECO:0000269|PubMed:18206965}. Cytoplasm, cytoskeleton, cilium basal body {ECO:0000269|PubMed:31630787}. Cytoplasm {ECO:0000269|PubMed:15855171, ECO:0000269|PubMed:18078954, ECO:0000269|PubMed:18206965, ECO:0000269|PubMed:18256281}. Note=Constituent of focal adhesions. Detected at microtubules. {ECO:0000250|UniProtKB:P34152}."
Q07157,,,,"SUBCELLULAR LOCATION: Cell membrane {ECO:0000269|PubMed:7798316}; Peripheral membrane protein {ECO:0000269|PubMed:7798316}; Cytoplasmic side {ECO:0000269|PubMed:7798316}. Cell junction, tight junction {ECO:0000269|PubMed:7798316}. Cell junction {ECO:0000269|PubMed:28169360}. Cell junction, gap junction. Cell projection, podosome {ECO:0000269|PubMed:20930113}. Note=Moves from the cytoplasm to the cell membrane concurrently with cell-cell contact (PubMed:7798316). Forms a condensed tight junction-linked belt of protein during junction formation which becomes anchored to the apical cell membrane via interaction with PATJ (By similarity). At podosomal sites, is predominantly localized in the ring structure surrounding the actin core (PubMed:20930113). Colocalizes with SPEF1 at sites of cell-cell contact in intestinal epithelial cells (PubMed:31473225). {ECO:0000250|UniProtKB:O97758, ECO:0000269|PubMed:20930113, ECO:0000269|PubMed:31473225, ECO:0000269|PubMed:7798316}."
Q0VDD8,,,,"SUBCELLULAR LOCATION: Cytoplasm, cytoskeleton, cilium axoneme {ECO:0000305}."
Q12905,,,,"SUBCELLULAR LOCATION: Nucleus, nucleolus. Cytoplasm {ECO:0000269|PubMed:31212927, ECO:0000269|PubMed:31878072}. Nucleus {ECO:0000269|PubMed:31878072}. Note=Localized in cytoplasmic mRNP granules containing untranslated mRNAs."
Q12906,,,,"SUBCELLULAR LOCATION: Nucleus, nucleolus {ECO:0000269|PubMed:26240280}. Cytoplasm {ECO:0000269|PubMed:28625552}. Nucleus {ECO:0000269|PubMed:10749851, ECO:0000269|PubMed:26240280, ECO:0000269|PubMed:28625552}. Note=Localizes in the cytoplasm in response to viral infection. The unphosphorylated form is retained in the nucleus by ILF2. Phosphorylation at Thr-188 and Thr-315 causes the dissociation of ILF2 from the ILF2-ILF3 complex resulting in a cytoplasmic sequestration of ILF3. Localized in cytoplasmic mRNP granules containing untranslated mRNAs. {ECO:0000269|PubMed:21123651}."
Q13009,,,,"SUBCELLULAR LOCATION: Cell junction. Cell membrane; Peripheral membrane protein; Cytoplasmic side. Note=Detected at the boundary between cells with actin-rich protrusions (By similarity). Presence of KRIT1, CDH5 and RAP1B is required for its localization to the cell junction. {ECO:0000250}."
Q13153,,,,"SUBCELLULAR LOCATION: Cytoplasm {ECO:0000269|PubMed:11896197, ECO:0000269|PubMed:23260667, ECO:0000269|PubMed:25766321}. Cell junction, focal adhesion {ECO:0000269|PubMed:11896197, ECO:0000269|PubMed:25766321}. Cell projection, lamellipodium {ECO:0000269|PubMed:11896197}. Cell membrane {ECO:0000269|PubMed:25766321}. Cell projection, ruffle membrane {ECO:0000269|PubMed:25766321}. Cell projection, invadopodium {ECO:0000269|PubMed:25766321}. Nucleus, nucleoplasm {ECO:0000269|PubMed:23260667}. Chromosome {ECO:0000269|PubMed:23260667}. Cytoplasm, cytoskeleton, microtubule organizing center, centrosome {ECO:0000269|PubMed:27012601}. Note=Colocalizes with RUFY3, F-actin and other core migration components in invadopodia at the cell periphery (PubMed:25766321). Recruited to the cell membrane by interaction with CDC42 and RAC1. Recruited to focal adhesions upon activation. Colocalized with CIB1 within membrane ruffles during cell spreading upon readhesion to fibronectin. Upon DNA damage, translocates to the nucleoplasm when phosphorylated at Thr-212 where is co-recruited with MORC2 on damaged chromatin (PubMed:23260667). Localization to the centrosome does not depend upon the presence of gamma-tubulin (PubMed:27012601). Localization of the active, but not inactive, protein to the adhesions and edge of lamellipodia is mediated by interaction with GIT1 (PubMed:11896197). {ECO:0000250|UniProtKB:P35465, ECO:0000269|PubMed:11896197, ECO:0000269|PubMed:23260667, ECO:0000269|PubMed:25766321, ECO:0000269|PubMed:27012601}."
Q13164,,,,"SUBCELLULAR LOCATION: Cytoplasm. Nucleus. Nucleus, PML body. Note=Translocates to the nucleus upon activation."
Q13363,,,,SUBCELLULAR LOCATION: Cytoplasm {ECO:0000269|PubMed:12679040}. Nucleus {ECO:0000269|PubMed:12679040}.
Q13433,"SIGNAL 1..28; /evidence=""ECO:0000269|PubMed:15340161""","TRANSMEM 326..346; /note=""Helical; Name=1""; /evidence=""ECO:0000255""; TRANSMEM 356..376; /note=""Helical; Name=2""; /evidence=""ECO:0000255""; TRANSMEM 424..444; /note=""Helical; Name=3""; /evidence=""ECO:0000255""; TRANSMEM 658..678; /note=""Helical; Name=4""; /evidence=""ECO:0000255""; TRANSMEM 687..707; /note=""Helical; Name=5""; /evidence=""ECO:0000255""; TRANSMEM 725..745; /note=""Helical; Name=6""; /evidence=""ECO:0000255""","TOPO_DOM 29..325; /note=""Extracellular""; /evidence=""ECO:0000269|PubMed:12839489""; TOPO_DOM 347..355; /note=""Cytoplasmic""; /evidence=""ECO:0000255""; TOPO_DOM 377..423; /note=""Extracellular""; /evidence=""ECO:0000255""; TOPO_DOM 445..657; /note=""Cytoplasmic""; /evidence=""ECO:0000255""; TOPO_DOM 679..686; /note=""Extracellular""; /evidence=""ECO:0000255""; TOPO_DOM 708..724; /note=""Cytoplasmic""; /evidence=""ECO:0000255""; TOPO_DOM 746..755; /note=""Extracellular""; /evidence=""ECO:0000269|PubMed:12839489""","SUBCELLULAR LOCATION: Cell membrane {ECO:0000269|PubMed:18272141}; Multi-pass membrane protein {ECO:0000255}. Cell projection, lamellipodium membrane {ECO:0000269|PubMed:12839489}; Multi-pass membrane protein {ECO:0000269|PubMed:12839489}. Membrane raft {ECO:0000269|PubMed:34394081}; Multi-pass membrane protein {ECO:0000255}. Apical cell membrane {ECO:0000250|UniProtKB:Q4V887}. Note=Localizes to lipid rafts in T cells and is recruited into the immunological synapse in response to TCR stimulation (PubMed:34394081). In the choroid plexus is limited to the apical membrane in epithelial cells (By similarity). {ECO:0000250|UniProtKB:Q4V887, ECO:0000269|PubMed:34394081}."
Q06323,,,,
Q06587,,,,SUBCELLULAR LOCATION: Nucleus {ECO:0000269|PubMed:21282530}. Nucleus speckle {ECO:0000269|PubMed:21282530}.
Q12834,,,,"SUBCELLULAR LOCATION: Cytoplasm, cytoskeleton, microtubule organizing center, centrosome {ECO:0000269|PubMed:20034488}. Chromosome, centromere, kinetochore {ECO:0000269|PubMed:32666501, ECO:0000269|PubMed:33094908}. Cytoplasm, cytoskeleton, spindle pole {ECO:0000269|PubMed:20034488}."
Q13131,,,,"SUBCELLULAR LOCATION: Cytoplasm {ECO:0000269|PubMed:15866171, ECO:0000269|PubMed:37821951}. Nucleus {ECO:0000269|PubMed:15866171}. Late endosome {ECO:0000250|UniProtKB:Q5EG47}. Note=In response to stress, recruited by p53/TP53 to specific promoters. Translocates to late endosomes in response to calorie restriction (By similarity). {ECO:0000250|UniProtKB:Q5EG47, ECO:0000269|PubMed:15866171}."
Q13190,,"TRANSMEM 334..354; /note=""Helical; Anchor for type IV membrane protein""; /evidence=""ECO:0000255""","TOPO_DOM 1..333; /note=""Cytoplasmic""; /evidence=""ECO:0000255""; TOPO_DOM 355; /note=""Vesicular""; /evidence=""ECO:0000255""","SUBCELLULAR LOCATION: Endoplasmic reticulum-Golgi intermediate compartment membrane {ECO:0000250|UniProtKB:Q08851}; Single-pass type IV membrane protein {ECO:0000255}. Golgi apparatus membrane {ECO:0000269|PubMed:27795424}. Note=Localizes throughout the Golgi apparatus, but most abundant in the cis-most cisternae. {ECO:0000269|PubMed:27795424}."
Q13283,,,,"SUBCELLULAR LOCATION: Cytoplasm, cytosol {ECO:0000269|PubMed:20180778, ECO:0000269|PubMed:30510222}. Perikaryon {ECO:0000250|UniProtKB:P97855}. Cytoplasm, Stress granule {ECO:0000269|PubMed:17210633, ECO:0000269|PubMed:20180778, ECO:0000269|PubMed:23953116, ECO:0000269|PubMed:27022092, ECO:0000269|PubMed:30404792, ECO:0000269|PubMed:32302570, ECO:0000269|PubMed:32302571, ECO:0000269|PubMed:32302572, ECO:0000269|PubMed:37672657}. Nucleus {ECO:0000269|PubMed:11604510}. Note=Cytoplasmic in proliferating cells (PubMed:11604510). Cytosolic and partially nuclear in resting cells (PubMed:11604510). Recruited to stress granules in response to arsenite treatment (PubMed:37672657, PubMed:20180778). The unphosphorylated form is recruited to stress granules (PubMed:37672657). HRAS signaling contributes to this process by regulating G3BP dephosphorylation (PubMed:37672657). {ECO:0000269|PubMed:11604510, ECO:0000269|PubMed:20180778, ECO:0000269|PubMed:37672657}."
Q03135,,,"TOPO_DOM 2..104; /note=""Cytoplasmic""; /evidence=""ECO:0000255""; TOPO_DOM 126..178; /note=""Cytoplasmic""; /evidence=""ECO:0000255""","SUBCELLULAR LOCATION: Golgi apparatus membrane; Peripheral membrane protein. Cell membrane {ECO:0000269|PubMed:11278759, ECO:0000269|PubMed:26918609}; Peripheral membrane protein. Membrane, caveola {ECO:0000269|PubMed:19262564, ECO:0000269|PubMed:25588833}; Peripheral membrane protein. Membrane raft {ECO:0000269|PubMed:25893292}. Golgi apparatus, trans-Golgi network {ECO:0000250|UniProtKB:P33724}. Cytoplasm {ECO:0000269|PubMed:26918609}. Note=Colocalized with DPP4 in membrane rafts. Potential hairpin-like structure in the membrane. Membrane protein of caveolae. In the presence of DSG2 localizes to the cytoplasm away from cell borders (PubMed:26918609). {ECO:0000269|PubMed:26918609}."
Q03933,,,,SUBCELLULAR LOCATION: Cytoplasm {ECO:0000269|PubMed:8339932}. Nucleus {ECO:0000269|PubMed:8339932}. Note=Cytoplasmic during normal growth and moves to the nucleus upon activation.
Q04917,,,,
Q05513,,,,"SUBCELLULAR LOCATION: Cytoplasm {ECO:0000269|PubMed:17313651, ECO:0000269|PubMed:9566925}. Endosome {ECO:0000269|PubMed:9566925}. Cell junction {ECO:0000269|PubMed:7597083}. Membrane {ECO:0000250|UniProtKB:P09217}; Peripheral membrane protein {ECO:0000305}. Note=In the retina, localizes in the terminals of the rod bipolar cells (By similarity). Associates with endosomes (PubMed:9566925). Presence of KRIT1, CDH5 and RAP1B is required for its localization to the cell junction (PubMed:7597083). Colocalizes with VAMP2 and WDFY2 in intracellular vesicles (PubMed:17313651). Transiently translocates to the membrane of CA1 hippocampal cells in response to the induction of long term potentiation (By similarity). {ECO:0000250|UniProtKB:P09217, ECO:0000269|PubMed:17313651, ECO:0000269|PubMed:7597083, ECO:0000269|PubMed:9566925}.; SUBCELLULAR LOCATION: [Isoform 2]: Cytoplasm {ECO:0000250|UniProtKB:P09217}."
Q06136,"SIGNAL 1..25; /evidence=""ECO:0000255, ECO:0000305|PubMed:19141869""","TRANSMEM 271..291; /note=""Helical""; /evidence=""ECO:0000255""; TRANSMEM 294..314; /note=""Helical""; /evidence=""ECO:0000255""","TOPO_DOM 26..270; /note=""Cytoplasmic""; /evidence=""ECO:0000305|PubMed:19141869""; TOPO_DOM 292..293; /note=""Lumenal""; /evidence=""ECO:0000255""; TOPO_DOM 315..332; /note=""Cytoplasmic""; /evidence=""ECO:0000269|PubMed:19141869""","SUBCELLULAR LOCATION: Endoplasmic reticulum membrane {ECO:0000269|PubMed:15328338, ECO:0000269|PubMed:19141869}; Multi-pass membrane protein {ECO:0000269|PubMed:15328338}."
Q07889,,,,
Q07912,,,,"SUBCELLULAR LOCATION: Cell membrane {ECO:0000269|PubMed:20333297, ECO:0000269|PubMed:20979614}. Nucleus {ECO:0000269|PubMed:14733946, ECO:0000269|PubMed:20333297}. Endosome {ECO:0000250|UniProtKB:O54967}. Cell junction, adherens junction {ECO:0000305}. Cytoplasmic vesicle membrane; Peripheral membrane protein; Cytoplasmic side {ECO:0000269|PubMed:16137687}. Cytoplasmic vesicle, clathrin-coated vesicle {ECO:0000269|PubMed:16137687, ECO:0000269|PubMed:18262180}. Membrane, clathrin-coated pit {ECO:0000269|PubMed:21169560}. Cytoplasm, perinuclear region {ECO:0000269|PubMed:20110370}. Cytoplasm, cytosol {ECO:0000250|UniProtKB:O54967}. Note=The Tyr-284 phosphorylated form is found both in the membrane and nucleus (By similarity). Co-localizes with EGFR on endosomes (PubMed:20333297). Nuclear translocation is CDC42-dependent (By similarity). Detected in long filamentous cytosolic structures where it co-localizes with CTPS1 (By similarity). {ECO:0000250|UniProtKB:O54967, ECO:0000269|PubMed:20333297}."
Q07960,,,,SUBCELLULAR LOCATION: Cytoplasm.
Q08211,,,,"SUBCELLULAR LOCATION: Nucleus {ECO:0000269|PubMed:10198287, ECO:0000269|PubMed:10207077, ECO:0000269|PubMed:11687588, ECO:0000269|PubMed:16375861, ECO:0000269|PubMed:17303075, ECO:0000269|PubMed:37467750, ECO:0000269|PubMed:9162007}. Nucleus, nucleoplasm {ECO:0000269|PubMed:28221134}. Nucleus, nucleolus {ECO:0000269|PubMed:12429849}. Cytoplasm {ECO:0000269|PubMed:10198287, ECO:0000269|PubMed:10207077, ECO:0000269|PubMed:16375861, ECO:0000269|PubMed:17289661, ECO:0000269|PubMed:19029303, ECO:0000269|PubMed:20696886, ECO:0000269|PubMed:8690889, ECO:0000269|PubMed:9162007}. Cytoplasm, cytoskeleton, microtubule organizing center, centrosome {ECO:0000269|PubMed:14654843, ECO:0000269|PubMed:17498979}. Note=Nucleoplasmic shuttling protein (PubMed:10198287, PubMed:10207077, PubMed:16375861, PubMed:9162007). Its nuclear import involves the nucleocytoplasmic transport receptor Importin alpha/Importin beta receptor pathway in a Ran-dependent manner (PubMed:16375861). In interphase, localizes in nuclear stress granules and at perichromatin fibrils and in cytoplasmic ribonucleoprotein granules (PubMed:10198287). Colocalizes with WRN and H2AX at centrosomes in a microtubule-dependent manner following DNA damaging agent treatment (PubMed:17498979). Excluded from the mitotic nucleus as early as prophase and re-entered the nucleus at telophase (PubMed:10198287). Recruited in diffuse and discrete intranuclear foci (GLFG-body) in a NUP98-dependent manner (PubMed:28221134). Colocalizes with SP7 in the nucleus (PubMed:17303075). Colocalizes with ACTB at nuclear actin filaments inside the nucleus or at the nuclear pore (PubMed:11687588). Colocalizes with HNRNPC at nuclear ribonucleoprotein complex proteins in the nucleus (PubMed:11687588). Localized in cytoplasmic mRNP granules containing untranslated mRNAs (PubMed:17289661). {ECO:0000269|PubMed:10198287, ECO:0000269|PubMed:10207077, ECO:0000269|PubMed:11687588, ECO:0000269|PubMed:16375861, ECO:0000269|PubMed:17289661, ECO:0000269|PubMed:17303075, ECO:0000269|PubMed:17498979, ECO:0000269|PubMed:28221134, ECO:0000269|PubMed:9162007}."
Q08357,,"TRANSMEM 6..26; /note=""Helical""; /evidence=""ECO:0000255""; TRANSMEM 47..67; /note=""Helical""; /evidence=""ECO:0000255""; TRANSMEM 87..107; /note=""Helical""; /evidence=""ECO:0000255""; TRANSMEM 110..130; /note=""Helical""; /evidence=""ECO:0000255""; TRANSMEM 143..163; /note=""Helical""; /evidence=""ECO:0000255""; TRANSMEM 191..211; /note=""Helical""; /evidence=""ECO:0000255""; TRANSMEM 214..234; /note=""Helical""; /evidence=""ECO:0000255""; TRANSMEM 483..503; /note=""Helical""; /evidence=""ECO:0000255""; TRANSMEM 531..551; /note=""Helical""; /evidence=""ECO:0000255""; TRANSMEM 572..586; /note=""Helical""; /evidence=""ECO:0000255""; TRANSMEM 594..609; /note=""Helical""; /evidence=""ECO:0000255""; TRANSMEM 622..642; /note=""Helical""; /evidence=""ECO:0000255""","TOPO_DOM 1..5; /note=""Extracellular""; /evidence=""ECO:0000255""; TOPO_DOM 27..46; /note=""Cytoplasmic""; /evidence=""ECO:0000255""; TOPO_DOM 68..86; /note=""Extracellular""; /evidence=""ECO:0000255""; TOPO_DOM 108..109; /note=""Cytoplasmic""; /evidence=""ECO:0000255""; TOPO_DOM 131..142; /note=""Extracellular""; /evidence=""ECO:0000255""; TOPO_DOM 164..190; /note=""Cytoplasmic""; /evidence=""ECO:0000255""; TOPO_DOM 212..213; /note=""Extracellular""; /evidence=""ECO:0000255""; TOPO_DOM 235..482; /note=""Cytoplasmic""; /evidence=""ECO:0000255""; TOPO_DOM 504..530; /note=""Extracellular""; /evidence=""ECO:0000255""; TOPO_DOM 552..571; /note=""Cytoplasmic""; /evidence=""ECO:0000255""; TOPO_DOM 587..593; /note=""Extracellular""; /evidence=""ECO:0000255""; TOPO_DOM 610..621; /note=""Cytoplasmic""; /evidence=""ECO:0000255""; TOPO_DOM 643..652; /note=""Extracellular""; /evidence=""ECO:0000255""","SUBCELLULAR LOCATION: Cell membrane {ECO:0000269|PubMed:28722801, ECO:0000269|PubMed:30704756, ECO:0000269|PubMed:9151850}; Multi-pass membrane protein {ECO:0000269|PubMed:9151850}. Apical cell membrane {ECO:0000250|UniProtKB:Q63488}; Multi-pass membrane protein {ECO:0000255}."
Q12765,,,,SUBCELLULAR LOCATION: Cytoplasm {ECO:0000250}.
Q12802,,,,"SUBCELLULAR LOCATION: Cytoplasm, cytosol {ECO:0000269|PubMed:11546812, ECO:0000269|PubMed:9891067}. Cytoplasm {ECO:0000269|PubMed:9627117}. Cytoplasm, cell cortex {ECO:0000269|PubMed:11546812}. Nucleus {ECO:0000269|PubMed:9627117}. Membrane {ECO:0000269|PubMed:11696353, ECO:0000269|PubMed:9891067}; Peripheral membrane protein {ECO:0000269|PubMed:11696353, ECO:0000305|PubMed:9891067}. Note=Colocalizes with the actin cytoskeleton at the cell cortex. {ECO:0000269|PubMed:11546812}."
Q12829,,,,"SUBCELLULAR LOCATION: Cell membrane {ECO:0000305}; Lipid-anchor {ECO:0000305}; Cytoplasmic side {ECO:0000305}. Cytoplasm, cytosol {ECO:0000269|PubMed:33999101}. Cell projection, lamellipodium membrane {ECO:0000269|PubMed:33999101, ECO:0000269|PubMed:35293963}. Cell projection, ruffle {ECO:0000269|PubMed:33999101}. Note=Mainly localized in the cytosol (PubMed:33999101). A subpopulation is present at the lamellipodia, where it colocalizes with actin ruffles (PubMed:33999101). Colocalized with RAP2A at the lamellipodia plasma membrane (PubMed:35293963). {ECO:0000269|PubMed:33999101, ECO:0000269|PubMed:35293963}."
Q12874,,,,"SUBCELLULAR LOCATION: Nucleus speckle {ECO:0000269|PubMed:8022796}. Nucleus {ECO:0000269|PubMed:10882114, ECO:0000269|PubMed:21349847, ECO:0000269|PubMed:29360106, ECO:0000269|PubMed:30315277}."
Q13033,,,,SUBCELLULAR LOCATION: Cytoplasm {ECO:0000305|PubMed:18782753}. Membrane {ECO:0000250}; Peripheral membrane protein {ECO:0000250}.
Q13151,,,,SUBCELLULAR LOCATION: Nucleus {ECO:0000250}. Note=Component of ribonucleosomes. {ECO:0000250}.
Q13310,,,,"SUBCELLULAR LOCATION: Cytoplasm {ECO:0000269|PubMed:17289661, ECO:0000269|PubMed:8524242}. Note=Localized in cytoplasmic mRNP granules containing untranslated mRNAs. {ECO:0000269|PubMed:17289661}."
Q13315,,,,"SUBCELLULAR LOCATION: Nucleus {ECO:0000269|PubMed:9050866, ECO:0000269|PubMed:9150358}. Cytoplasmic vesicle {ECO:0000269|PubMed:9050866, ECO:0000269|PubMed:9150358}. Cytoplasm, cytoskeleton, microtubule organizing center, centrosome {ECO:0000250|UniProtKB:Q62388}. Peroxisome matrix {ECO:0000269|PubMed:26344566}. Note=Primarily nuclear (PubMed:9050866, PubMed:9150358). Found also in endocytic vesicles in association with beta-adaptin (PubMed:9707615). Translocated to peroxisomes in response to reactive oxygen species (ROS) by PEX5 (PubMed:26344566). {ECO:0000269|PubMed:26344566, ECO:0000269|PubMed:9050866, ECO:0000269|PubMed:9150358, ECO:0000269|PubMed:9707615}."
Q13347,,,,SUBCELLULAR LOCATION: Cytoplasm {ECO:0000255|HAMAP-Rule:MF_03008}.
Q01650,,"TRANSMEM 50..70; /note=""Helical""; /evidence=""ECO:0000269|PubMed:30867591""; TRANSMEM 84..104; /note=""Helical""; /evidence=""ECO:0000269|PubMed:30867591""; TRANSMEM 127..147; /note=""Helical""; /evidence=""ECO:0000269|PubMed:30867591""; TRANSMEM 170..190; /note=""Helical""; /evidence=""ECO:0000269|PubMed:30867591""; TRANSMEM 193..214; /note=""Helical""; /evidence=""ECO:0000269|PubMed:30867591""; TRANSMEM 243..263; /note=""Helical""; /evidence=""ECO:0000269|PubMed:30867591""; TRANSMEM 277..297; /note=""Helical""; /evidence=""ECO:0000269|PubMed:30867591""; TRANSMEM 325..345; /note=""Helical""; /evidence=""ECO:0000269|PubMed:30867591""; TRANSMEM 370..390; /note=""Helical""; /evidence=""ECO:0000269|PubMed:30867591""; TRANSMEM 396..416; /note=""Helical""; /evidence=""ECO:0000269|PubMed:30867591""; TRANSMEM 431..451; /note=""Helical""; /evidence=""ECO:0000269|PubMed:30867591""; TRANSMEM 458..478; /note=""Helical""; /evidence=""ECO:0000269|PubMed:30867591""","TOPO_DOM 1..49; /note=""Cytoplasmic""; /evidence=""ECO:0000305""; TOPO_DOM 71..83; /note=""Extracellular""; /evidence=""ECO:0000305""; TOPO_DOM 105..126; /note=""Cytoplasmic""; /evidence=""ECO:0000305""; TOPO_DOM 148..169; /note=""Extracellular""; /evidence=""ECO:0000305""; TOPO_DOM 191..192; /note=""Cytoplasmic""; /evidence=""ECO:0000305""; TOPO_DOM 215..242; /note=""Extracellular""; /evidence=""ECO:0000305""; TOPO_DOM 264..276; /note=""Cytoplasmic""; /evidence=""ECO:0000305""; TOPO_DOM 298..324; /note=""Extracellular""; /evidence=""ECO:0000305""; TOPO_DOM 346..369; /note=""Cytoplasmic""; /evidence=""ECO:0000305""; TOPO_DOM 391..395; /note=""Extracellular""; /evidence=""ECO:0000305""; TOPO_DOM 417..430; /note=""Cytoplasmic""; /evidence=""ECO:0000305""; TOPO_DOM 452..457; /note=""Extracellular""; /evidence=""ECO:0000305""; TOPO_DOM 479..507; /note=""Cytoplasmic""; /evidence=""ECO:0000305""","SUBCELLULAR LOCATION: Apical cell membrane {ECO:0000269|PubMed:11742812}; Multi-pass membrane protein {ECO:0000269|PubMed:30867591}. Cell membrane {ECO:0000269|PubMed:11557028, ECO:0000269|PubMed:12225859, ECO:0000269|PubMed:25998567, ECO:0000269|PubMed:9751058}; Multi-pass membrane protein {ECO:0000269|PubMed:30867591}. Lysosome membrane {ECO:0000269|PubMed:25998567}; Multi-pass membrane protein {ECO:0000305|PubMed:25998567}. Note=Located to the plasma membrane by SLC3A2/4F2hc (PubMed:9751058). Localized to the apical membrane of placental syncytiotrophoblastic cells (PubMed:11742812). Recruited to lysosomes by LAPTM4B (PubMed:25998567). {ECO:0000269|PubMed:11742812, ECO:0000269|PubMed:25998567, ECO:0000269|PubMed:9751058}."
Q02241,,,,"SUBCELLULAR LOCATION: Nucleus. Cytoplasm, cytoskeleton, spindle. Midbody, Midbody ring {ECO:0000269|PubMed:16213214}. Midbody {ECO:0000269|PubMed:36825683}. Note=Localizes to the interzone of mitotic spindles. Detected at the midbody during later stages of mitotic cytokinesis."
Q06418,"SIGNAL 1..40; /evidence=""ECO:0000255""","TRANSMEM 430..450; /note=""Helical""; /evidence=""ECO:0000255""","TOPO_DOM 41..429; /note=""Extracellular""; /evidence=""ECO:0000255""; TOPO_DOM 451..890; /note=""Cytoplasmic""; /evidence=""ECO:0000255""",SUBCELLULAR LOCATION: Cell membrane; Single-pass type I membrane protein.
Q08379,,,,"SUBCELLULAR LOCATION: Golgi apparatus, cis-Golgi network membrane {ECO:0000269|PubMed:11781572, ECO:0000305|PubMed:8315394}; Peripheral membrane protein {ECO:0000269|PubMed:11781572}; Cytoplasmic side {ECO:0000269|PubMed:11781572}. Endoplasmic reticulum-Golgi intermediate compartment membrane {ECO:0000269|PubMed:11781572}; Peripheral membrane protein {ECO:0000269|PubMed:11781572}; Cytoplasmic side {ECO:0000269|PubMed:11781572}. Cytoplasm, cytoskeleton, spindle pole {ECO:0000269|PubMed:26165940}. Note=Associates with the mitotic spindle during mitosis (PubMed:26165940). {ECO:0000250|UniProtKB:Q62839, ECO:0000269|PubMed:26165940}."
Q0P5N6,,,,"SUBCELLULAR LOCATION: Cytoplasm {ECO:0000269|PubMed:21233210, ECO:0000269|PubMed:35196065}. Cytoplasm, cytoskeleton, cilium axoneme {ECO:0000269|PubMed:35196065}. Mitochondrion {ECO:0000269|PubMed:35196065}. Cytoplasm, cytoskeleton, cilium basal body {ECO:0000269|PubMed:35196065}. Photoreceptor inner segment {ECO:0000269|PubMed:35196065}. Note=In retinal pigment epithelial cells, localizes along the cilium axoneme in a punctate manner and also in the cytoplasm and mitochondrion (PubMed:35196065). In photoreceptor cells, localizes to the basal body of the connecting cilium and to the inner segment (PubMed:35196065). {ECO:0000269|PubMed:35196065}."
Q13017,,,,SUBCELLULAR LOCATION: Cytoplasm {ECO:0000269|PubMed:8537347}. Cell membrane {ECO:0000269|PubMed:8537347}; Peripheral membrane protein {ECO:0000269|PubMed:8537347}. Note=Also membrane-associated in a fibrillar pattern that colocalizes with the alpha5-beta1 integrin receptor (ITGA5/ITGB1) for fibronectin. {ECO:0000269|PubMed:8537347}.
Q13200,,,,
Q13418,,,,"SUBCELLULAR LOCATION: Cell junction, focal adhesion {ECO:0000269|PubMed:11402068, ECO:0000269|PubMed:12167643, ECO:0000269|PubMed:12432066, ECO:0000269|PubMed:35259013}. Cell membrane {ECO:0000269|PubMed:11402068}; Peripheral membrane protein {ECO:0000269|PubMed:11402068}; Cytoplasmic side {ECO:0000269|PubMed:11402068}. Cell projection, lamellipodium {ECO:0000250|UniProtKB:O55222}. Cytoplasm, myofibril, sarcomere {ECO:0000269|PubMed:11402068}. Cytoplasm {ECO:0000269|PubMed:17420447}. Nucleus {ECO:0000269|PubMed:17420447}. Cytoplasm, cytoskeleton, microtubule organizing center, centrosome {ECO:0000269|PubMed:18283114}. Cytoplasm, cell cortex {ECO:0000250|UniProtKB:O55222}."
Q05682,,,,"SUBCELLULAR LOCATION: Cytoplasm, cytoskeleton {ECO:0000250|UniProtKB:P13505}. Cytoplasm, myofibril {ECO:0000250|UniProtKB:P13505}. Cytoplasm, cytoskeleton, stress fiber {ECO:0000250|UniProtKB:P13505}. Note=On thin filaments in smooth muscle and on stress fibers in fibroblasts (nonmuscle). {ECO:0000250|UniProtKB:P13505}."
Q13042,,,,"SUBCELLULAR LOCATION: Cytoplasm, cytoskeleton, microtubule organizing center, centrosome {ECO:0000269|PubMed:7736578}. Cytoplasm, cytoskeleton, spindle {ECO:0000269|PubMed:7736578}. Note=Colocalizes with CDC27 to the centrosome at all stages of the cell cycle and to the mitotic spindle. {ECO:0000269|PubMed:7736578}."
Q13257,,,,"SUBCELLULAR LOCATION: Nucleus {ECO:0000269|PubMed:19010891}. Chromosome, centromere, kinetochore. Cytoplasm {ECO:0000269|PubMed:19010891}. Cytoplasm, cytoskeleton, spindle pole. Note=Recruited by MAD1L1 to unattached kinetochores (Probable). Recruited to the nuclear pore complex by TPR during interphase. Recruited to kinetochores in late prometaphase after BUB1, CENPF, BUB1B and CENPE. Kinetochore association requires the presence of NEK2. Kinetochore association is repressed by UBD. Sequestered to the cytoplasm upon interaction with isoform 3 of MAD1L1 (PubMed:19010891). {ECO:0000269|PubMed:19010891, ECO:0000305}."
Q13428,,,,"SUBCELLULAR LOCATION: Nucleus, nucleolus {ECO:0000269|PubMed:12777385}."
Q05655,,,,"SUBCELLULAR LOCATION: Cytoplasm {ECO:0000269|PubMed:15774464, ECO:0000269|PubMed:17303575, ECO:0000269|PubMed:17603046, ECO:0000269|PubMed:18285462}. Cytoplasm, perinuclear region {ECO:0000269|PubMed:12649167, ECO:0000269|PubMed:15774464, ECO:0000269|PubMed:17603046}. Nucleus {ECO:0000269|PubMed:15774464, ECO:0000269|PubMed:17603046, ECO:0000269|PubMed:18285462}. Cell membrane {ECO:0000269|PubMed:17303575, ECO:0000269|PubMed:17603046}; Peripheral membrane protein {ECO:0000305|PubMed:17603046}. Mitochondrion {ECO:0000269|PubMed:12649167}. Endomembrane system {ECO:0000269|PubMed:17303575}. Note=Translocates to the mitochondria upon apoptotic stimulation. Upon activation, translocates to the plasma membrane followed by partial location to the endolysosomes (PubMed:17303575). {ECO:0000269|PubMed:12649167, ECO:0000269|PubMed:17303575}."
Q12979,,,,"SUBCELLULAR LOCATION: Cell projection, dendritic spine {ECO:0000250|UniProtKB:Q5SSL4}. Cell projection, axon {ECO:0000250|UniProtKB:Q5SSL4}. Synapse {ECO:0000250|UniProtKB:A0A0G2JTR4}."
Q01844,,,,SUBCELLULAR LOCATION: Nucleus {ECO:0000269|PubMed:16965792}. Cytoplasm {ECO:0000269|PubMed:16965792}. Cell membrane {ECO:0000269|PubMed:16965792}. Note=Relocates from cytoplasm to ribosomes upon PTK2B/FAK2 activation.
Q10471,,"TRANSMEM 7..24; /note=""Helical; Signal-anchor for type II membrane protein""; /evidence=""ECO:0000255""","TOPO_DOM 1..6; /note=""Cytoplasmic""; /evidence=""ECO:0000255""; TOPO_DOM 25..571; /note=""Lumenal""; /evidence=""ECO:0000255""","SUBCELLULAR LOCATION: Golgi apparatus, Golgi stack membrane {ECO:0000269|PubMed:9394011}; Single-pass type II membrane protein {ECO:0000269|PubMed:9394011}. Secreted {ECO:0000269|PubMed:37453717, ECO:0000269|PubMed:9394011}. Note=Resides preferentially in the trans and medial parts of the Golgi stack. A secreted form also exists."
Q05193,,,,"SUBCELLULAR LOCATION: Cell membrane {ECO:0000269|PubMed:15703209}. Membrane, clathrin-coated pit {ECO:0000269|PubMed:15703209, ECO:0000269|PubMed:8101525}. Cytoplasmic vesicle {ECO:0000250|UniProtKB:P21575, ECO:0000250|UniProtKB:P39053}. Presynapse {ECO:0000250|UniProtKB:P21575}. Cytoplasmic vesicle, secretory vesicle, chromaffin granule {ECO:0000250|UniProtKB:Q08DF4}. Note=Associated to the membrane in a helical polymer shape in a GTP bound state (PubMed:30069048). Transiently recruited to endocytic clathrin-coated pits (CCPs) at a late stage of clathrin-coated vesicle (CCV) formation (PubMed:15703209). {ECO:0000269|PubMed:15703209, ECO:0000269|PubMed:30069048}."
Q12824,,,,SUBCELLULAR LOCATION: Nucleus.
Q12981,,"TRANSMEM 200..220; /note=""Helical; Anchor for type IV membrane protein""; /evidence=""ECO:0000255""","TOPO_DOM 1..199; /note=""Cytoplasmic""; /evidence=""ECO:0000255""; TOPO_DOM 221..228; /note=""Lumenal""; /evidence=""ECO:0000255""","SUBCELLULAR LOCATION: Endoplasmic reticulum membrane {ECO:0000269|PubMed:15272311, ECO:0000269|PubMed:23896122, ECO:0000269|PubMed:35266227}; Single-pass type IV membrane protein {ECO:0000255}. Mitochondrion membrane {ECO:0000269|PubMed:21931693, ECO:0000269|PubMed:23896122}; Single-pass type IV membrane protein {ECO:0000255}. Note=Localization to the mitochondrion is regulated by RNF186. {ECO:0000269|PubMed:23896122}."
Q13148,,,,"SUBCELLULAR LOCATION: Nucleus {ECO:0000269|PubMed:17023659, ECO:0000269|PubMed:17481916, ECO:0000269|PubMed:18957508, ECO:0000269|PubMed:19765185, ECO:0000269|PubMed:25678563, ECO:0000269|PubMed:28663553, ECO:0000269|PubMed:29438978}. Cytoplasm {ECO:0000269|PubMed:18957508, ECO:0000269|PubMed:23398327, ECO:0000269|PubMed:30464263}. Cytoplasm, Stress granule {ECO:0000269|PubMed:19765185, ECO:0000269|PubMed:23398327}. Mitochondrion {ECO:0000269|PubMed:28794432, ECO:0000269|PubMed:33031745}. Note=Continuously travels in and out of the nucleus (PubMed:18957508). Localizes to stress granules in response to oxidative stress (PubMed:19765185). A small subset localizes in mitochondria (PubMed:28794432). {ECO:0000269|PubMed:18957508, ECO:0000269|PubMed:19765185, ECO:0000269|PubMed:28794432}."
Q09028,,,,"SUBCELLULAR LOCATION: Nucleus {ECO:0000269|PubMed:10220405, ECO:0000269|PubMed:10866654, ECO:0000269|PubMed:14609955, ECO:0000269|PubMed:20523938, ECO:0000269|PubMed:28977666, ECO:0000269|PubMed:29499137, ECO:0000269|PubMed:30026490, ECO:0000269|PubMed:33283408, ECO:0000269|PubMed:39460621, ECO:0000269|PubMed:8858152}. Chromosome, telomere {ECO:0000269|PubMed:30045876}. Note=Localizes to chromatin as part of the PRC2 complex. {ECO:0000269|PubMed:29499137}."
Q00987,,,,"SUBCELLULAR LOCATION: Nucleus, nucleoplasm {ECO:0000269|PubMed:10707090}. Cytoplasm {ECO:0000269|PubMed:30879903, ECO:0000269|PubMed:36897777}. Nucleus, nucleolus {ECO:0000269|PubMed:10707090}. Nucleus {ECO:0000269|PubMed:30879903, ECO:0000269|PubMed:36897777}. Note=Expressed predominantly in the nucleoplasm. Interaction with ARF(P14) results in the localization of both proteins to the nucleolus. The nucleolar localization signals in both ARF(P14) and MDM2 may be necessary to allow efficient nucleolar localization of both proteins. Colocalizes with RASSF1 isoform A in the nucleus."
Q09013,,"TRANSMEM 591..611; /note=""Helical; Anchor for type IV membrane protein""; /evidence=""ECO:0000255""","TOPO_DOM 1..590; /note=""Cytoplasmic""; /evidence=""ECO:0000255""; TOPO_DOM 612..629; /note=""Lumenal""; /evidence=""ECO:0000255""","SUBCELLULAR LOCATION: Endoplasmic reticulum membrane {ECO:0000250}; Single-pass type IV membrane protein {ECO:0000250}; Cytoplasmic side {ECO:0000250}. Nucleus outer membrane {ECO:0000305}; Single-pass type IV membrane protein {ECO:0000305}; Cytoplasmic side {ECO:0000305}. Mitochondrion outer membrane {ECO:0000305}; Single-pass type IV membrane protein {ECO:0000305}. Sarcoplasmic reticulum membrane {ECO:0000250}. Cell membrane {ECO:0000250}. Cytoplasm, cytosol {ECO:0000250}. Note=Localizes to sarcoplasmic reticulum membranes of cardiomyocytes. {ECO:0000250}.; SUBCELLULAR LOCATION: [Isoform 1]: Mitochondrion membrane.; SUBCELLULAR LOCATION: [Isoform 3]: Mitochondrion membrane."
Q12770,,"TRANSMEM 19..39; /note=""Helical; Name=1""; /evidence=""ECO:0000255""; TRANSMEM 280..300; /note=""Helical; Name=2""; /evidence=""ECO:0000255""; TRANSMEM 313..333; /note=""Helical; Name=3""; /evidence=""ECO:0000255""; TRANSMEM 345..365; /note=""Helical; Name=4""; /evidence=""ECO:0000255""; TRANSMEM 402..422; /note=""Helical; Name=5""; /evidence=""ECO:0000255""; TRANSMEM 424..444; /note=""Helical; Name=6""; /evidence=""ECO:0000255""; TRANSMEM 519..539; /note=""Helical; Name=7""; /evidence=""ECO:0000255""; TRANSMEM 710..730; /note=""Helical; Name=8""; /evidence=""ECO:0000255""","TOPO_DOM 1..18; /note=""Cytoplasmic""; /evidence=""ECO:0000250|UniProtKB:P97260""; TOPO_DOM 40..279; /note=""Lumenal""; /evidence=""ECO:0000250|UniProtKB:P97260""; TOPO_DOM 301..312; /note=""Cytoplasmic""; /evidence=""ECO:0000250|UniProtKB:P97260""; TOPO_DOM 334..344; /note=""Lumenal""; /evidence=""ECO:0000250|UniProtKB:P97260""; TOPO_DOM 366..401; /note=""Cytoplasmic""; /evidence=""ECO:0000250|UniProtKB:P97260""; TOPO_DOM 423; /note=""Lumenal""; /evidence=""ECO:0000250|UniProtKB:P97260""; TOPO_DOM 445..518; /note=""Cytoplasmic""; /evidence=""ECO:0000250|UniProtKB:P97260""; TOPO_DOM 540..709; /note=""Lumenal""; /evidence=""ECO:0000250|UniProtKB:P97260""; TOPO_DOM 731..1279; /note=""Cytoplasmic""; /evidence=""ECO:0000250|UniProtKB:P97260""","SUBCELLULAR LOCATION: Endoplasmic reticulum membrane {ECO:0000269|PubMed:32111832}; Multi-pass membrane protein {ECO:0000255}. Golgi apparatus membrane {ECO:0000269|PubMed:26311497, ECO:0000269|PubMed:32111832}; Multi-pass membrane protein {ECO:0000255}. Cytoplasmic vesicle, COPII-coated vesicle membrane {ECO:0000250|UniProtKB:P97260}; Multi-pass membrane protein {ECO:0000255}. Note=Moves from the endoplasmic reticulum to the Golgi in the absence of sterols (PubMed:26311497). Requires the presence of SPRING1 for proper localization to endoplasmic reticulum (PubMed:32111832). {ECO:0000250|UniProtKB:P97260, ECO:0000269|PubMed:26311497, ECO:0000269|PubMed:32111832}."
Q07866,,,,"SUBCELLULAR LOCATION: Cell projection, growth cone {ECO:0000250|UniProtKB:P37285}. Cytoplasmic vesicle {ECO:0000269|PubMed:21385839}. Cytoplasm, cytoskeleton {ECO:0000305|PubMed:14970196}."
Q13409,,,,"SUBCELLULAR LOCATION: Cytoplasm, cytoskeleton {ECO:0000305|PubMed:36071160}. Cytoplasm {ECO:0000250|UniProtKB:O88487}. Note=Detected in the cytoplasm of pachytene spermatocytes. Localizes to the manchette in elongating spermatids. {ECO:0000250|UniProtKB:O88487}."
Q13308,"SIGNAL 1..30; /evidence=""ECO:0000255""","TRANSMEM 705..725; /note=""Helical""; /evidence=""ECO:0000255""","TOPO_DOM 31..704; /note=""Extracellular""; /evidence=""ECO:0000255""; TOPO_DOM 726..1070; /note=""Cytoplasmic""; /evidence=""ECO:0000255""",SUBCELLULAR LOCATION: Cell membrane {ECO:0000269|PubMed:20837484}; Single-pass type I membrane protein {ECO:0000255}. Cell junction {ECO:0000269|PubMed:20837484}. Note=Colocalizes with MMP14 at cell junctions. Also localizes at the leading edge of migrating cells. {ECO:0000269|PubMed:20837484}.
Q13442,,,,
Q13459,,,,"SUBCELLULAR LOCATION: Cytoplasm, cell cortex {ECO:0000269|PubMed:8907710}. Cytoplasm, perinuclear region {ECO:0000269|PubMed:8907710}. Cytoplasm, cytoskeleton {ECO:0000269|PubMed:8907710, ECO:0000269|PubMed:9490638}. Note=In undifferentiated cells colocalizes with F-actin in the cell periphery while in differentiated cells its localization is cytoplasmic with the highest levels in the perinuclear region. {ECO:0000269|PubMed:8907710}."
Q13867,,,,SUBCELLULAR LOCATION: Cytoplasm {ECO:0000269|PubMed:31875550}. Cytoplasmic granule {ECO:0000269|PubMed:31875550}. Note=Co-localizes with NUDT12 in the cytoplasmic granules. {ECO:0000269|PubMed:31875550}.
Q14739,,"TRANSMEM 212..232; /note=""Helical""; /evidence=""ECO:0000255""; TRANSMEM 258..278; /note=""Helical""; /evidence=""ECO:0000255""; TRANSMEM 299..319; /note=""Helical""; /evidence=""ECO:0000255""; TRANSMEM 326..346; /note=""Helical""; /evidence=""ECO:0000255""; TRANSMEM 386..406; /note=""Helical""; /evidence=""ECO:0000255""; TRANSMEM 447..467; /note=""Helical""; /evidence=""ECO:0000255""; TRANSMEM 481..501; /note=""Helical""; /evidence=""ECO:0000255""; TRANSMEM 561..581; /note=""Helical""; /evidence=""ECO:0000255""","TOPO_DOM 1..211; /note=""Nuclear""; /evidence=""ECO:0000255""","SUBCELLULAR LOCATION: Nucleus inner membrane {ECO:0000269|PubMed:32694168, ECO:0000269|PubMed:8157662}; Multi-pass membrane protein {ECO:0000255}. Endoplasmic reticulum membrane {ECO:0000269|PubMed:21327084}. Cytoplasm {ECO:0000269|PubMed:21327084}. Nucleus {ECO:0000269|PubMed:21327084}. Note=Nucleus; nuclear rim. {ECO:0000269|PubMed:21327084}."
Q15125,,"TRANSMEM 29..49; /note=""Helical""; /evidence=""ECO:0000255""; TRANSMEM 66..86; /note=""Helical""; /evidence=""ECO:0000255""; TRANSMEM 121..141; /note=""Helical""; /evidence=""ECO:0000255""; TRANSMEM 185..205; /note=""Helical""; /evidence=""ECO:0000255""",,"SUBCELLULAR LOCATION: Endoplasmic reticulum membrane {ECO:0000269|PubMed:10406945}; Multi-pass membrane protein {ECO:0000305}. Nucleus envelope {ECO:0000269|PubMed:10406945}. Cytoplasmic vesicle {ECO:0000269|PubMed:10406945}. Note=During interphase, detected on the endoplasmic reticulum and the nuclear envelope. During mitosis, detected on cytoplasmic vesicles. {ECO:0000269|PubMed:10406945}."
Q15185,,,,SUBCELLULAR LOCATION: Cytoplasm {ECO:0000250|UniProtKB:Q3ZBF7}.
Q15276,,,,SUBCELLULAR LOCATION: Cytoplasm. Early endosome. Recycling endosome. Cytoplasmic vesicle.
Q13547,,,,"SUBCELLULAR LOCATION: Nucleus {ECO:0000269|PubMed:10846170, ECO:0000269|PubMed:20523938, ECO:0000269|PubMed:28977666, ECO:0000269|PubMed:33283408}."
Q13561,,,,"SUBCELLULAR LOCATION: Cytoplasm, cytoskeleton, microtubule organizing center, centrosome {ECO:0000269|PubMed:14654843, ECO:0000269|PubMed:8647893}. Membrane {ECO:0000269|PubMed:8647893}; Peripheral membrane protein {ECO:0000269|PubMed:8647893}. Cytoplasm, cytoskeleton {ECO:0000250|UniProtKB:A0A5G2QD80}."
Q14137,,,,"SUBCELLULAR LOCATION: Nucleus, nucleolus {ECO:0000255|HAMAP-Rule:MF_03027, ECO:0000269|PubMed:12429849}. Nucleus, nucleoplasm {ECO:0000255|HAMAP-Rule:MF_03027, ECO:0000269|PubMed:12429849}."
Q14145,,,,"SUBCELLULAR LOCATION: Cytoplasm {ECO:0000269|PubMed:14585973, ECO:0000269|PubMed:15379550, ECO:0000269|PubMed:15601839, ECO:0000269|PubMed:15657435, ECO:0000269|PubMed:19424503}. Nucleus {ECO:0000269|PubMed:15657435}. Note=Mainly cytoplasmic (PubMed:15601839). In response to selective autophagy, relocalizes to inclusion bodies following interaction with SQSTM1/p62 (PubMed:20452972). {ECO:0000269|PubMed:15601839, ECO:0000269|PubMed:20452972}."
Q14204,,,,"SUBCELLULAR LOCATION: Cytoplasm, cytoskeleton {ECO:0000305|PubMed:36071160}."
Q14534,,,"TOPO_DOM 1..20; /note=""Cytoplasmic""; /evidence=""ECO:0000305|PubMed:26434806""; TOPO_DOM 42..574; /note=""Cytoplasmic""; /evidence=""ECO:0000305""","SUBCELLULAR LOCATION: Microsome membrane {ECO:0000269|PubMed:26434806, ECO:0000269|PubMed:28972164, ECO:0000269|PubMed:30626872}; Peripheral membrane protein {ECO:0000269|PubMed:26434806, ECO:0000269|PubMed:28972164}. Endoplasmic reticulum membrane {ECO:0000305|PubMed:26434806}; Peripheral membrane protein {ECO:0000269|PubMed:26434806, ECO:0000269|PubMed:28972164}."
Q14974,,,,SUBCELLULAR LOCATION: Cytoplasm {ECO:0000269|PubMed:11891849}. Nucleus envelope {ECO:0000269|PubMed:11891849}.
Q15019,,,,"SUBCELLULAR LOCATION: Cytoplasm {ECO:0000269|PubMed:15774761}. Cytoplasm, cytoskeleton {ECO:0000269|PubMed:15774761}. Cytoplasm, cytoskeleton, spindle {ECO:0000269|PubMed:15774761}. Chromosome, centromere, kinetochore {ECO:0000269|PubMed:15774761}. Cleavage furrow {ECO:0000269|PubMed:15774761}. Midbody {ECO:0000269|PubMed:15774761}. Cytoplasm, cell cortex {ECO:0000269|PubMed:15774761}. Cell projection, cilium membrane {ECO:0000250}. Cell projection, cilium, flagellum {ECO:0000269|PubMed:25588830}. Note=In metaphase cells, localized within the microtubule spindle. At the metaphase plate, in close apposition to the kinetochores of the congressed chromosomes. In cells undergoing cytokinesis, localized to the midbody, the ingressing cleavage furrow, and the central spindle. During bacterial infection, displays a collar shape structure next to actin at the pole of invading bacteria. In epithelial cells, colocalizes with polyglutamylated tubulin around the trans-Golgi network, as well as juxatnuclear and proximal Golgi apparatus. Localizes at the base of the cilia near the morphological distinction between the cilia and plasma membranes. Expressed in the sperm annulus, neck and tail (PubMed:25588830). {ECO:0000269|PubMed:25588830}."
Q15311,,,,"SUBCELLULAR LOCATION: Cell membrane {ECO:0000269|PubMed:11437348}; Peripheral membrane protein {ECO:0000269|PubMed:10924126, ECO:0000269|PubMed:11437348, ECO:0000269|PubMed:15610018}. Cytoplasm, cytosol {ECO:0000269|PubMed:15610018, ECO:0000269|PubMed:22319010}. Cytoplasm, cytoskeleton, spindle pole {ECO:0000250|UniProtKB:Q62796}. Nucleus {ECO:0000269|PubMed:22319010}. Mitochondrion {ECO:0000269|PubMed:21822277}. Note=Cytosolic protein that transiently associates with the mitotic spindle poles in early prophase, and dissociates from them after completion of mitosis (By similarity). Targeted to the plasma membrane through its interaction with RALB, directed by FGF signaling. Docking on the membrane is required to transduce the Ral signal (By similarity). Recruited by RALA to the mitochondrion during mitosis where it regulates mitochondrial fission (PubMed:21822277). Nuclear localization is cell cycle dependent while membrane localization is seen in adherent cells (PubMed:22319010). The region involved in membrane association could form transmembrane domains and expose a part of the protein extracellularly (Probable). {ECO:0000250|UniProtKB:Q62796, ECO:0000250|UniProtKB:Q9PT60, ECO:0000269|PubMed:21822277, ECO:0000269|PubMed:22319010, ECO:0000305|PubMed:15610018}."
Q13451,,,,SUBCELLULAR LOCATION: Cytoplasm {ECO:0000250|UniProtKB:Q64378}. Nucleus {ECO:0000250|UniProtKB:Q64378}.
Q13685,,,,SUBCELLULAR LOCATION: Cell membrane. Cytoplasm.
Q13907,,,,SUBCELLULAR LOCATION: Peroxisome {ECO:0000250|UniProtKB:O35586}.
Q14004,,,,SUBCELLULAR LOCATION: Nucleus speckle {ECO:0000269|PubMed:16721827}.
Q14320,,,,SUBCELLULAR LOCATION: Nucleus {ECO:0000269|PubMed:32703943}.
Q14692,,,,"SUBCELLULAR LOCATION: Nucleus, nucleolus {ECO:0000269|PubMed:27474224, ECO:0000269|PubMed:34516797}."
Q14703,SIGNAL 1..17,"TRANSMEM 999..1021; /note=""Helical""; /evidence=""ECO:0000255""","TOPO_DOM 187..998; /note=""Lumenal""; /evidence=""ECO:0000255""; TOPO_DOM 1022..1052; /note=""Cytoplasmic""; /evidence=""ECO:0000255""","SUBCELLULAR LOCATION: Endoplasmic reticulum membrane {ECO:0000269|PubMed:9990022}; Single-pass type I membrane protein {ECO:0000269|PubMed:9990022}. Golgi apparatus membrane {ECO:0000269|PubMed:34349020, ECO:0000269|PubMed:9990022}; Single-pass type I membrane protein {ECO:0000269|PubMed:9990022}. Secreted {ECO:0000269|PubMed:9990022}. Mitochondrion {ECO:0000269|PubMed:35362222}. Note=May sort to other organelles, including lysosomal and/or endosomal compartments. The 98 kDa form is secreted. {ECO:0000269|PubMed:9990022}."
Q14997,,,,"SUBCELLULAR LOCATION: Cytoplasm, cytosol {ECO:0000250}. Nucleus {ECO:0000269|PubMed:12093752}. Nucleus speckle {ECO:0000250}. Note=Found in nuclear foci following treatment with ionizing radiation, but not with ultraviolet irradiation or H(2)O(2)."
Q15003,,,,"SUBCELLULAR LOCATION: Nucleus {ECO:0000269|PubMed:11694586}. Cytoplasm {ECO:0000269|PubMed:11694586}. Chromosome {ECO:0000269|PubMed:11694586}. Note=In interphase cells, the majority of the condensin complex is found in the cytoplasm, while a minority of the complex is associated with chromatin. A subpopulation of the complex however remains associated with chromosome foci in interphase cells. During mitosis, most of the condensin complex is associated with the chromatin. At the onset of prophase, the regulatory subunits of the complex are phosphorylated by CDK1, leading to condensin's association with chromosome arms and to chromosome condensation. Dissociation from chromosomes is observed in late telophase."
Q15012,,"TRANSMEM 29..49; /note=""Helical""; /evidence=""ECO:0000255""; TRANSMEM 82..102; /note=""Helical""; /evidence=""ECO:0000255""; TRANSMEM 108..128; /note=""Helical""; /evidence=""ECO:0000255""; TRANSMEM 160..180; /note=""Helical""; /evidence=""ECO:0000255""",,SUBCELLULAR LOCATION: Endomembrane system {ECO:0000305}; Multi-pass membrane protein {ECO:0000305}. Note=May reside in an intracellular membrane-bound compartment. {ECO:0000305}.
Q15029,,,,"SUBCELLULAR LOCATION: Nucleus {ECO:0000269|PubMed:20858735, ECO:0000269|PubMed:26912367, ECO:0000269|PubMed:28076346, ECO:0000269|PubMed:28502770, ECO:0000269|PubMed:28781166, ECO:0000269|PubMed:29301961, ECO:0000269|PubMed:29360106, ECO:0000269|PubMed:29361316, ECO:0000269|PubMed:30315277, ECO:0000269|PubMed:30705154}."
Q15057,,,,SUBCELLULAR LOCATION: Cell membrane {ECO:0000269|PubMed:30905672}. Endosome membrane {ECO:0000250}; Peripheral membrane protein {ECO:0000250}. Note=Colocalizes with RAB35 at the membrane protrusions of HEK293T cells. {ECO:0000269|PubMed:30905672}.
Q15126,,,,"SUBCELLULAR LOCATION: Cytoplasm, cytosol {ECO:0000269|PubMed:10191291, ECO:0000269|PubMed:27052676}."
Q15233,,,,"SUBCELLULAR LOCATION: Nucleus {ECO:0000269|PubMed:22416126, ECO:0000269|PubMed:28712728}. Nucleus, nucleolus. Nucleus speckle {ECO:0000269|PubMed:22416126, ECO:0000269|PubMed:28712728}. Chromosome {ECO:0000250|UniProtKB:Q99K48}. Note=Detected in punctate subnuclear structures often located adjacent to splicing speckles, called paraspeckles. {ECO:0000269|PubMed:22416126, ECO:0000269|PubMed:28712728}."
Q13523,,,,"SUBCELLULAR LOCATION: Nucleus {ECO:0000269|PubMed:12077342}. Chromosome, centromere, kinetochore {ECO:0000269|PubMed:17998396}. Note=Located throughout the nucleus, excluding the nucleolus but enriched in multiple speckles. {ECO:0000269|PubMed:12077342}."
Q13614,,,,"SUBCELLULAR LOCATION: Cytoplasm {ECO:0000269|PubMed:11733541, ECO:0000269|PubMed:12668758, ECO:0000269|PubMed:15998640}. Early endosome membrane {ECO:0000269|PubMed:15998640, ECO:0000269|PubMed:21372139}; Peripheral membrane protein {ECO:0000269|PubMed:15998640, ECO:0000269|PubMed:21372139}. Cytoplasm, perinuclear region {ECO:0000269|PubMed:12668758}. Cell projection, axon {ECO:0000250|UniProtKB:Q9Z2D1}. Endosome membrane {ECO:0000250|UniProtKB:Q9Z2D1}; Peripheral membrane protein {ECO:0000305}. Note=Partly associated with membranes (PubMed:12668758, PubMed:15998640, PubMed:21372139). Localizes to vacuoles in hypo-osmotic conditions (By similarity). {ECO:0000250|UniProtKB:Q9Z2D1, ECO:0000269|PubMed:12668758, ECO:0000269|PubMed:15998640, ECO:0000269|PubMed:21372139}."
Q13615,,,,"SUBCELLULAR LOCATION: Cytoplasm, cytosol {ECO:0000269|PubMed:10733931, ECO:0000269|PubMed:11676921}. Membrane {ECO:0000269|PubMed:10733931, ECO:0000269|PubMed:11676921}; Peripheral membrane protein {ECO:0000269|PubMed:10733931, ECO:0000269|PubMed:11676921}."
Q13823,,,,"SUBCELLULAR LOCATION: Nucleus, nucleolus {ECO:0000269|PubMed:12429849, ECO:0000269|PubMed:21495629}."
Q13895,,,,"SUBCELLULAR LOCATION: Cytoplasm {ECO:0000269|PubMed:17381424}. Nucleus, nucleolus {ECO:0000269|PubMed:17381424, ECO:0000269|PubMed:26711351}. Note=Associated with 40S ribosomal subunits."
Q14012,,,,SUBCELLULAR LOCATION: Cytoplasm {ECO:0000250}. Nucleus {ECO:0000250}. Note=Predominantly cytoplasmic. {ECO:0000250}.
Q14247,,,,"SUBCELLULAR LOCATION: Cytoplasm, cytoskeleton {ECO:0000269|PubMed:12151401}. Cell projection, lamellipodium {ECO:0000269|PubMed:12151401, ECO:0000269|PubMed:24574519}. Cell projection, ruffle. Cell projection, dendrite {ECO:0000250}. Cell projection {ECO:0000250|UniProtKB:Q66HL2}. Cell membrane {ECO:0000305|PubMed:17959782}; Peripheral membrane protein {ECO:0000305}; Cytoplasmic side {ECO:0000305}. Cell projection, podosome {ECO:0000250|UniProtKB:Q01406}. Cell junction {ECO:0000250|UniProtKB:Q66HL2}. Cell junction, focal adhesion {ECO:0000250|UniProtKB:Q66HL2}. Membrane, clathrin-coated pit {ECO:0000250|UniProtKB:Q66HL2}. Cell projection, dendritic spine {ECO:0000250}. Cytoplasm, cell cortex {ECO:0000269|PubMed:12151401}. Endoplasmic reticulum {ECO:0000250|UniProtKB:Q01406}. Note=Colocalizes transiently with PTK2/FAK1 at focal adhesions (By similarity). Associated with membrane ruffles and lamellipodia. In the presence of CTTNBP2NL, colocalizes with stress fibers (By similarity). In the presence of CTTNBP2, localizes at the cell cortex (By similarity). In response to neuronal activation by glutamate, redistributes from dendritic spines to the dendritic shaft (By similarity). Colocalizes with DNM2 at the basis of filopodia in hippocampus neuron growth zones (By similarity). {ECO:0000250|UniProtKB:Q60598, ECO:0000250|UniProtKB:Q66HL2}."
Q14444,,,,"SUBCELLULAR LOCATION: Cytoplasm, Cytoplasmic ribonucleoprotein granule {ECO:0000269|PubMed:17210633, ECO:0000269|PubMed:31439799}. Cytoplasm, cytosol {ECO:0000269|PubMed:28733330}. Cell projection, dendrite {ECO:0000269|PubMed:35979925}. Cell projection, lamellipodium {ECO:0000269|PubMed:28733330}. Note=Mediates formation and localizes to cytoplasmic ribonucleoprotein membraneless compartments (PubMed:31439799). Associated with RNA granules. At the leading edge of migrating fibroblasts, colocalizes with DDX3X (PubMed:28733330). {ECO:0000269|PubMed:28733330, ECO:0000269|PubMed:31439799}.; SUBCELLULAR LOCATION: Cytoplasm, cytosol. Note=(Microbial infection) In case of reovirus infection, associates with the outer peripheries of viral factories in a G3BP1 dependent manner. {ECO:0000269|PubMed:28794026}."
Q14457,,,,"SUBCELLULAR LOCATION: Cytoplasm {ECO:0000269|PubMed:19713971, ECO:0000269|PubMed:21364619, ECO:0000269|PubMed:22498477, ECO:0000269|PubMed:25484083}. Golgi apparatus, trans-Golgi network membrane {ECO:0000269|PubMed:19050071}; Peripheral membrane protein {ECO:0000269|PubMed:19050071}. Endosome membrane {ECO:0000269|PubMed:23878393}; Peripheral membrane protein {ECO:0000269|PubMed:23878393}. Endoplasmic reticulum membrane {ECO:0000269|PubMed:23878393}; Peripheral membrane protein {ECO:0000269|PubMed:23878393}. Mitochondrion membrane {ECO:0000269|PubMed:23878393}; Peripheral membrane protein {ECO:0000269|PubMed:23878393}. Endosome {ECO:0000250|UniProtKB:O88597}. Cytoplasmic vesicle, autophagosome {ECO:0000305}. Note=Interaction with ATG14 promotes translocation to autophagosomes. Expressed in dendrites and cell bodies of cerebellar Purkinje cells (By similarity). {ECO:0000250|UniProtKB:O88597, ECO:0000269|PubMed:19050071}.; SUBCELLULAR LOCATION: [Beclin-1-C 35 kDa]: Mitochondrion {ECO:0000269|PubMed:21364619, ECO:0000269|PubMed:26263979}. Nucleus {ECO:0000269|PubMed:19713971}. Cytoplasm {ECO:0000269|PubMed:19713971}.; SUBCELLULAR LOCATION: [Beclin-1-C 37 kDa]: Mitochondrion {ECO:0000250|UniProtKB:O88597}."
Q14498,,,,SUBCELLULAR LOCATION: Nucleus speckle {ECO:0000269|PubMed:8227358}. Note=Concentrated in nuclear speckles (PubMed:8227358). Colocalizes with the core spliceosomal snRNP proteins (PubMed:8227358). {ECO:0000269|PubMed:8227358}.
Q14573,,"TRANSMEM 2203..2223; /note=""Helical""; /evidence=""ECO:0000255""; TRANSMEM 2236..2256; /note=""Helical""; /evidence=""ECO:0000255""; TRANSMEM 2265..2285; /note=""Helical""; /evidence=""ECO:0000255""; TRANSMEM 2326..2346; /note=""Helical""; /evidence=""ECO:0000255""; TRANSMEM 2369..2389; /note=""Helical""; /evidence=""ECO:0000255""; TRANSMEM 2497..2517; /note=""Helical""; /evidence=""ECO:0000255""","TOPO_DOM 1..2202; /note=""Cytoplasmic""; /evidence=""ECO:0000255""; TOPO_DOM 2224..2235; /note=""Extracellular""; /evidence=""ECO:0000255""; TOPO_DOM 2257..2264; /note=""Cytoplasmic""; /evidence=""ECO:0000255""; TOPO_DOM 2286..2325; /note=""Extracellular""; /evidence=""ECO:0000255""; TOPO_DOM 2347..2368; /note=""Cytoplasmic""; /evidence=""ECO:0000255""; TOPO_DOM 2390..2496; /note=""Extracellular""; /evidence=""ECO:0000255""; TOPO_DOM 2518..2671; /note=""Cytoplasmic""; /evidence=""ECO:0000255""","SUBCELLULAR LOCATION: Endoplasmic reticulum membrane {ECO:0000269|PubMed:39270020, ECO:0000269|PubMed:39560673}; Multi-pass membrane protein {ECO:0000255}. Cytoplasmic vesicle, secretory vesicle membrane {ECO:0000250|UniProtKB:Q8WN95}; Multi-pass membrane protein {ECO:0000255}. Note=Also localizes at mitochondria-associated membranes (MAMs). {ECO:0000269|PubMed:39270020}."
Q14642,,,,"SUBCELLULAR LOCATION: Cell membrane {ECO:0000269|PubMed:8626616, ECO:0000305|PubMed:8006039}; Lipid-anchor {ECO:0000269|PubMed:8626616, ECO:0000305}. Cell projection, dendrite {ECO:0000250|UniProtKB:Q7TNC9}."
Q14683,,,,"SUBCELLULAR LOCATION: Nucleus {ECO:0000269|PubMed:12199140}. Chromosome {ECO:0000269|PubMed:12199140}. Chromosome, centromere, kinetochore {ECO:0000269|PubMed:12199140}. Note=Associates with chromatin. Before prophase it is scattered along chromosome arms. During prophase, most of cohesin complexes dissociate from chromatin probably because of phosphorylation by PLK, except at centromeres, where cohesin complexes remain. At anaphase, the RAD21 subunit of the cohesin complex is cleaved, leading to the dissociation of the complex from chromosomes, allowing chromosome separation. In germ cells, cohesin complex dissociates from chromatin at prophase I, and may be replaced by a meiosis-specific cohesin complex. The phosphorylated form on Ser-957 and Ser-966 associates with chromatin during G1/S/G2 phases but not during M phase, suggesting that phosphorylation does not regulate cohesin function. Integral component of the functional centromere-kinetochore complex at the kinetochore region during mitosis."
Q14690,,,,"SUBCELLULAR LOCATION: Nucleus, nucleolus {ECO:0000269|PubMed:12429849, ECO:0000269|PubMed:14624448, ECO:0000269|PubMed:17654514}."
Q14694,,,,"SUBCELLULAR LOCATION: Cytoplasm {ECO:0000269|PubMed:20096447, ECO:0000269|PubMed:37582970}. Nucleus {ECO:0000269|PubMed:20096447, ECO:0000269|PubMed:24845384}. Early endosome {ECO:0000269|PubMed:19398555}. Note=Cytoplasmic in normal conditions (PubMed:20096447). After DNA damage, translocates to the nucleus following phosphorylation by ATM (PubMed:20096447). {ECO:0000269|PubMed:20096447}."
Q15075,,,,"SUBCELLULAR LOCATION: Early endosome membrane {ECO:0000269|PubMed:16086013, ECO:0000269|PubMed:7768953}; Peripheral membrane protein {ECO:0000269|PubMed:7768953}. Cytoplasm {ECO:0000269|PubMed:7768953}."
Q13464,,,,"SUBCELLULAR LOCATION: Cytoplasm {ECO:0000269|PubMed:8617235}. Cytoplasm, cytoskeleton, microtubule organizing center, centrosome, centriole {ECO:0000250|UniProtKB:P70335}. Golgi apparatus membrane {ECO:0000269|PubMed:12773565}; Peripheral membrane protein {ECO:0000269|PubMed:12773565}. Cell projection, bleb {ECO:0000269|PubMed:18694941}. Cytoplasm, cytoskeleton {ECO:0000250|UniProtKB:P70335}. Cell membrane {ECO:0000250|UniProtKB:P70335}. Cell projection, lamellipodium {ECO:0000250|UniProtKB:P70335}. Cell projection, ruffle {ECO:0000250|UniProtKB:P70335}. Note=A small proportion is associated with Golgi membranes (PubMed:12773565). Associated with the mother centriole and an intercentriolar linker (By similarity). Colocalizes with ITGB1BP1 and ITGB1 at the cell membrane predominantly in lamellipodia and membrane ruffles, but also in retraction fibers (By similarity). Localizes at the cell membrane in an ITGB1BP1-dependent manner (By similarity). {ECO:0000250|UniProtKB:P70335, ECO:0000269|PubMed:12773565}."
Q13503,,,,SUBCELLULAR LOCATION: Nucleus {ECO:0000305}.
Q13613,,,,SUBCELLULAR LOCATION: Cell membrane {ECO:0000250|UniProtKB:Q9Z2C4}; Peripheral membrane protein {ECO:0000250|UniProtKB:Q9Z2C4}; Cytoplasmic side {ECO:0000250|UniProtKB:Q9Z2C4}. Cytoplasm {ECO:0000250|UniProtKB:Q9Z2C4}.
Q13637,,,,"SUBCELLULAR LOCATION: Mitochondrion {ECO:0000269|PubMed:12186851}. Mitochondrion outer membrane {ECO:0000269|PubMed:23084991, ECO:0000305|PubMed:12186851}; Lipid-anchor {ECO:0000305|PubMed:12186851}. Cytoplasmic vesicle, phagosome {ECO:0000269|PubMed:21255211}. Cytoplasmic vesicle, phagosome membrane {ECO:0000305}; Lipid-anchor {ECO:0000305}; Cytoplasmic side {ECO:0000305}. Melanosome {ECO:0000250|UniProtKB:Q9CZE3}. Melanosome membrane {ECO:0000269|PubMed:23084991}. Note=Recruited to phagosomes containing S.aureus or M.tuberculosis (PubMed:21255211). The BLOC-3 complex, a heterodimer of HPS1 and HPS4 promotes its membrane localization (PubMed:23084991). {ECO:0000269|PubMed:21255211, ECO:0000269|PubMed:23084991}."
Q14185,,,,"SUBCELLULAR LOCATION: Cytoplasm {ECO:0000305}. Membrane {ECO:0000305}. Note=Recruited to membranes via its interaction with phosphatidylinositol 3,4,5-trisphosphate. {ECO:0000305}."
Q14542,,"TRANSMEM 13..33; /note=""Helical""; /evidence=""ECO:0000255""; TRANSMEM 70..90; /note=""Helical""; /evidence=""ECO:0000255""; TRANSMEM 99..119; /note=""Helical""; /evidence=""ECO:0000255""; TRANSMEM 124..144; /note=""Helical""; /evidence=""ECO:0000255""; TRANSMEM 162..182; /note=""Helical""; /evidence=""ECO:0000255""; TRANSMEM 193..213; /note=""Helical""; /evidence=""ECO:0000255""; TRANSMEM 291..311; /note=""Helical""; /evidence=""ECO:0000255""; TRANSMEM 324..344; /note=""Helical""; /evidence=""ECO:0000255""; TRANSMEM 360..380; /note=""Helical""; /evidence=""ECO:0000255""; TRANSMEM 386..406; /note=""Helical""; /evidence=""ECO:0000255""; TRANSMEM 432..452; /note=""Helical""; /evidence=""ECO:0000255""",,SUBCELLULAR LOCATION: Apical cell membrane {ECO:0000269|PubMed:23639800}; Multi-pass membrane protein {ECO:0000305}. Basolateral cell membrane {ECO:0000269|PubMed:12527552}; Multi-pass membrane protein {ECO:0000305}. Cell membrane {ECO:0000269|PubMed:40367900}; Multi-pass membrane protein {ECO:0000305}. Note=Localized to the apical membrane of Sertoli cells. {ECO:0000269|PubMed:23639800}.
Q15006,,,,"SUBCELLULAR LOCATION: Endoplasmic reticulum membrane {ECO:0000269|PubMed:22119785}; Peripheral membrane protein {ECO:0000269|PubMed:32439656, ECO:0000269|PubMed:32459176}; Cytoplasmic side {ECO:0000269|PubMed:22119785, ECO:0000269|PubMed:32439656}. Note=May also localize to the nuclear envelope. {ECO:0000250|UniProtKB:Q9CRD2}."
Q15036,,,,"SUBCELLULAR LOCATION: Cytoplasm {ECO:0000269|PubMed:11237770, ECO:0000269|PubMed:21512128}. Early endosome {ECO:0000269|PubMed:14739284, ECO:0000269|PubMed:15121882, ECO:0000269|PubMed:15769472, ECO:0000269|PubMed:21512128, ECO:0000269|PubMed:28892079}. Cytoplasmic vesicle membrane {ECO:0000269|PubMed:11237770, ECO:0000269|PubMed:16712798}; Peripheral membrane protein {ECO:0000269|PubMed:11237770}; Cytoplasmic side {ECO:0000269|PubMed:11237770}."
Q15041,,"TRANSMEM 42..62; /note=""Helical""; /evidence=""ECO:0000255""; TRANSMEM 66..86; /note=""Helical""; /evidence=""ECO:0000255""; TRANSMEM 134..175; /note=""Helical""; /evidence=""ECO:0000255""","TOPO_DOM 1..41; /note=""Cytoplasmic""; /evidence=""ECO:0000255""; TOPO_DOM 63..65; /note=""Lumenal""; /evidence=""ECO:0000255""; TOPO_DOM 87..133; /note=""Cytoplasmic""; /evidence=""ECO:0000255""; TOPO_DOM 176..203; /note=""Lumenal""; /evidence=""ECO:0000255""","SUBCELLULAR LOCATION: Endomembrane system {ECO:0000269|PubMed:10995579}; Multi-pass membrane protein {ECO:0000269|PubMed:10995579}. Endoplasmic reticulum membrane {ECO:0000269|PubMed:12754298, ECO:0000269|PubMed:24076029, ECO:0000269|PubMed:24262037}; Multi-pass membrane protein {ECO:0000269|PubMed:24076029}. Endoplasmic reticulum {ECO:0000250|UniProtKB:Q9JKW0}. Note=Predominantly localized to intracytoplasmic membranes. Preferentially localizes at the ER tubules and the edge of the ER sheets, both of which are characterized by a high membrane curvature. {ECO:0000269|PubMed:24262037}."
Q15043,"SIGNAL 1..30; /evidence=""ECO:0000255""","TRANSMEM 158..178; /note=""Helical""; /evidence=""ECO:0000255""; TRANSMEM 187..207; /note=""Helical""; /evidence=""ECO:0000255""; TRANSMEM 225..245; /note=""Helical""; /evidence=""ECO:0000255""; TRANSMEM 398..418; /note=""Helical""; /evidence=""ECO:0000255""; TRANSMEM 425..445; /note=""Helical""; /evidence=""ECO:0000255""; TRANSMEM 461..481; /note=""Helical""; /evidence=""ECO:0000255""","TOPO_DOM 31..157; /note=""Extracellular""; /evidence=""ECO:0000255""; TOPO_DOM 179..186; /note=""Cytoplasmic""; /evidence=""ECO:0000255""; TOPO_DOM 208..224; /note=""Extracellular""; /evidence=""ECO:0000255""; TOPO_DOM 246..397; /note=""Cytoplasmic""; /evidence=""ECO:0000255""; TOPO_DOM 419..424; /note=""Extracellular""; /evidence=""ECO:0000255""; TOPO_DOM 446..460; /note=""Cytoplasmic""; /evidence=""ECO:0000255""; TOPO_DOM 482..492; /note=""Extracellular""; /evidence=""ECO:0000255""","SUBCELLULAR LOCATION: Cell membrane {ECO:0000269|PubMed:15642354, ECO:0000269|PubMed:27231142, ECO:0000269|PubMed:27703010, ECO:0000269|PubMed:29621230}; Multi-pass membrane protein {ECO:0000255}. Apical cell membrane {ECO:0000269|PubMed:31699897}; Multi-pass membrane protein {ECO:0000255}. Basolateral cell membrane {ECO:0000269|PubMed:31028174, ECO:0000269|PubMed:31699897}; Multi-pass membrane protein {ECO:0000255}. Early endosome membrane {ECO:0000269|PubMed:20682781, ECO:0000269|PubMed:27703010}; Multi-pass membrane protein {ECO:0000255}. Late endosome membrane {ECO:0000269|PubMed:27703010}; Multi-pass membrane protein {ECO:0000255}. Lysosome membrane {ECO:0000269|PubMed:20682781}; Multi-pass membrane protein {ECO:0000255}. Note=Localized and functional at both apical and basolateral membranes of microvascular capillary endothelial cells that constitute the blood-brain barrier (PubMed:31699897). Localized at the basolateral membrane of enterocytes (PubMed:31028174). Enriched at the plasma membrane upon glucose uptake (PubMed:27703010). {ECO:0000269|PubMed:27703010, ECO:0000269|PubMed:31028174, ECO:0000269|PubMed:31699897}."
Q15059,,,,SUBCELLULAR LOCATION: Nucleus {ECO:0000269|PubMed:25593309}. Chromosome {ECO:0000269|PubMed:18406326}. Note=Detected on chromatin. {ECO:0000269|PubMed:18406326}.
Q15363,"SIGNAL 1..20; /evidence=""ECO:0000255""","TRANSMEM 169..189; /note=""Helical""; /evidence=""ECO:0000255""","TOPO_DOM 21..168; /note=""Lumenal""; /evidence=""ECO:0000255""; TOPO_DOM 190..201; /note=""Cytoplasmic""; /evidence=""ECO:0000255""","SUBCELLULAR LOCATION: Cytoplasmic vesicle membrane {ECO:0000305}; Single-pass type I membrane protein {ECO:0000255}. Cytoplasmic vesicle, COPI-coated vesicle membrane {ECO:0000269|PubMed:9472029}; Single-pass type I membrane protein {ECO:0000255}. Golgi apparatus, cis-Golgi network membrane {ECO:0000269|PubMed:10852829, ECO:0000269|PubMed:12237308}; Single-pass type I membrane protein {ECO:0000255}. Golgi apparatus, Golgi stack membrane {ECO:0000269|PubMed:10852829, ECO:0000269|PubMed:12237308}; Single-pass type I membrane protein {ECO:0000255}. Endoplasmic reticulum membrane {ECO:0000269|PubMed:10852829, ECO:0000269|PubMed:12237308}; Single-pass type I membrane protein {ECO:0000255}. Endoplasmic reticulum-Golgi intermediate compartment membrane {ECO:0000269|PubMed:12237308}; Single-pass type I membrane protein {ECO:0000255}. Note=Cycles between compartments of the early secretatory pathway. {ECO:0000269|PubMed:12237308}."
Q15382,,,,"SUBCELLULAR LOCATION: Endomembrane system {ECO:0000269|PubMed:22002721}; Lipid-anchor {ECO:0000269|PubMed:22002721}; Cytoplasmic side {ECO:0000269|PubMed:15489334}. Lysosome membrane {ECO:0000269|PubMed:24529379, ECO:0000269|PubMed:25816988, ECO:0000269|PubMed:33157014}; Lipid-anchor {ECO:0000269|PubMed:22002721}; Cytoplasmic side {ECO:0000269|PubMed:15489334}. Golgi apparatus membrane {ECO:0000269|PubMed:22002721}; Lipid-anchor {ECO:0000305|PubMed:22002721}; Cytoplasmic side {ECO:0000305|PubMed:22002721}. Endoplasmic reticulum membrane {ECO:0000269|PubMed:22002721}; Lipid-anchor {ECO:0000269|PubMed:22002721}; Cytoplasmic side {ECO:0000269|PubMed:22002721}. Cytoplasm, cytosol {ECO:0000269|PubMed:22002721}. Note=Farnesylation is required for recruitment to lysosomal membranes, where it activates the mTORC1 complex. {ECO:0000269|PubMed:24529379}."
Q13586,"SIGNAL 1..22; /evidence=""ECO:0000255""","TRANSMEM 214..234; /note=""Helical""; /evidence=""ECO:0000255""","TOPO_DOM 23..213; /note=""Extracellular""; /evidence=""ECO:0000255""; TOPO_DOM 235..685; /note=""Cytoplasmic""; /evidence=""ECO:0000255""","SUBCELLULAR LOCATION: Cell membrane; Single-pass type I membrane protein {ECO:0000269|PubMed:11004585, ECO:0000269|PubMed:16005298, ECO:0000269|PubMed:16208375, ECO:0000269|PubMed:18854159, ECO:0000269|PubMed:19249086, ECO:0000269|PubMed:19706554, ECO:0000269|PubMed:27185316, ECO:0000269|PubMed:28219928}. Endoplasmic reticulum membrane; Single-pass type I membrane protein {ECO:0000269|PubMed:16005298, ECO:0000269|PubMed:16208375, ECO:0000269|PubMed:18854159, ECO:0000269|PubMed:19249086, ECO:0000269|PubMed:26322679, ECO:0000269|PubMed:27185316, ECO:0000269|PubMed:30643259}. Cytoplasm, cytoskeleton {ECO:0000269|PubMed:19632184}. Sarcoplasmic reticulum {ECO:0000269|PubMed:25326555}. Note=Translocates from the endoplasmic reticulum to the cell membrane in response to a depletion of intracellular calcium and is detected at punctae corresponding to junctions between the endoplasmic reticulum and the cell membrane (PubMed:16005298, PubMed:16208375, PubMed:18854159, PubMed:19182790, PubMed:19249086). Associated with the microtubule network at the growing distal tip of microtubules (PubMed:19632184). Colocalizes with ORAI1 at the cell membrane (PubMed:27185316). Colocalizes preferentially with CASQ1 at endoplasmic reticulum in response to a depletion of intracellular calcium (PubMed:27185316). {ECO:0000269|PubMed:16005298, ECO:0000269|PubMed:16208375, ECO:0000269|PubMed:18854159, ECO:0000269|PubMed:19182790, ECO:0000269|PubMed:19249086, ECO:0000269|PubMed:19632184, ECO:0000269|PubMed:27185316}."
Q14978,,,,"SUBCELLULAR LOCATION: Nucleus, nucleolus {ECO:0000269|PubMed:7657714}. Cytoplasm {ECO:0000269|PubMed:7657714}. Note=Shuttles between the nucleolus and the cytoplasm. At telophase it begins to assemble into granular-like pre-nucleolar bodies which are subsequently relocated to nucleoli at the early G1-phase. {ECO:0000269|PubMed:7657714}."
Q13492,,,,"SUBCELLULAR LOCATION: Cell membrane {ECO:0000269|PubMed:16262731}. Membrane, clathrin-coated pit {ECO:0000269|PubMed:10436022}. Golgi apparatus {ECO:0000269|PubMed:10436022}. Cytoplasmic vesicle, clathrin-coated vesicle {ECO:0000269|PubMed:10436022}. Nucleus {ECO:0000269|PubMed:16491119}. Note=Colocalized with clathrin in the Golgi area (PubMed:10436022). Interaction with PIMREG may target PICALM to the nucleus in some cells (PubMed:16491119). {ECO:0000269|PubMed:10436022, ECO:0000269|PubMed:16491119}."
Q13501,,,,"SUBCELLULAR LOCATION: Cytoplasmic vesicle, autophagosome {ECO:0000269|PubMed:15953362, ECO:0000269|PubMed:16286508, ECO:0000269|PubMed:17580304, ECO:0000269|PubMed:20168092, ECO:0000269|PubMed:37802024}. Preautophagosomal structure {ECO:0000269|PubMed:34471133}. Cytoplasm, cytosol {ECO:0000269|PubMed:11786419, ECO:0000269|PubMed:11981755, ECO:0000269|PubMed:20168092, ECO:0000269|PubMed:20357094, ECO:0000269|PubMed:21923101, ECO:0000269|PubMed:22017874, ECO:0000269|PubMed:22792322, ECO:0000269|PubMed:29343546, ECO:0000269|PubMed:29507397, ECO:0000269|PubMed:31857589, ECO:0000269|PubMed:37306101, ECO:0000269|PubMed:37802024}. Nucleus, PML body {ECO:0000269|PubMed:20168092}. Late endosome {ECO:0000269|PubMed:12471037, ECO:0000269|PubMed:9566925}. Lysosome {ECO:0000269|PubMed:9566925}. Nucleus {ECO:0000269|PubMed:10708586}. Endoplasmic reticulum {ECO:0000269|PubMed:22178386}. Cytoplasm, myofibril, sarcomere {ECO:0000250|UniProtKB:O08623}. Note=In cardiac muscle, localizes to the sarcomeric band (By similarity). Localizes to cytoplasmic membraneless inclusion bodies, known as p62 bodies, containing polyubiquitinated protein aggregates (PubMed:11786419, PubMed:20357094, PubMed:22017874, PubMed:29343546, PubMed:29507397, PubMed:31857589, PubMed:37306101, PubMed:37802024). In neurodegenerative diseases, detected in Lewy bodies in Parkinson disease, neurofibrillary tangles in Alzheimer disease, and HTT aggregates in Huntington disease (PubMed:15158159). In protein aggregate diseases of the liver, found in large amounts in Mallory bodies of alcoholic and nonalcoholic steatohepatitis, hyaline bodies in hepatocellular carcinoma, and in SERPINA1 aggregates (PubMed:11981755). Enriched in Rosenthal fibers of pilocytic astrocytoma (PubMed:11786419). In the cytoplasm, observed in both membrane-free ubiquitin-containing protein aggregates (sequestosomes) and membrane-surrounded autophagosomes (PubMed:15953362, PubMed:17580304). Colocalizes with TRIM13 in the perinuclear endoplasmic reticulum (PubMed:22178386). Co-localizes with TRIM5 in cytoplasmic bodies (PubMed:20357094). When nuclear export is blocked by treatment with leptomycin B, accumulates in PML bodies (PubMed:20168092). {ECO:0000250|UniProtKB:O08623, ECO:0000269|PubMed:11786419, ECO:0000269|PubMed:11981755, ECO:0000269|PubMed:15158159, ECO:0000269|PubMed:15953362, ECO:0000269|PubMed:17580304, ECO:0000269|PubMed:20168092, ECO:0000269|PubMed:20357094, ECO:0000269|PubMed:22017874, ECO:0000269|PubMed:22178386, ECO:0000269|PubMed:29343546, ECO:0000269|PubMed:29507397, ECO:0000269|PubMed:31857589, ECO:0000269|PubMed:37306101, ECO:0000269|PubMed:37802024}."
Q14103,,,,SUBCELLULAR LOCATION: Nucleus. Cytoplasm. Note=Localized in cytoplasmic mRNP granules containing untranslated mRNAs. Component of ribonucleosomes. Cytoplasmic localization oscillates diurnally.
Q15286,,,,"SUBCELLULAR LOCATION: Cell membrane {ECO:0000269|PubMed:16950109, ECO:0000269|PubMed:21951725, ECO:0000269|PubMed:30905672}; Lipid-anchor {ECO:0000305}; Cytoplasmic side {ECO:0000305}. Membrane, clathrin-coated pit {ECO:0000269|PubMed:16950109}. Cytoplasmic vesicle, clathrin-coated vesicle {ECO:0000269|PubMed:16950109}. Endosome {ECO:0000269|PubMed:16950109, ECO:0000269|PubMed:21951725}. Melanosome {ECO:0000269|PubMed:17081065}. Note=Present on sorting endosomes and recycling endosome tubules (PubMed:16950109). Tends to be enriched in PIP2-positive cell membrane domains (PubMed:16950109). During mitosis, associated with the plasma membrane and present at the ingressing furrow during early cytokinesis as well as at the intercellular bridge later during cytokinesis (PubMed:16950109). Identified in stage I to stage IV melanosomes (PubMed:17081065). Colocalizes with ACAP2 and RUSC2 at the membrane protrusions of HEK293T cells (PubMed:30905672). {ECO:0000269|PubMed:16950109, ECO:0000269|PubMed:17081065, ECO:0000269|PubMed:30905672}."
Q13740,"SIGNAL 1..27; /evidence=""ECO:0000255""","TRANSMEM 528..549; /note=""Helical""; /evidence=""ECO:0000255""","TOPO_DOM 28..527; /note=""Extracellular""; /evidence=""ECO:0000255""; TOPO_DOM 550..583; /note=""Cytoplasmic""; /evidence=""ECO:0000255""","SUBCELLULAR LOCATION: Cell membrane {ECO:0000269|PubMed:15048703, ECO:0000269|PubMed:15294938, ECO:0000269|PubMed:16352806, ECO:0000269|PubMed:23169771, ECO:0000269|PubMed:24740813, ECO:0000269|PubMed:24945728, ECO:0000269|PubMed:7760007}; Single-pass type I membrane protein {ECO:0000305}. Cell projection, axon {ECO:0000250|UniProtKB:Q61490}. Cell projection, dendrite {ECO:0000250|UniProtKB:Q61490}. Note=Detected at the immunological synapse, i.e, at the contact zone between antigen-presenting dendritic cells and T-cells (PubMed:15294938, PubMed:16352806). Colocalizes with CD6 and the TCR/CD3 complex at the immunological synapse (PubMed:15294938). {ECO:0000269|PubMed:15294938, ECO:0000269|PubMed:16352806}.; SUBCELLULAR LOCATION: [Isoform 3]: Secreted {ECO:0000269|PubMed:15496415}."
Q15011,,"TRANSMEM 264..284; /note=""Helical""; /evidence=""ECO:0000255""; TRANSMEM 290..310; /note=""Helical""; /evidence=""ECO:0000255""","TOPO_DOM 1..263; /note=""Cytoplasmic""; /evidence=""ECO:0000255""; TOPO_DOM 285..289; /note=""Lumenal""; /evidence=""ECO:0000255""; TOPO_DOM 311..391; /note=""Cytoplasmic""; /evidence=""ECO:0000255""",SUBCELLULAR LOCATION: Endoplasmic reticulum membrane {ECO:0000269|PubMed:10922362}; Multi-pass membrane protein {ECO:0000269|PubMed:10922362}.
Q14008,,,,"SUBCELLULAR LOCATION: Cytoplasm, cytoskeleton, microtubule organizing center, centrosome {ECO:0000269|PubMed:14654843, ECO:0000269|PubMed:21646404, ECO:0000269|PubMed:25596274, ECO:0000269|PubMed:9570755}. Cytoplasm, cytoskeleton, spindle pole {ECO:0000269|PubMed:21646404}. Cytoplasm, cytoskeleton, spindle {ECO:0000269|PubMed:21297582, ECO:0000269|PubMed:25596274, ECO:0000269|PubMed:9570755}. Chromosome, centromere, kinetochore {ECO:0000269|PubMed:25596274}. Note=Detected on centrosomes and kinetochores during interphase and mitosis independently from TACC3 and clathrin. Located to spindle poles and microtubules during mitosis. In complex with TACC3 localized to microtubule plus-ends in mitosis and interphase. In complex with TACC3 and clathrin localized to inter-microtubule bridges in mitotic spindles. Accumulation sites at microtubule plus ends protruded approximately 100 nm from MAPRE1/EB1 sites in interphase cells. {ECO:0000269|PubMed:21646404, ECO:0000269|PubMed:23251535, ECO:0000269|PubMed:25596274}."
Q14141,,,,"SUBCELLULAR LOCATION: Cytoplasm {ECO:0000269|PubMed:15774761}. Cytoplasm, cytoskeleton, spindle {ECO:0000269|PubMed:15774761}. Chromosome, centromere, kinetochore {ECO:0000269|PubMed:15774761}. Cleavage furrow {ECO:0000269|PubMed:15774761}. Midbody {ECO:0000269|PubMed:15774761}. Cell projection, cilium, flagellum {ECO:0000269|PubMed:25588830}. Note=In metaphase cells, localized within the microtubule spindle. At the metaphase plate, in close apposition to the kinetochores of the congressed chromosomes. In cells undergoing cytokinesis, localized to the midbody, the ingressing cleavage furrow, and the central spindle. Expressed in the sperm annulus and head (PubMed:25588830). {ECO:0000269|PubMed:25588830}."
Q14677,,,,"SUBCELLULAR LOCATION: Cytoplasm. Cytoplasm, perinuclear region. Membrane; Peripheral membrane protein. Cytoplasmic vesicle, clathrin-coated vesicle. Note=Found throughout the cell, with the exception of the cell surface. Concentrated in the perinuclear region and associated with clathrin-coated vesicles close to the trans-Golgi network."
Q13838,,,,SUBCELLULAR LOCATION: Nucleus. Nucleus speckle. Cytoplasm. Note=Can translocate to the cytoplasm in the presence of MX1. TREX complex assembly seems to occur in regions surrounding nuclear speckles known as perispeckles.
Q14318,,"TRANSMEM 390..410; /note=""Helical""; /evidence=""ECO:0000255""",,"SUBCELLULAR LOCATION: Mitochondrion {ECO:0000269|PubMed:16176796}. Mitochondrion membrane {ECO:0000305}; Single-pass membrane protein; Cytoplasmic side {ECO:0000305}.; SUBCELLULAR LOCATION: [Isoform 1]: Mitochondrion membrane {ECO:0000269|PubMed:12510191, ECO:0000269|PubMed:18385096}; Single-pass membrane protein; Cytoplasmic side {ECO:0000305}.; SUBCELLULAR LOCATION: [Isoform 3]: Mitochondrion membrane {ECO:0000269|PubMed:18385096}; Single-pass membrane protein; Cytoplasmic side {ECO:0000305}."
Q14807,,,,"SUBCELLULAR LOCATION: Nucleus {ECO:0000269|PubMed:8599929}. Cytoplasm, cytoskeleton {ECO:0000305}."
Q14CB8,,,,"SUBCELLULAR LOCATION: Nucleus {ECO:0000269|PubMed:17454002, ECO:0000269|PubMed:24259668}. Cytoplasm {ECO:0000269|PubMed:24259668}. Cytoplasm, cell cortex {ECO:0000269|PubMed:24259668}. Note=Localization changes during the cell cycle. In prophase and metaphase, it is dispersed in the cytoplasm; after anaphase onset, it is recruited at the cell cortex, and during cleavage furrow ingression and until the end of telophase, it concentrates at the equatorial cortex. {ECO:0000269|PubMed:24259668}."
Q13596,,,,"SUBCELLULAR LOCATION: Endosome membrane {ECO:0000269|PubMed:15498486, ECO:0000269|PubMed:18088323, ECO:0000269|PubMed:22431521}; Peripheral membrane protein; Cytoplasmic side. Golgi apparatus, trans-Golgi network membrane {ECO:0000305}; Peripheral membrane protein {ECO:0000305}; Cytoplasmic side {ECO:0000305}. Early endosome membrane; Peripheral membrane protein; Cytoplasmic side. Cell projection, lamellipodium {ECO:0000269|PubMed:20604901}. Note=Enriched on tubular elements of the early endosome membrane. Binds preferentially to highly curved membranes enriched in phosphatidylinositol 3-phosphate (PtdIns(3P)) or phosphatidylinositol 3,5-bisphosphate (PtdIns(3,5)P2) (PubMed:15498486). Colocalized with SORT1 to tubular endosomal membrane structures called endosome-to-TGN transport carriers (ETCs) which are budding from early endosome vacuoles just before maturing into late endosome vacuoles (PubMed:18088323). Colocalizes with DNAJC13 and Shiginella dysenteria toxin stxB on early endosomes (PubMed:19874558). Colocalized with F-actin at the leading edge of lamellipodia in a KALRN-dependent manner (PubMed:20604901). {ECO:0000269|PubMed:15498486, ECO:0000269|PubMed:18088323, ECO:0000269|PubMed:20604901}."
Q14155,,,,"SUBCELLULAR LOCATION: Cell junction, focal adhesion {ECO:0000250}. Cell projection, ruffle {ECO:0000250}. Cytoplasm, cell cortex {ECO:0000250}. Cell projection, lamellipodium {ECO:0000250}. Note=Detected at cell adhesions. A small proportion is detected at focal adhesions."
Q14980,,,,"SUBCELLULAR LOCATION: Nucleus {ECO:0000269|PubMed:1541630, ECO:0000269|PubMed:23921553, ECO:0000269|PubMed:27462074}. Nucleus, nucleoplasm {ECO:0000269|PubMed:10811826}. Nucleus matrix {ECO:0000269|PubMed:10075938, ECO:0000269|PubMed:11956313, ECO:0000269|PubMed:1541636, ECO:0000269|PubMed:7962183}. Chromosome {ECO:0000269|PubMed:1541630}. Cytoplasm, cytoskeleton {ECO:0000269|PubMed:11956313, ECO:0000269|PubMed:12445386, ECO:0000269|PubMed:26765568}. Cytoplasm, cytoskeleton, microtubule organizing center, centrosome {ECO:0000269|PubMed:10811826, ECO:0000269|PubMed:1541630, ECO:0000269|PubMed:1541636, ECO:0000269|PubMed:25657325, ECO:0000269|PubMed:26562023, ECO:0000269|PubMed:26765568}. Cytoplasm, cytoskeleton, spindle pole {ECO:0000269|PubMed:10811826, ECO:0000269|PubMed:11781568, ECO:0000269|PubMed:11956313, ECO:0000269|PubMed:12445386, ECO:0000269|PubMed:1541630, ECO:0000269|PubMed:1541636, ECO:0000269|PubMed:16076287, ECO:0000269|PubMed:21816348, ECO:0000269|PubMed:22327364, ECO:0000269|PubMed:23870127, ECO:0000269|PubMed:23921553, ECO:0000269|PubMed:24109598, ECO:0000269|PubMed:24996901, ECO:0000269|PubMed:25657325, ECO:0000269|PubMed:26195665, ECO:0000269|PubMed:26246606, ECO:0000269|PubMed:26562023, ECO:0000269|PubMed:27462074, ECO:0000269|PubMed:7769006, ECO:0000269|PubMed:7962183}. Cytoplasm, cell cortex {ECO:0000269|PubMed:21816348, ECO:0000269|PubMed:22327364, ECO:0000269|PubMed:23870127, ECO:0000269|PubMed:23921553, ECO:0000269|PubMed:24109598, ECO:0000269|PubMed:24996901}. Cell membrane {ECO:0000269|PubMed:24371089, ECO:0000269|PubMed:24996901}; Lipid-anchor {ECO:0000269|PubMed:24371089, ECO:0000269|PubMed:24996901}; Cytoplasmic side {ECO:0000269|PubMed:24371089, ECO:0000269|PubMed:24996901}. Lateral cell membrane {ECO:0000250|UniProtKB:E9Q7G0}. Note=Mitotic cell cycle-dependent shuttling protein that relocalizes from the interphase nucleus to the spindle poles and cell cortex (PubMed:10811826, PubMed:1541636). The localization to the spindle poles is regulated by AAAS (PubMed:26246606). In interphase, resides in the nuclear matrix (PubMed:1541630, PubMed:1541636, PubMed:23921553). In prophase, restricted to the interchromatin or condensed chromosome space (PubMed:10811826). In prometaphase, after nuclear envelope disassembly, forms aggregates both in the spindle midzone and at duplicated centrosomes and astral microtubules (MTs) of the bipolar spindle apparatus (PubMed:10811826). Translocates from the spindle midzone towards the spindle poles along spindle fibers in a MT- and dynein-dynactin-dependent manner until the anaphase onset (PubMed:10811826, PubMed:1541636). In metaphase, recruited to the polar cortical region in a GPSM2- and GNAI1-dependent manner (PubMed:23870127, PubMed:24109598, PubMed:24996901). Excluded from the metaphase equatorial cortical region in a RanGTP-dependent manner (PubMed:22327364, PubMed:23870127). Phosphorylation on Thr-2055 by CDK1 results in its localization at spindle poles in metaphase, but not at the cell cortex (PubMed:23921553). In anaphase, recruited and anchored at the cell membrane of the polar cortical region in a EPB41-, EPB41L2-, phosphatidylinositol-dependent and GPSM2- and G(i) alpha proteins-independent manner (PubMed:23870127, PubMed:24109598, PubMed:24371089, PubMed:24996901). Excluded from the anaphase equatorial region of the cell cortex in a RACGAP1- and KIF23-dependent and RanGTP-independent manner (PubMed:24996901). Associated with astral MTs emanating from the spindle poles during anaphase (PubMed:12445386, PubMed:24996901). Nonphosphorylated Thr-2055 localizes at the cell cortex, weakly during metaphase and more prominently during anaphase in a phosphatase PPP2CA-dependent manner (PubMed:23921553). As mitosis progresses it reassociates with telophase chromosomes very early during nuclear reformation, before substantial accumulation of lamins on chromosomal surfaces is evident (PubMed:1541636). Localizes to the tips of cortical MTs in prometaphase (PubMed:26765568). Localizes along MTs and specifically to both MT plus and minus ends (PubMed:26765568). Also accumulates at MT tips near the cell periphery (PubMed:26765568). Colocalizes with GPSM2 at mitotic spindle poles during mitosis (PubMed:11781568, PubMed:21816348). Colocalizes with SPAG5 at mitotic spindle at prometaphase and at mitotic spindle poles at metaphase and anaphase (PubMed:27462074). Colocalizes with ABRO1 at mitotic spindle poles (PubMed:26195665). Colocalized with TNKS from prophase through to anaphase in mitosis (PubMed:16076287). Colocalizes with tubulin alpha (PubMed:12445386). CCSAP is essential for its centrosomal localization (PubMed:26562023). In horizontally retinal progenitor dividing cells, localized to the lateral cortical region (By similarity). {ECO:0000250|UniProtKB:E9Q7G0, ECO:0000269|PubMed:10811826, ECO:0000269|PubMed:11781568, ECO:0000269|PubMed:12445386, ECO:0000269|PubMed:1541630, ECO:0000269|PubMed:1541636, ECO:0000269|PubMed:16076287, ECO:0000269|PubMed:21816348, ECO:0000269|PubMed:22327364, ECO:0000269|PubMed:23870127, ECO:0000269|PubMed:23921553, ECO:0000269|PubMed:24109598, ECO:0000269|PubMed:24371089, ECO:0000269|PubMed:24996901, ECO:0000269|PubMed:26195665, ECO:0000269|PubMed:26246606, ECO:0000269|PubMed:26562023, ECO:0000269|PubMed:26765568, ECO:0000269|PubMed:27462074}.; SUBCELLULAR LOCATION: [Isoform 3]: Cytoplasm, cytosol {ECO:0000269|PubMed:7962183}. Cytoplasm, cytoskeleton, microtubule organizing center, centrosome {ECO:0000269|PubMed:7962183}. Cytoplasm, cytoskeleton, spindle pole {ECO:0000269|PubMed:7962183}. Note=During interphase, mainly clustered at the centrosomal region in the cytosol. After entry into mitosis, detected at mitotic spindle poles. {ECO:0000269|PubMed:7962183}.; SUBCELLULAR LOCATION: [Isoform 4]: Cytoplasm, cytosol {ECO:0000269|PubMed:7962183}. Cytoplasm, cytoskeleton, microtubule organizing center, centrosome {ECO:0000269|PubMed:7962183}. Cytoplasm, cytoskeleton, spindle pole {ECO:0000269|PubMed:7962183}. Note=During interphase, mainly clustered at the centrosomal region in the cytosol. After entry into mitosis, detected at mitotic spindle poles. {ECO:0000269|PubMed:7962183}."
Q15008,,,,
Q14680,,,,"SUBCELLULAR LOCATION: Cell membrane {ECO:0000269|PubMed:16159311, ECO:0000269|PubMed:21145462}; Peripheral membrane protein {ECO:0000269|PubMed:16159311, ECO:0000269|PubMed:21145462}."
Q15131,,,,"SUBCELLULAR LOCATION: Cytoplasm, cytoskeleton, cilium basal body {ECO:0000269|PubMed:27104747}."
Q13555,,,,SUBCELLULAR LOCATION: Sarcoplasmic reticulum membrane {ECO:0000305}; Peripheral membrane protein {ECO:0000305}; Cytoplasmic side {ECO:0000305}.
Q15459,,,,"SUBCELLULAR LOCATION: Nucleus {ECO:0000269|PubMed:10882114, ECO:0000269|PubMed:29360106, ECO:0000269|PubMed:30315277}. Nucleus speckle {ECO:0000269|PubMed:21349847}."
Q15573,,,,"SUBCELLULAR LOCATION: Nucleus, nucleolus {ECO:0000305|PubMed:11250903, ECO:0000305|PubMed:11283244}."
Q15738,,"TRANSMEM 298..318; /note=""Helical""; /evidence=""ECO:0000255""",,SUBCELLULAR LOCATION: Endoplasmic reticulum membrane {ECO:0000269|PubMed:21129721}; Single-pass membrane protein {ECO:0000255}. Lipid droplet {ECO:0000250|UniProtKB:Q9R1J0}. Note=Trafficking through the Golgi is necessary for ER membrane localization. {ECO:0000250|UniProtKB:Q9R1J0}.
Q15836,,"TRANSMEM 78..98; /note=""Helical; Anchor for type IV membrane protein""; /evidence=""ECO:0000255""","TOPO_DOM 2..77; /note=""Cytoplasmic""; /evidence=""ECO:0000255""; TOPO_DOM 99..100; /note=""Vesicular""; /evidence=""ECO:0000255""","SUBCELLULAR LOCATION: Early endosome membrane {ECO:0000269|PubMed:23353890}; Single-pass type IV membrane protein {ECO:0000255}. Recycling endosome membrane {ECO:0000269|PubMed:23353890}; Single-pass type IV membrane protein {ECO:0000255}. Synapse, synaptosome {ECO:0000305}."
Q16514,,,,"SUBCELLULAR LOCATION: Nucleus {ECO:0000269|PubMed:11564863, ECO:0000269|PubMed:9674425}."
Q16584,,,,"SUBCELLULAR LOCATION: Cytoplasm, cytoskeleton, microtubule organizing center, centrosome {ECO:0000269|PubMed:12529434}. Note=Location is cell cycle dependent."
Q16637,,,,"SUBCELLULAR LOCATION: Nucleus, gem {ECO:0000269|PubMed:11283611, ECO:0000269|PubMed:8670859, ECO:0000305|PubMed:12067652}. Nucleus, Cajal body {ECO:0000269|PubMed:11283611, ECO:0000269|PubMed:21072240, ECO:0000305|PubMed:12067652}. Cytoplasm {ECO:0000269|PubMed:11283611, ECO:0000269|PubMed:8670859, ECO:0000305|PubMed:12067652}. Cytoplasmic granule {ECO:0000269|PubMed:14715275}. Perikaryon {ECO:0000269|PubMed:18093976}. Cell projection, neuron projection {ECO:0000269|PubMed:18093976}. Cell projection, axon {ECO:0000250|UniProtKB:P97801}. Cytoplasm, myofibril, sarcomere, Z line {ECO:0000250|UniProtKB:P97801}. Note=Colocalizes with actin and at the Z-line of skeletal muscle (By similarity). Under stress conditions colocalizes with RPP20/POP7 in punctuated cytoplasmic granules (PubMed:14715275). Colocalized and redistributed with ZPR1 from the cytoplasm to nuclear gems (Gemini of coiled bodies) and Cajal bodies (PubMed:11283611). Colocalizes with FMR1 in cytoplasmic granules in the soma and neurite cell processes (PubMed:18093976). {ECO:0000250|UniProtKB:P97801, ECO:0000269|PubMed:11283611, ECO:0000269|PubMed:14715275, ECO:0000269|PubMed:18093976}."
Q16659,,,,SUBCELLULAR LOCATION: Cytoplasm {ECO:0000250}. Nucleus {ECO:0000250}. Note=Translocates to the cytoplasm following interaction with MAPKAPK5. {ECO:0000250}.
Q16864,,,,"SUBCELLULAR LOCATION: Cytoplasmic vesicle, secretory vesicle, synaptic vesicle membrane {ECO:0000250|UniProtKB:P50408}; Peripheral membrane protein {ECO:0000305}. Cytoplasmic vesicle, clathrin-coated vesicle membrane {ECO:0000250|UniProtKB:P50408}; Peripheral membrane protein {ECO:0000305}."
Q2M1P5,,,,"SUBCELLULAR LOCATION: Cell projection, cilium {ECO:0000269|PubMed:19592253}. Cytoplasm, cytoskeleton, cilium basal body {ECO:0000250|UniProtKB:B7ZNG0}. Note=Localizes to the cilium tip."
Q4G0J3,,,,"SUBCELLULAR LOCATION: Nucleus, nucleoplasm {ECO:0000269|PubMed:18483487}."
Q504T8,,,,"SUBCELLULAR LOCATION: Nucleus, nucleolus {ECO:0000250|UniProtKB:Q3TPJ7}. Nucleus {ECO:0000269|PubMed:24187134, ECO:0000269|PubMed:37616343}. Cytoplasm, cytosol {ECO:0000269|PubMed:24187134}. Note=Detected in the nucleus and nucleolus with no expression in the cytoplasm (By similarity). However, a later study finds expression in the nucleus and cytoplasm with no expression in the nucleolus (PubMed:24187134). {ECO:0000250|UniProtKB:Q3TPJ7, ECO:0000269|PubMed:24187134}."
Q15427,,,,"SUBCELLULAR LOCATION: Nucleus {ECO:0000269|PubMed:27720643, ECO:0000269|PubMed:28541300}."
Q15436,,,,"SUBCELLULAR LOCATION: Cytoplasmic vesicle, COPII-coated vesicle membrane {ECO:0000305|PubMed:8898360}; Peripheral membrane protein {ECO:0000269|PubMed:8898360}; Cytoplasmic side {ECO:0000269|PubMed:8898360}. Endoplasmic reticulum membrane {ECO:0000269|PubMed:8898360}; Peripheral membrane protein {ECO:0000269|PubMed:8898360}; Cytoplasmic side {ECO:0000269|PubMed:8898360}. Cytoplasm, cytosol {ECO:0000269|PubMed:8898360}. Note=Enriched at endoplasmic reticulum exit sites, also known as transitional endoplasmic reticulum (tER). {ECO:0000269|PubMed:28442536, ECO:0000269|PubMed:8898360}."
Q15554,,,,"SUBCELLULAR LOCATION: Nucleus {ECO:0000255|PROSITE-ProRule:PRU00625, ECO:0000269|PubMed:20655466}. Chromosome, telomere {ECO:0000269|PubMed:20655466}. Note=Colocalizes with telomeric DNA in interphase cells and is located at chromosome ends during metaphase. {ECO:0000269|PubMed:20655466}."
Q15758,,"TRANSMEM 52..81; /note=""Helical; Name=1""; /evidence=""ECO:0000305|PubMed:29872227""; TRANSMEM 95..116; /note=""Helical; Name=2""; /evidence=""ECO:0000305|PubMed:29872227""; TRANSMEM 131..153; /note=""Helical; Name=3""; /evidence=""ECO:0000305|PubMed:29872227""; TRANSMEM 225..248; /note=""Helical; Name=4""; /evidence=""ECO:0000305|PubMed:29872227""; TRANSMEM 258..285; /note=""Helical; Name=5""; /evidence=""ECO:0000305|PubMed:29872227""; TRANSMEM 307..328; /note=""Helical; Name=6""; /evidence=""ECO:0000305|PubMed:29872227""; TRANSMEM 374..400; /note=""Helical; Name=7""; /evidence=""ECO:0000305|PubMed:29872227""; TRANSMEM 461..482; /note=""Helical; Name=8""; /evidence=""ECO:0000305|PubMed:29872227""","TOPO_DOM 1..51; /note=""Cytoplasmic""; /evidence=""ECO:0000305""; TOPO_DOM 82..94; /note=""Extracellular""; /evidence=""ECO:0000305""; TOPO_DOM 117..130; /note=""Cytoplasmic""; /evidence=""ECO:0000305""; TOPO_DOM 154..224; /note=""Extracellular""; /evidence=""ECO:0000305""; TOPO_DOM 249..257; /note=""Cytoplasmic""; /evidence=""ECO:0000305""; TOPO_DOM 286..306; /note=""Extracellular""; /evidence=""ECO:0000305""; TOPO_DOM 329..333; /note=""Cytoplasmic""; /evidence=""ECO:0000305""; TOPO_DOM 365..373; /note=""Cytoplasmic""; /evidence=""ECO:0000305""; TOPO_DOM 401..413; /note=""Extracellular""; /evidence=""ECO:0000305""; TOPO_DOM 448..460; /note=""Extracellular""; /evidence=""ECO:0000305""; TOPO_DOM 483..541; /note=""Cytoplasmic""; /evidence=""ECO:0000305""","SUBCELLULAR LOCATION: Cell membrane {ECO:0000269|PubMed:24953180, ECO:0000269|PubMed:8702519, ECO:0000305|PubMed:29872227}; Multi-pass membrane protein {ECO:0000305|PubMed:29872227}. Apical cell membrane {ECO:0000250|UniProtKB:P51912}; Multi-pass membrane protein {ECO:0000305|PubMed:29872227}. Melanosome {ECO:0000269|PubMed:17081065}. Note=Identified by mass spectrometry in melanosome fractions from stage I to stage IV. Restricted to the apical cell membrane of proximal tubule epithelial cells. {ECO:0000250|UniProtKB:P51912, ECO:0000269|PubMed:17081065}."
Q15788,,,,SUBCELLULAR LOCATION: Nucleus {ECO:0000255|PROSITE-ProRule:PRU00981}.
Q15843,,,,SUBCELLULAR LOCATION: Nucleus {ECO:0000269|PubMed:9353319}. Note=Mainly nuclear. {ECO:0000269|PubMed:9353319}.
Q15907,,,,"SUBCELLULAR LOCATION: Recycling endosome membrane {ECO:0000250|UniProtKB:P46638}; Lipid-anchor {ECO:0000250|UniProtKB:P46638}; Cytoplasmic side {ECO:0000250|UniProtKB:P46638}. Cytoplasmic vesicle, secretory vesicle, synaptic vesicle membrane {ECO:0000250|UniProtKB:O35509}; Lipid-anchor {ECO:0000250|UniProtKB:O35509}; Cytoplasmic side {ECO:0000250|UniProtKB:O35509}. Cytoplasmic vesicle, phagosome membrane {ECO:0000305|PubMed:21255211}; Lipid-anchor {ECO:0000305|PubMed:21255211}; Cytoplasmic side {ECO:0000305|PubMed:21255211}. Cytoplasmic vesicle {ECO:0000269|PubMed:26032412}. Note=Recruited to phagosomes containing S.aureus. Colocalizes with RAB11AFIP1 on punctate vesicles (PubMed:26032412). {ECO:0000269|PubMed:26032412, ECO:0000305|PubMed:21255211}."
Q16512,,,,"SUBCELLULAR LOCATION: Cytoplasm {ECO:0000269|PubMed:17332740, ECO:0000269|PubMed:9478917}. Nucleus {ECO:0000269|PubMed:12514133}. Endosome {ECO:0000269|PubMed:9478917}. Cell membrane {ECO:0000250|UniProtKB:Q63433}; Peripheral membrane protein {ECO:0000250|UniProtKB:Q63433}. Cleavage furrow {ECO:0000269|PubMed:17332740}. Midbody {ECO:0000269|PubMed:17332740}. Note=Associates with chromatin in a ligand-dependent manner. Localization to endosomes is mediated via its interaction with RHOB. Association to the cell membrane is dependent on Ser-377 phosphorylation. Accumulates during telophase at the cleavage furrow and finally concentrates around the midbody in cytokinesis. {ECO:0000250|UniProtKB:Q63433, ECO:0000269|PubMed:17332740}."
Q16850,,"TRANSMEM 30..50; /note=""Helical""; /evidence=""ECO:0000255""",,SUBCELLULAR LOCATION: Endoplasmic reticulum membrane {ECO:0000250|UniProtKB:Q64654}; Single-pass membrane protein {ECO:0000255}. Microsome membrane {ECO:0000250|UniProtKB:Q64654}; Single-pass membrane protein {ECO:0000255}.
Q32NC0,,,,SUBCELLULAR LOCATION: Nucleus {ECO:0000269|PubMed:40413743}.
Q53QZ3,,,,SUBCELLULAR LOCATION: Cytoplasm {ECO:0000269|PubMed:12650940}. Membrane {ECO:0000269|PubMed:12650940}; Peripheral membrane protein {ECO:0000269|PubMed:12650940}.
Q53T94,,,,"SUBCELLULAR LOCATION: Nucleus, nucleolus {ECO:0000305|PubMed:11250903, ECO:0000305|PubMed:11283244}."
Q5BKZ1,,,,SUBCELLULAR LOCATION: Nucleus matrix {ECO:0000250}.
Q5EE01,,,,"SUBCELLULAR LOCATION: Nucleus {ECO:0000269|PubMed:17610844}. Chromosome, centromere {ECO:0000269|PubMed:19070575, ECO:0000269|PubMed:19533040, ECO:0000269|PubMed:22304917}. Chromosome, centromere, kinetochore {ECO:0000269|PubMed:19070575, ECO:0000269|PubMed:22304917}. Nucleus matrix {ECO:0000269|PubMed:22002061}. Nucleus, nucleolus {ECO:0000269|PubMed:22002061}. Note=Constitutively localizes to centromeres throughout the cell cycle, and to the inner kinetochore during mitosis. {ECO:0000250|UniProtKB:P0DJH6}."
Q5J8M3,,"TRANSMEM 67..87; /note=""Helical""; /evidence=""ECO:0000305|PubMed:32459176""; TRANSMEM 99..120; /note=""Helical""; /evidence=""ECO:0000305|PubMed:32459176""; TRANSMEM 128..148; /note=""Helical""; /evidence=""ECO:0000305|PubMed:32459176""","TOPO_DOM 2..66; /note=""Cytoplasmic""; /evidence=""ECO:0000305|PubMed:32459176""; TOPO_DOM 88..98; /note=""Lumenal""; /evidence=""ECO:0000305|PubMed:32459176""; TOPO_DOM 121..127; /note=""Cytoplasmic""; /evidence=""ECO:0000305|PubMed:32459176""; TOPO_DOM 149..183; /note=""Lumenal""; /evidence=""ECO:0000305|PubMed:32459176""","SUBCELLULAR LOCATION: Endoplasmic reticulum membrane {ECO:0000269|PubMed:22119785}; Multi-pass membrane protein {ECO:0000305|PubMed:32439656, ECO:0000305|PubMed:32459176}. Note=Could also be a single-pass transmembrane protein with cytosolic N-terminus and lumenal C-terminus. {ECO:0000305|PubMed:32439656, ECO:0000305|PubMed:32459176}."
Q5JSL3,,,,
Q15428,,,,"SUBCELLULAR LOCATION: Nucleus {ECO:0000255|PROSITE-ProRule:PRU00130, ECO:0000269|PubMed:10882114, ECO:0000269|PubMed:21349847, ECO:0000269|PubMed:29360106, ECO:0000269|PubMed:29361316, ECO:0000269|PubMed:30315277}."
Q15437,,,,"SUBCELLULAR LOCATION: Cytoplasmic vesicle, COPII-coated vesicle membrane {ECO:0000250|UniProtKB:Q15436}; Peripheral membrane protein {ECO:0000250|UniProtKB:Q15436}; Cytoplasmic side {ECO:0000250|UniProtKB:Q15436}. Endoplasmic reticulum membrane {ECO:0000269|PubMed:26522472}; Peripheral membrane protein {ECO:0000250|UniProtKB:Q15436}; Cytoplasmic side {ECO:0000250|UniProtKB:Q15436}. Cytoplasm, cytosol {ECO:0000250|UniProtKB:Q15436}."
Q15642,,,,"SUBCELLULAR LOCATION: Cytoplasm, cytoskeleton. Cytoplasm, cell cortex. Lysosome. Golgi apparatus. Cell membrane. Cell projection, phagocytic cup. Note=Translocates to the plasma membrane in response to insulin stimulation, and this may require active RHOQ (By similarity). Localizes to cortical regions coincident with F-actin, to lysosomes and to sites of phagocytosis in macrophages. Also localizes to the Golgi, and this requires AKAP9. {ECO:0000250}.; SUBCELLULAR LOCATION: [Isoform 5]: Cytoplasm, perinuclear region."
Q15691,,,,"SUBCELLULAR LOCATION: Cytoplasm, cytoskeleton {ECO:0000269|PubMed:10188731, ECO:0000269|PubMed:12388762, ECO:0000269|PubMed:21646404, ECO:0000269|PubMed:23001180, ECO:0000269|PubMed:25225338, ECO:0000269|PubMed:28814570, ECO:0000269|PubMed:9724749}. Cytoplasm, cytoskeleton, microtubule organizing center, centrosome {ECO:0000269|PubMed:12388762, ECO:0000269|PubMed:14654843}. Golgi apparatus {ECO:0000269|PubMed:25217626}. Cytoplasm, cytoskeleton, spindle {ECO:0000269|PubMed:23509069, ECO:0000269|PubMed:27225956}. Cytoplasm, cytoskeleton, spindle pole {ECO:0000269|PubMed:34608293}. Cell membrane {ECO:0000269|PubMed:25225338}. Note=Associated with the microtubule growing distal tips (PubMed:28814570). In addition to localizing to microtubule plus-ends, also exhibits some localization along the length of the microtubules (PubMed:27225956). Recruitment to the Golgi apparatus requires the presence of PDE4DIP isoform 13/MMG8/SMYLE (PubMed:25217626). {ECO:0000269|PubMed:25217626, ECO:0000269|PubMed:27225956, ECO:0000269|PubMed:28814570}."
Q15904,"SIGNAL 1..41; /evidence=""ECO:0000255""","TRANSMEM 420..440; /note=""Helical""; /evidence=""ECO:0000255""","TOPO_DOM 42..419; /note=""Lumenal""; /evidence=""ECO:0000255""; TOPO_DOM 441..470; /note=""Cytoplasmic""; /evidence=""ECO:0000255""","SUBCELLULAR LOCATION: Endoplasmic reticulum membrane {ECO:0000269|PubMed:27231034}; Single-pass type I membrane protein {ECO:0000305}. Endoplasmic reticulum-Golgi intermediate compartment membrane {ECO:0000269|PubMed:27231034}. Cytoplasmic vesicle, secretory vesicle, synaptic vesicle membrane {ECO:0000250|UniProtKB:O54715}; Single-pass type I membrane protein {ECO:0000305}. Cytoplasmic vesicle, clathrin-coated vesicle membrane {ECO:0000250|UniProtKB:O54715}; Single-pass type I membrane protein {ECO:0000305}. Note=Not detected in trans-Golgi network. {ECO:0000269|PubMed:27231034}."
Q16531,,,,"SUBCELLULAR LOCATION: Cytoplasm {ECO:0000269|PubMed:10777491, ECO:0000269|PubMed:11673459, ECO:0000269|PubMed:18593899}. Nucleus {ECO:0000269|PubMed:10777491, ECO:0000269|PubMed:11673459, ECO:0000269|PubMed:18593899}. Note=Primarily cytoplasmic (PubMed:10777491, PubMed:11673459). Translocates to the nucleus following UV irradiation and subsequently accumulates at sites of DNA damage (PubMed:10777491, PubMed:11673459). More concentrated in nuclei than in cytoplasm in germinal vesicle (GV) stage oocytes, zygotes and the 2-cell stage, but distributed in the cytoplasm at the MII-stage oocytes (By similarity). {ECO:0000250|UniProtKB:Q3U1J4, ECO:0000269|PubMed:10777491, ECO:0000269|PubMed:11673459}."
Q16630,,,,"SUBCELLULAR LOCATION: Nucleus {ECO:0000269|PubMed:15169763, ECO:0000269|PubMed:19864460, ECO:0000269|PubMed:20695905, ECO:0000269|PubMed:30916345, ECO:0000269|PubMed:9659921}. Nucleus, nucleoplasm {ECO:0000269|PubMed:17267687}. Nucleus speckle {ECO:0000269|PubMed:17267687}. Cytoplasm {ECO:0000269|PubMed:19864460, ECO:0000269|PubMed:30916345}. Note=Shuttles between the nucleus and the cytoplasm in a transcription- and XPO1/CRM1-independent manner, most probably in complex with the cleavage factor Im complex (CFIm) (PubMed:19864460). Colocalizes with PSPC1 in punctate subnuclear structures often located adjacent to nuclear speckles, called paraspeckles, and corresponding to interchromatin granules-associated zones (IGAZs) (PubMed:17267687). Distribution in speckles and paraspeckles varies during the cell cycle (PubMed:17267687). Associates at sites of active transcription on nascent perichromatin fibrils (PFs) and perichromatin granules (PubMed:17267687). Nuclear import is mediated via interaction with TNPO3 independently of CPSF6 phosphorylation status (PubMed:30916345). {ECO:0000269|PubMed:15169763, ECO:0000269|PubMed:17267687, ECO:0000269|PubMed:19864460, ECO:0000269|PubMed:30916345}."
Q16644,,,,"SUBCELLULAR LOCATION: Nucleus {ECO:0000269|PubMed:15302577, ECO:0000269|PubMed:26744326}. Cytoplasm {ECO:0000269|PubMed:15302577, ECO:0000269|PubMed:26744326}. Note=Predominantly located in the nucleus, when activated it translocates to the cytoplasm."
Q16739,,"TRANSMEM 11..32; /note=""Helical""; /evidence=""ECO:0000255""; TRANSMEM 196..215; /note=""Helical""; /evidence=""ECO:0000255""; TRANSMEM 288..304; /note=""Helical""; /evidence=""ECO:0000255""; TRANSMEM 310..328; /note=""Helical""; /evidence=""ECO:0000255""; TRANSMEM 349..369; /note=""Helical""; /evidence=""ECO:0000255""","TOPO_DOM 1..10; /note=""Lumenal""; /evidence=""ECO:0000255""; TOPO_DOM 33..195; /note=""Cytoplasmic""; /evidence=""ECO:0000255""; TOPO_DOM 216..287; /note=""Lumenal""; /evidence=""ECO:0000255""; TOPO_DOM 305..309; /note=""Cytoplasmic""; /evidence=""ECO:0000255""; TOPO_DOM 329..348; /note=""Lumenal""; /evidence=""ECO:0000255""; TOPO_DOM 370..394; /note=""Cytoplasmic""; /evidence=""ECO:0000305""",SUBCELLULAR LOCATION: Golgi apparatus membrane {ECO:0000269|PubMed:12873973}; Multi-pass membrane protein {ECO:0000250|UniProtKB:Q9R0E0}.
Q3SXY8,,,,"SUBCELLULAR LOCATION: Cell projection, cilium membrane {ECO:0000269|PubMed:18554500, ECO:0000269|PubMed:24120134}; Lipid-anchor {ECO:0000269|PubMed:18554500, ECO:0000269|PubMed:24120134}. Cell projection, cilium {ECO:0000269|PubMed:25138100, ECO:0000269|PubMed:38219074}. Cell membrane {ECO:0000269|PubMed:23223633}. Cytoplasm, cytoskeleton {ECO:0000269|PubMed:23223633}. Note=Associates with the cilium membrane via palmitoylation. Localizes to proximal ciliary membranes, to an inversin-like subciliary membrane compartment, excluding the transition zone (PubMed:25138100, PubMed:38219074). Colocalizes with microtubules (PubMed:23223633). {ECO:0000269|PubMed:23223633, ECO:0000269|PubMed:25138100, ECO:0000269|PubMed:38219074}."
Q53GI3,,,,SUBCELLULAR LOCATION: Nucleus {ECO:0000255|PROSITE-ProRule:PRU00187}.
Q53HL2,,,,"SUBCELLULAR LOCATION: Nucleus, nucleolus {ECO:0000269|PubMed:18946085}. Cytoplasm {ECO:0000269|PubMed:18946085}. Cytoplasm, cytoskeleton, spindle {ECO:0000269|PubMed:15561729}. Chromosome, centromere {ECO:0000269|PubMed:20739936}. Note=Localizes on chromosome arms and inner centromeres from prophase through metaphase and then transferring to the spindle midzone and midbody from anaphase through cytokinesis. Colocalizes with SENP3 in the nucleolus in interphase cells. {ECO:0000269|PubMed:18946085}."
Q15388,,"TRANSMEM 7..24; /note=""Helical""; /evidence=""ECO:0000269|PubMed:40080546, ECO:0007744|PDB:9EIH, ECO:0007744|PDB:9EII, ECO:0007744|PDB:9EIJ""","TOPO_DOM 1..6; /note=""Mitochondrial intermembrane""; /evidence=""ECO:0000269|PubMed:40080546, ECO:0007744|PDB:9EIH, ECO:0007744|PDB:9EII, ECO:0007744|PDB:9EIJ""; TOPO_DOM 25..145; /note=""Cytoplasmic""; /evidence=""ECO:0000269|PubMed:40080546, ECO:0007744|PDB:9EIH, ECO:0007744|PDB:9EII, ECO:0007744|PDB:9EIJ""","SUBCELLULAR LOCATION: Mitochondrion outer membrane {ECO:0000269|PubMed:20628368, ECO:0000269|PubMed:25764979, ECO:0000269|PubMed:25997101, ECO:0000269|PubMed:31644573}; Single-pass membrane protein {ECO:0000269|PubMed:40080546}."
Q15528,,,,SUBCELLULAR LOCATION: Nucleus {ECO:0000305}.
Q15572,,,,"SUBCELLULAR LOCATION: Nucleus, nucleolus {ECO:0000305|PubMed:11250903, ECO:0000305|PubMed:11283244}."
Q15699,,,,"SUBCELLULAR LOCATION: Nucleus {ECO:0000269|PubMed:8756334, ECO:0000269|PubMed:9753625}."
Q15800,,"TRANSMEM 55..75; /note=""Helical""; /evidence=""ECO:0000255""; TRANSMEM 100..120; /note=""Helical""; /evidence=""ECO:0000255""; TRANSMEM 199..219; /note=""Helical""; /evidence=""ECO:0000255""",,SUBCELLULAR LOCATION: Endoplasmic reticulum membrane {ECO:0000305}; Multi-pass membrane protein {ECO:0000305}.
Q15942,,,,"SUBCELLULAR LOCATION: Cytoplasm. Cytoplasm, cytoskeleton. Nucleus. Cell junction, focal adhesion. Note=Associates with the actin cytoskeleton near the adhesion plaques. Enters the nucleus in the presence of HESX1."
Q16778,,,,SUBCELLULAR LOCATION: Nucleus. Chromosome.
Q16831,,,,
Q3B726,,,,"SUBCELLULAR LOCATION: Nucleus, nucleolus {ECO:0000305|PubMed:34887565}."
Q3T906,,"TRANSMEM 22..42; /note=""Helical""; /evidence=""ECO:0000255""; TRANSMEM 1215..1235; /note=""Helical""; /evidence=""ECO:0000255""",,"SUBCELLULAR LOCATION: [N-acetylglucosamine-1-phosphotransferase subunit alpha]: Golgi apparatus membrane {ECO:0000269|PubMed:16120602, ECO:0000269|PubMed:16200072, ECO:0000269|PubMed:21719679, ECO:0000269|PubMed:23733939, ECO:0000269|PubMed:24375680, ECO:0000269|PubMed:25788519, ECO:0000269|PubMed:28918368}; Single-pass type I membrane protein {ECO:0000305}.; SUBCELLULAR LOCATION: [N-acetylglucosamine-1-phosphotransferase subunit beta]: Golgi apparatus membrane {ECO:0000269|PubMed:16120602, ECO:0000269|PubMed:16200072, ECO:0000269|PubMed:21719679, ECO:0000269|PubMed:23733939, ECO:0000269|PubMed:24375680, ECO:0000269|PubMed:28918368}; Single-pass type II membrane protein {ECO:0000305}."
Q53EZ4,,,,"SUBCELLULAR LOCATION: Cytoplasm {ECO:0000269|PubMed:28264986}. Cytoplasm, cytoskeleton, microtubule organizing center, centrosome, centriole {ECO:0000269|PubMed:16198290}. Cytoplasm, cytoskeleton, microtubule organizing center, centrosome {ECO:0000269|PubMed:16198290}. Cleavage furrow {ECO:0000269|PubMed:16198290}. Midbody, Midbody ring {ECO:0000269|PubMed:16198290, ECO:0000269|PubMed:17853893, ECO:0000269|PubMed:18641129, ECO:0000269|PubMed:21310966, ECO:0000269|PubMed:28264986}. Midbody {ECO:0000269|PubMed:36825683, ECO:0000269|PubMed:41361016}. Note=Present at the centrosomes at interphase. A small portion is associated preferentially with the mother centriole, whereas the majority localizes to the pericentriolar material. During mitosis, loses affinity for the centrosome at the onset of prophase and diffuses throughout the cell. This dissociation from the centrosome is phosphorylation-dependent. May remain localized at the centrosome during mitosis in certain cell types. Appears at the cleavage furrow in late anaphase and in the midbody in cytokinesis. {ECO:0000269|PubMed:16198290}."
Q53FV1,,"TRANSMEM 22..42; /note=""Helical""; /evidence=""ECO:0000255""; TRANSMEM 43..63; /note=""Helical""; /evidence=""ECO:0000255""; TRANSMEM 106..126; /note=""Helical""; /evidence=""ECO:0000255""","TOPO_DOM 1..21; /note=""Cytoplasmic""; /evidence=""ECO:0000255""; TOPO_DOM 64..105; /note=""Cytoplasmic""; /evidence=""ECO:0000255""; TOPO_DOM 127..153; /note=""Extracellular""; /evidence=""ECO:0000255""",SUBCELLULAR LOCATION: Endoplasmic reticulum membrane {ECO:0000269|PubMed:12093374}; Multi-pass membrane protein {ECO:0000269|PubMed:12093374}.
Q567U6,,,,SUBCELLULAR LOCATION: Early endosome {ECO:0000305|PubMed:25355947}.
Q58EX7,,,,
Q5QJE6,,,,"SUBCELLULAR LOCATION: Nucleus {ECO:0000269|PubMed:12786946, ECO:0000269|PubMed:15047147}. Nucleus, nucleolus {ECO:0000269|PubMed:34516797}."
Q15653,,,,SUBCELLULAR LOCATION: Cytoplasm {ECO:0000250}. Nucleus {ECO:0000250}.
Q16543,,,,SUBCELLULAR LOCATION: Cytoplasm {ECO:0000269|PubMed:9482106}.
Q53EU6,,"TRANSMEM 14..34; /note=""Helical""; /evidence=""ECO:0000255""; TRANSMEM 137..157; /note=""Helical""; /evidence=""ECO:0000255""; TRANSMEM 161..181; /note=""Helical""; /evidence=""ECO:0000255""",,"SUBCELLULAR LOCATION: Endoplasmic reticulum membrane {ECO:0000269|PubMed:17002884, ECO:0000269|PubMed:19318427}; Multi-pass membrane protein {ECO:0000255}."
Q5C9Z4,,,,"SUBCELLULAR LOCATION: Nucleus, nucleolus {ECO:0000269|PubMed:15715967, ECO:0000269|PubMed:17965019}."
Q5HYI8,,,,"SUBCELLULAR LOCATION: Cytoplasm, cytoskeleton, microtubule organizing center, centrosome {ECO:0000269|PubMed:36052645}. Golgi apparatus {ECO:0000269|PubMed:36052645}. Note=Accumulates around the centrosome during early ciliogenesis. {ECO:0000269|PubMed:36052645}."
Q5JTV8,,"TRANSMEM 339..355; /note=""Helical""; /evidence=""ECO:0000255""","TOPO_DOM 1..338; /note=""Nuclear""; /evidence=""ECO:0000255""; TOPO_DOM 356..583; /note=""Perinuclear space""; /evidence=""ECO:0000255""","SUBCELLULAR LOCATION: Nucleus inner membrane {ECO:0000269|PubMed:12061773, ECO:0000269|PubMed:24275647}; Single-pass membrane protein {ECO:0000269|PubMed:12061773, ECO:0000269|PubMed:24275647}.; SUBCELLULAR LOCATION: [Isoform 4]: Nucleus envelope {ECO:0000269|PubMed:25461922}. Nucleus {ECO:0000269|PubMed:25461922}. Note=Found mainly in the nuclear envelope and also inside the nucleus. {ECO:0000269|PubMed:25461922}."
Q15393,,,,"SUBCELLULAR LOCATION: Nucleus {ECO:0000269|PubMed:10490618, ECO:0000269|PubMed:11564863, ECO:0000269|PubMed:27720643, ECO:0000269|PubMed:28541300, ECO:0000269|PubMed:28781166}."
Q15418,,,,SUBCELLULAR LOCATION: Nucleus. Cytoplasm.
Q15811,,,,"SUBCELLULAR LOCATION: Endomembrane system {ECO:0000269|PubMed:11744688}. Synapse, synaptosome {ECO:0000250|UniProtKB:Q9WVE9}. Cell projection, lamellipodium {ECO:0000269|PubMed:11744688}. Cell membrane {ECO:0000269|PubMed:11744688, ECO:0000269|PubMed:20946875}. Membrane, clathrin-coated pit {ECO:0000269|PubMed:20946875, ECO:0000269|PubMed:29887380}. Recycling endosome {ECO:0000269|PubMed:29030480}. Endosome {ECO:0000250|UniProtKB:Q9Z0R4}. Cytoplasmic vesicle {ECO:0000250|UniProtKB:Q9Z0R4}. Note=Colocalizes with SGIP1 at the plasma membrane in structures corresponding most probably to clathrin-coated pits (PubMed:20946875). Colocalizes with RAB13 on cytoplasmic vesicles that are most likely recycling endosomes (PubMed:29030480). {ECO:0000269|PubMed:20946875, ECO:0000269|PubMed:29030480}.; SUBCELLULAR LOCATION: [Isoform 2]: Cytoplasm {ECO:0000269|PubMed:29599122}. Endomembrane system {ECO:0000269|PubMed:21712076}. Nucleus envelope {ECO:0000269|PubMed:29599122}. Note=Shuttles between the cytoplasm and nucleus in an XPO1/CRM1-dependent manner. {ECO:0000269|PubMed:29599122}.; SUBCELLULAR LOCATION: [Isoform 5]: Endomembrane system {ECO:0000269|PubMed:21712076}."
Q16181,,,,"SUBCELLULAR LOCATION: Cytoplasm {ECO:0000269|PubMed:18460473}. Chromosome, centromere, kinetochore {ECO:0000269|PubMed:18460473}. Cytoplasm, cytoskeleton, spindle {ECO:0000269|PubMed:18460473}. Cleavage furrow {ECO:0000269|PubMed:18460473}. Midbody {ECO:0000269|PubMed:18460473}. Cytoplasm, cytoskeleton, cilium axoneme {ECO:0000250}. Cell projection, cilium, flagellum {ECO:0000269|PubMed:25588830}. Note=Distributed throughout the cytoplasm in prometaphase cells. Associated with the spindle during metaphase. Associated with the central spindle and at the cleavage furrow in anaphase cells. Detected at the midbody in telophase. Associated with actin stress fibers (By similarity). Found in the sperm annulus (PubMed:25588830). {ECO:0000250, ECO:0000269|PubMed:25588830}."
Q15398,,,,"SUBCELLULAR LOCATION: Nucleus. Cytoplasm. Cytoplasm, cytoskeleton, spindle. Note=Localizes to the spindle in mitotic cells. Colocalizes with CDH1 at sites of cell-cell contact in intestinal epithelial cells."
Q15392,"SIGNAL 1..22; /evidence=""ECO:0000255""","TRANSMEM 32..52; /note=""Helical""; /evidence=""ECO:0000255""","TOPO_DOM 23..31; /note=""Lumenal""; /evidence=""ECO:0000269|PubMed:22010141""; TOPO_DOM 53..516; /note=""Cytoplasmic""; /evidence=""ECO:0000269|PubMed:22010141""","SUBCELLULAR LOCATION: Endoplasmic reticulum membrane {ECO:0000269|PubMed:11007892, ECO:0000269|PubMed:22010141}; Single-pass membrane protein {ECO:0000255}. Golgi apparatus membrane {ECO:0000269|PubMed:11007892}; Single-pass membrane protein {ECO:0000255}."
Q15599,,,,"SUBCELLULAR LOCATION: Endomembrane system {ECO:0000269|PubMed:9054412}; Peripheral membrane protein {ECO:0000269|PubMed:9054412}. Nucleus {ECO:0000269|PubMed:9054412}. Apical cell membrane {ECO:0000250}. Note=Localizes with EZR and PODXL at the apical cell membrane of glomerular epithelium cells and the sides of the food processes (By similarity). Nuclear, in a punctate pattern. {ECO:0000250}."
Q16513,,,,"SUBCELLULAR LOCATION: Cytoplasm {ECO:0000269|PubMed:11356191, ECO:0000269|PubMed:17332740}. Nucleus {ECO:0000269|PubMed:11356191}. Membrane {ECO:0000250|UniProtKB:Q8BWW9}. Cell projection, lamellipodium {ECO:0000269|PubMed:11356191}. Cytoplasm, cytoskeleton {ECO:0000269|PubMed:11356191}. Cleavage furrow {ECO:0000269|PubMed:17332740}. Midbody {ECO:0000269|PubMed:17332740}. Cell junction {ECO:0000269|PubMed:20974804}. Note=Colocalizes with PTPN13 in lamellipodia-like structures, regions of large actin turnover. Accumulates during telophase at the cleavage furrow and concentrates finally around the midbody in cytokinesis. Recruited to nascent cell-cell contacts at the apical surface of cells. In the course of viral infection, colocalizes with HCV NS5B at perinuclear region in the cytoplasm. {ECO:0000269|PubMed:11356191, ECO:0000269|PubMed:17332740}."
Q16539,,,,"SUBCELLULAR LOCATION: Cytoplasm {ECO:0000269|PubMed:7535770}. Nucleus {ECO:0000269|PubMed:30878395, ECO:0000269|PubMed:7535770}."
Q5JTW2,,,,"SUBCELLULAR LOCATION: Cytoplasm, cytoskeleton, microtubule organizing center, centrosome {ECO:0000269|PubMed:14654843, ECO:0000269|PubMed:28242748, ECO:0000269|PubMed:34259627}. Cytoplasm, cytoskeleton, microtubule organizing center, centrosome, centriole {ECO:0000269|PubMed:27246242, ECO:0000269|PubMed:34259627}. Cytoplasm, cytoskeleton, cilium basal body {ECO:0000269|PubMed:27588451}. Note=Mainly localizes at the centriolar wall, but also found in the pericentriolar material (PubMed:27246242). Expressed in photoreceptor inner segment (PubMed:27588452). {ECO:0000269|PubMed:27246242, ECO:0000269|PubMed:27588452}."
Q15831,,,,"SUBCELLULAR LOCATION: Nucleus {ECO:0000269|PubMed:18854309}. Cytoplasm {ECO:0000269|PubMed:18854309}. Membrane {ECO:0000250|UniProtKB:Q9WTK7}. Mitochondrion {ECO:0000269|PubMed:11430832}. Late endosome {ECO:0000250|UniProtKB:Q9WTK7}. Note=A small fraction localizes at membranes (By similarity). Relocates to the cytoplasm when bound to STRAD (STRADA or STRADB) and CAB39/MO25 (CAB39/MO25alpha or CAB39L/MO25beta) (PubMed:18854309). Translocates to the mitochondrion during apoptosis. PTEN promotes cytoplasmic localization (PubMed:11430832). Translocates to late endosomes in response to calorie restriction (By similarity). {ECO:0000250|UniProtKB:Q9WTK7, ECO:0000269|PubMed:11430832, ECO:0000269|PubMed:18854309}.; SUBCELLULAR LOCATION: [Isoform 2]: Nucleus {ECO:0000269|PubMed:23612973}. Cytoplasm {ECO:0000269|PubMed:23612973}. Note=Predominantly nuclear, but translocates to the cytoplasm in response to metformin or peroxynitrite treatment. {ECO:0000269|PubMed:23612973}."
Q16222,,,,"SUBCELLULAR LOCATION: Cytoplasm, cytosol {ECO:0000269|PubMed:8025165}. Note=In spermatozoa, localized to the principal piece of the tail, the neck region of the head and to a lesser extent, the midpiece of the tail. {ECO:0000269|PubMed:8025165}."
Q17R31,,,,SUBCELLULAR LOCATION: Nucleus {ECO:0000305}.
Q2TAZ0,,,,SUBCELLULAR LOCATION: Preautophagosomal structure membrane {ECO:0000269|PubMed:30952800}; Peripheral membrane protein {ECO:0000250|UniProtKB:Q96BY7}. Lipid droplet {ECO:0000250|UniProtKB:Q96BY7}. Endoplasmic reticulum membrane {ECO:0000269|PubMed:30952800}; Peripheral membrane protein {ECO:0000250|UniProtKB:P53855}. Note=Localizes to endoplasmic reticulum-autophagosome contact sites. {ECO:0000269|PubMed:30952800}.
Q27J81,,,,"SUBCELLULAR LOCATION: Cytoplasm, perinuclear region {ECO:0000269|PubMed:20023659}."
Q2NL82,,,,"SUBCELLULAR LOCATION: Nucleus, nucleolus {ECO:0000250}."
Q499Z4,,,,SUBCELLULAR LOCATION: Nucleus {ECO:0000305}.
Q5JS54,,,,
Q53RE8,,,,
Q5SW79,,,,"SUBCELLULAR LOCATION: Cytoplasm, cytoskeleton, microtubule organizing center, centrosome {ECO:0000269|PubMed:30354798, ECO:0000269|PubMed:31789463}. Cytoplasm, cytoskeleton, microtubule organizing center, centrosome, centriole {ECO:0000269|PubMed:15616186, ECO:0000269|PubMed:23386061, ECO:0000269|PubMed:31789463}. Cytoplasm, cytoskeleton, spindle {ECO:0000269|PubMed:15616186}. Note=Associated with the mature mother centriole. Associated with spindle microtubules during mitosis. Localizes to the distal appendage region of the centriole (PubMed:31789463). Localizes at the centriole proximal ends (PubMed:31789463). {ECO:0000269|PubMed:23386061, ECO:0000269|PubMed:31789463}."
Q5VT06,,,,"SUBCELLULAR LOCATION: Cytoplasm, cytoskeleton, microtubule organizing center, centrosome {ECO:0000269|PubMed:14654843, ECO:0000269|PubMed:16314388, ECO:0000269|PubMed:19052644, ECO:0000269|PubMed:28659385}. Cytoplasm, cytoskeleton, spindle {ECO:0000269|PubMed:16314388}. Nucleus {ECO:0000269|PubMed:15615782}. Cytoplasm, cytoskeleton, microtubule organizing center, centrosome, centriole {ECO:0000269|PubMed:28625565, ECO:0000269|PubMed:28659385, ECO:0000269|PubMed:36756949}. Cytoplasm, cytoskeleton, cilium basal body {ECO:0000269|PubMed:28659385}. Note=Associated with mitotic spindles (PubMed:16314388). Nuclear, in discrete foci. Associated with intermediate filaments (PubMed:15615782). Also present in the pericentrosomal area (PubMed:17878239). Localizes on both mother and daughter centrioles. Localizes to an axial position on the mother centriole (PubMed:28625565). Localizes to the distal end of the centriole on the subdistal appendage region (PubMed:28659385). {ECO:0000269|PubMed:15615782, ECO:0000269|PubMed:16314388, ECO:0000269|PubMed:17878239, ECO:0000269|PubMed:28625565, ECO:0000269|PubMed:28659385}."
Q5VYK3,,,,"SUBCELLULAR LOCATION: Endoplasmic reticulum {ECO:0000269|PubMed:15496406}. Endoplasmic reticulum-Golgi intermediate compartment {ECO:0000269|PubMed:15496406}. Endosome {ECO:0000269|PubMed:15496406}. Cytoplasm, cytoskeleton, microtubule organizing center, centrosome {ECO:0000269|PubMed:15496406}. Nucleus {ECO:0000269|PubMed:15496406}. Endosome, multivesicular body {ECO:0000269|PubMed:20682791}. Cytoplasmic vesicle {ECO:0000269|PubMed:20682791}."
Q66GS9,,,,"SUBCELLULAR LOCATION: Cytoplasm, cytoskeleton, microtubule organizing center, centrosome, centriole {ECO:0000269|PubMed:14654843, ECO:0000269|PubMed:17681131, ECO:0000269|PubMed:32060285, ECO:0000269|PubMed:32946374}. Note=During centriole biogenesis, it is concentrated within the proximal lumen of both parental centrioles and procentrioles."
Q6IQ22,,,,"SUBCELLULAR LOCATION: Recycling endosome membrane {ECO:0000250|UniProtKB:P35283}; Lipid-anchor {ECO:0000305}; Cytoplasmic side {ECO:0000305}. Lysosome membrane {ECO:0000250|UniProtKB:P35283}; Lipid-anchor {ECO:0000305}; Cytoplasmic side {ECO:0000305}. Golgi apparatus membrane {ECO:0000250|UniProtKB:P51152}. Cytoplasmic vesicle, autophagosome {ECO:0000250|UniProtKB:P35283}."
Q6NW34,,,,"SUBCELLULAR LOCATION: Nucleus {ECO:0000269|PubMed:40413743}. Nucleus, nucleolus {ECO:0000250|UniProtKB:Q8R2U2}."
Q6P2P2,,,,"SUBCELLULAR LOCATION: Cytoplasm {ECO:0000269|PubMed:25737013, ECO:0000269|PubMed:25979344}."
Q6P3W2,,,,"SUBCELLULAR LOCATION: Cytoplasm, cytoskeleton {ECO:0000250}."
Q6R327,,,,"SUBCELLULAR LOCATION: Cell membrane {ECO:0000269|PubMed:21867682}. Endoplasmic reticulum membrane {ECO:0000269|PubMed:21867682}. Lysosome membrane {ECO:0000269|PubMed:31130364}. Note=The mTORC2 complex localizes to membranes: mTORC2 is active at the plasma membrane, endoplasmic reticulum membrane and lysosomes (PubMed:21867682). In lysosomal membrane, mTORC2 is sensitive to lysosomal positioning in the cell (PubMed:31130364). {ECO:0000269|PubMed:21867682, ECO:0000269|PubMed:31130364}."
Q7L5D6,,,,"SUBCELLULAR LOCATION: Cytoplasm, cytosol {ECO:0000269|PubMed:20676083, ECO:0000269|PubMed:21636303, ECO:0000269|PubMed:29042515, ECO:0000269|PubMed:32395830}."
Q5T280,,,,"SUBCELLULAR LOCATION: Cytoplasm, cytoskeleton, spindle {ECO:0000269|PubMed:25657325}. Chromosome, centromere, kinetochore {ECO:0000269|PubMed:20813266, ECO:0000269|PubMed:25657325}. Cytoplasm, cytoskeleton, microtubule organizing center, centrosome {ECO:0000269|PubMed:25657325}. Note=Associated with the outer kinetochore. {ECO:0000269|PubMed:20813266}."
Q5VT25,,,,"SUBCELLULAR LOCATION: Cytoplasm {ECO:0000250|UniProtKB:O54874}. Cell projection, lamellipodium {ECO:0000250|UniProtKB:Q3UU96}. Note=Displays a dispersed punctate distribution and concentrates along the cell periphery, especially at the leading edge and cell-cell junction. This concentration is PH-domain dependent. Localizes in the lamellipodium in a FAM89B/LRAP25-dependent manner. {ECO:0000250|UniProtKB:O54874, ECO:0000250|UniProtKB:Q3UU96}."
Q6NT16,,"TRANSMEM 34..54; /note=""Helical""; /evidence=""ECO:0000255""; TRANSMEM 71..91; /note=""Helical""; /evidence=""ECO:0000255""; TRANSMEM 101..121; /note=""Helical""; /evidence=""ECO:0000255""; TRANSMEM 128..148; /note=""Helical""; /evidence=""ECO:0000255""; TRANSMEM 162..184; /note=""Helical""; /evidence=""ECO:0000255""; TRANSMEM 196..216; /note=""Helical""; /evidence=""ECO:0000255""; TRANSMEM 231..251; /note=""Helical""; /evidence=""ECO:0000255""; TRANSMEM 273..293; /note=""Helical""; /evidence=""ECO:0000255""; TRANSMEM 305..325; /note=""Helical""; /evidence=""ECO:0000255""; TRANSMEM 332..352; /note=""Helical""; /evidence=""ECO:0000255""; TRANSMEM 378..398; /note=""Helical""; /evidence=""ECO:0000255""; TRANSMEM 408..428; /note=""Helical""; /evidence=""ECO:0000255""","TOPO_DOM 1..33; /note=""Cytoplasmic""; /evidence=""ECO:0000255""; TOPO_DOM 55..70; /note=""Extracellular""; /evidence=""ECO:0000255""; TOPO_DOM 92..100; /note=""Cytoplasmic""; /evidence=""ECO:0000255""; TOPO_DOM 122..127; /note=""Extracellular""; /evidence=""ECO:0000255""; TOPO_DOM 149..161; /note=""Cytoplasmic""; /evidence=""ECO:0000255""; TOPO_DOM 185..195; /note=""Extracellular""; /evidence=""ECO:0000255""; TOPO_DOM 217..230; /note=""Cytoplasmic""; /evidence=""ECO:0000255""; TOPO_DOM 252..272; /note=""Extracellular""; /evidence=""ECO:0000255""; TOPO_DOM 294..304; /note=""Cytoplasmic""; /evidence=""ECO:0000255""; TOPO_DOM 326..331; /note=""Extracellular""; /evidence=""ECO:0000255""; TOPO_DOM 353..377; /note=""Cytoplasmic""; /evidence=""ECO:0000255""; TOPO_DOM 399..407; /note=""Extracellular""; /evidence=""ECO:0000255""; TOPO_DOM 429..456; /note=""Cytoplasmic""; /evidence=""ECO:0000255""","SUBCELLULAR LOCATION: Cytoplasmic vesicle, secretory vesicle membrane {ECO:0000250|UniProtKB:D3Z5L6}; Multi-pass membrane protein {ECO:0000255}. Cytoplasmic vesicle, secretory vesicle, synaptic vesicle membrane {ECO:0000250|UniProtKB:D4A9K4}; Multi-pass membrane protein {ECO:0000250|UniProtKB:D4A9K4}. Note=Colocalizes with VAMP3 and VAMP8 in mast cell secretory granules, which are distinct from histamine- and serotonin-containing granules (By similarity). Partly colocalizes with SYP in synaptic vesicles in hippocampal neurons. Colocalizes with SYP and VAMP2 in secretory vesicles of astrocytes (By similarity). {ECO:0000250|UniProtKB:D3Z5L6, ECO:0000250|UniProtKB:D4A9K4}."
Q6P1L5,,,,
Q6P2E9,,,,"SUBCELLULAR LOCATION: Cytoplasm, P-body {ECO:0000269|PubMed:16364915, ECO:0000269|PubMed:9067524}. Nucleus {ECO:0000269|PubMed:7520377}."
Q6P3W7,,,,"SUBCELLULAR LOCATION: Cytoplasmic vesicle, clathrin-coated vesicle {ECO:0000269|PubMed:15809293, ECO:0000269|PubMed:16914521}. Golgi apparatus, trans-Golgi network membrane {ECO:0000269|PubMed:16914521}. Endosome membrane {ECO:0000269|PubMed:16914521}. Note=Colocalizes to the trans-Golgi network (TGN) and to endosomal membranes with clathrin, transferrin and plasma membrane adapter AP1 and AP3 complexes. {ECO:0000269|PubMed:16914521}."
Q6UB99,,,,"SUBCELLULAR LOCATION: Nucleus {ECO:0000269|PubMed:15184363, ECO:0000269|PubMed:25413698, ECO:0000269|PubMed:25556659, ECO:0000269|Ref.1}. Note=Localizes to chromatin during prometaphase. {ECO:0000269|PubMed:25413698}."
Q6YBV0,,"TRANSMEM 87..107; /note=""Helical""; /evidence=""ECO:0000255""; TRANSMEM 154..174; /note=""Helical""; /evidence=""ECO:0000255""; TRANSMEM 206..226; /note=""Helical""; /evidence=""ECO:0000255""; TRANSMEM 231..251; /note=""Helical""; /evidence=""ECO:0000255""; TRANSMEM 273..293; /note=""Helical""; /evidence=""ECO:0000255""; TRANSMEM 309..329; /note=""Helical""; /evidence=""ECO:0000255""; TRANSMEM 358..378; /note=""Helical""; /evidence=""ECO:0000255""; TRANSMEM 389..409; /note=""Helical""; /evidence=""ECO:0000255""; TRANSMEM 414..434; /note=""Helical""; /evidence=""ECO:0000255""; TRANSMEM 456..476; /note=""Helical""; /evidence=""ECO:0000255""",,SUBCELLULAR LOCATION: Lysosome membrane {ECO:0000250|UniProtKB:Q8CH36}; Multi-pass membrane protein {ECO:0000255}.
Q5T0N5,,,,"SUBCELLULAR LOCATION: Cytoplasm {ECO:0000269|PubMed:16757518}. Cytoplasm, cytoskeleton {ECO:0000250}. Cytoplasm, cell cortex {ECO:0000250}. Cytoplasmic vesicle {ECO:0000250}. Cell membrane {ECO:0000250}; Peripheral membrane protein {ECO:0000250}; Cytoplasmic side {ECO:0000250}."
Q5T3F8,,"TRANSMEM 41..65; /note=""Helical; Name=TM0""; /evidence=""ECO:0000305|PubMed:37543036, ECO:0007744|PDB:8EHX""; TRANSMEM 146..178; /note=""Helical; Name=TM1""; /evidence=""ECO:0000305|PubMed:37543036, ECO:0007744|PDB:8EHX""; TRANSMEM 203..227; /note=""Helical; Name=TM2""; /evidence=""ECO:0000305|PubMed:37543036, ECO:0007744|PDB:8EHX""; TRANSMEM 428..457; /note=""Helical; Name=TM3""; /evidence=""ECO:0000305|PubMed:37543036, ECO:0007744|PDB:8EHX""; TRANSMEM 473..502; /note=""Helical; Name=TM4""; /evidence=""ECO:0000305|PubMed:37543036, ECO:0007744|PDB:8EHX""; TRANSMEM 507..543; /note=""Helical; Name=TM5""; /evidence=""ECO:0000305|PubMed:37543036, ECO:0007744|PDB:8EHX""; TRANSMEM 567..599; /note=""Helical; Name=TM6""; /evidence=""ECO:0000305|PubMed:37543036, ECO:0007744|PDB:8EHX""; TRANSMEM 620..638; /note=""Helical; Name=TM7""; /evidence=""ECO:0000305|PubMed:37543036, ECO:0007744|PDB:8EHX""; TRANSMEM 642..666; /note=""Helical; Name=TM8""; /evidence=""ECO:0000305|PubMed:37543036, ECO:0007744|PDB:8EHX""; TRANSMEM 674..702; /note=""Helical; Name=TM9""; /evidence=""ECO:0000305|PubMed:37543036, ECO:0007744|PDB:8EHX""; TRANSMEM 708..728; /note=""Helical; Name=TM10""; /evidence=""ECO:0000305|PubMed:37543036, ECO:0007744|PDB:8EHX""","TOPO_DOM 1..40; /note=""Extracellular""; /evidence=""ECO:0000305|PubMed:37543036, ECO:0007744|PDB:8EHX""; TOPO_DOM 66..145; /note=""Cytoplasmic""; /evidence=""ECO:0000305|PubMed:37543036, ECO:0007744|PDB:8EHX""; TOPO_DOM 179..202; /note=""Extracellular""; /evidence=""ECO:0000305|PubMed:37543036, ECO:0007744|PDB:8EHX""; TOPO_DOM 228..427; /note=""Cytoplasmic""; /evidence=""ECO:0000305|PubMed:37543036, ECO:0007744|PDB:8EHX""; TOPO_DOM 458..472; /note=""Extracellular""; /evidence=""ECO:0000305|PubMed:37543036, ECO:0007744|PDB:8EHX""; TOPO_DOM 503..506; /note=""Cytoplasmic""; /evidence=""ECO:0000305|PubMed:37543036, ECO:0007744|PDB:8EHX""; TOPO_DOM 544..566; /note=""Extracellular""; /evidence=""ECO:0000305|PubMed:37543036, ECO:0007744|PDB:8EHX""; TOPO_DOM 600..619; /note=""Cytoplasmic""; /evidence=""ECO:0000305|PubMed:37543036, ECO:0007744|PDB:8EHX""; TOPO_DOM 639..641; /note=""Extracellular""; /evidence=""ECO:0000305|PubMed:37543036, ECO:0007744|PDB:8EHX""; TOPO_DOM 667..673; /note=""Cytoplasmic""; /evidence=""ECO:0000305|PubMed:37543036, ECO:0007744|PDB:8EHX""; TOPO_DOM 703..707; /note=""Extracellular""; /evidence=""ECO:0000305|PubMed:37543036, ECO:0007744|PDB:8EHX""; TOPO_DOM 729..832; /note=""Cytoplasmic""; /evidence=""ECO:0000305|PubMed:37543036, ECO:0007744|PDB:8EHX""","SUBCELLULAR LOCATION: Cell membrane {ECO:0000269|PubMed:37421948, ECO:0000269|PubMed:37543036, ECO:0000269|PubMed:38127458, ECO:0000269|PubMed:39217145, ECO:0000269|PubMed:39716028}; Multi-pass membrane protein {ECO:0000269|PubMed:37543036}. Endoplasmic reticulum membrane {ECO:0000250|UniProtKB:Q3TWI9}; Multi-pass membrane protein {ECO:0000269|PubMed:37543036}. Lysosome membrane {ECO:0000269|PubMed:39716028}; Multi-pass membrane protein {ECO:0000269|PubMed:37543036}. Early endosome membrane {ECO:0000269|PubMed:38127458}; Multi-pass membrane protein {ECO:0000269|PubMed:37543036}. Note=Colocalizes with cortical F-actin (By similarity). Localizes at lamellar body membrane in alveolar type 2 cells (By similarity). {ECO:0000250|UniProtKB:Q3TWI9}."
Q5T5U3,,,,"SUBCELLULAR LOCATION: Golgi apparatus membrane; Peripheral membrane protein. Cell junction. Cytoplasmic vesicle membrane; Peripheral membrane protein. Cytoplasm, cytoskeleton. Note=Localization to the Golgi is dependent on interaction with GTP-bound ARF1."
Q5T8P6,,,,
Q5TB30,,,,"SUBCELLULAR LOCATION: Nucleus {ECO:0000269|PubMed:17452976, ECO:0000269|PubMed:20587513}. Note=Colocalizes with ZNF224 at the nucleus."
Q5TCX8,,,,
Q643R3,,"TRANSMEM 40..62; /note=""Helical""; /evidence=""ECO:0000255""; TRANSMEM 87..107; /note=""Helical""; /evidence=""ECO:0000255""",,"SUBCELLULAR LOCATION: Endoplasmic reticulum membrane {ECO:0000269|PubMed:16243729, ECO:0000269|PubMed:18458083}; Multi-pass membrane protein {ECO:0000269|PubMed:16243729, ECO:0000269|PubMed:18458083}."
Q6DD88,,"TRANSMEM 446..466; /note=""Helical""; /evidence=""ECO:0000255""; TRANSMEM 468..488; /note=""Helical""; /evidence=""ECO:0000255""","TOPO_DOM 1..445; /note=""Cytoplasmic""; /evidence=""ECO:0000269|PubMed:18270207""; TOPO_DOM 467; /note=""Lumenal""; /evidence=""ECO:0000305|PubMed:18270207""; TOPO_DOM 489..541; /note=""Cytoplasmic""; /evidence=""ECO:0000269|PubMed:18270207""","SUBCELLULAR LOCATION: Endoplasmic reticulum membrane {ECO:0000269|PubMed:18270207, ECO:0000269|PubMed:19665976, ECO:0000269|PubMed:23969831, ECO:0000269|PubMed:24459106, ECO:0000269|PubMed:25548161, ECO:0000269|PubMed:27619977, ECO:0000269|PubMed:37102997}; Multi-pass membrane protein {ECO:0000269|PubMed:18270207}. Note=Localizes to endoplasmic reticulum tubules and accumulates in punctuate structures corresponding to 3-way junctions, which represent crossing-points at which the tubules build a polygonal network. {ECO:0000269|PubMed:23969831, ECO:0000269|PubMed:24459106, ECO:0000269|PubMed:27619977}."
Q6IPM2,,,,"SUBCELLULAR LOCATION: Cell projection, cilium membrane {ECO:0000250|UniProtKB:Q6PCQ0}; Peripheral membrane protein {ECO:0000250|UniProtKB:Q6PCQ0}; Cytoplasmic side {ECO:0000250|UniProtKB:Q6PCQ0}. Note=The EvC complex localizes at the base of cilia in the EvC zone of primary cilia in a EFCAB7-dependent manner. {ECO:0000250|UniProtKB:Q6PCQ0}."
Q6P2Q9,,,,"SUBCELLULAR LOCATION: Nucleus {ECO:0000269|PubMed:26912367, ECO:0000269|PubMed:28076346, ECO:0000269|PubMed:28502770, ECO:0000269|PubMed:28781166, ECO:0000269|PubMed:29301961, ECO:0000269|PubMed:29360106, ECO:0000269|PubMed:29361316, ECO:0000269|PubMed:30315277, ECO:0000269|PubMed:30705154, ECO:0000269|PubMed:30728453}. Nucleus speckle {ECO:0000305}."
Q6P9B9,,"TRANSMEM 534..554; /note=""Helical""; /evidence=""ECO:0000255""; TRANSMEM 856..876; /note=""Helical""; /evidence=""ECO:0000255""; TRANSMEM 930..950; /note=""Helical""; /evidence=""ECO:0000255""",,"SUBCELLULAR LOCATION: Nucleus {ECO:0000269|PubMed:23904267, ECO:0000269|PubMed:39032490}. Cytoplasm {ECO:0000269|PubMed:23904267}. Nucleus membrane {ECO:0000305}; Multi-pass membrane protein {ECO:0000255}."
Q6ZNE5,,,,"SUBCELLULAR LOCATION: Cytoplasm {ECO:0000269|PubMed:19050071, ECO:0000269|PubMed:37632749}. Endoplasmic reticulum membrane {ECO:0000269|PubMed:19270696, ECO:0000269|PubMed:20713597}; Peripheral membrane protein {ECO:0000305}. Preautophagosomal structure membrane {ECO:0000269|PubMed:18843052, ECO:0000269|PubMed:19050071, ECO:0000269|PubMed:19270696, ECO:0000269|PubMed:22314358}; Peripheral membrane protein {ECO:0000305}. Cytoplasmic vesicle, autophagosome membrane {ECO:0000269|PubMed:19270696, ECO:0000269|PubMed:25686604}; Peripheral membrane protein {ECO:0000305}. Note=Cytosolic under nutrient-rich conditions (PubMed:19050071). Following autophagy stimuli, such as starvation or rapamycin induction, predominantly detected in cytoplasmic foci, identified as isolation membranes and autophagosomes (PubMed:19050071). Accumulates on highly curved PtdIns(3)P enriched autophagic membrane via its BATS domain to sense and maintain membrane curvature (By similarity). Also localizes to discrete punctae along the ciliary axoneme and to the base of the ciliary axoneme (By similarity). {ECO:0000250|UniProtKB:Q8CDJ3}."
Q6ZSZ5,,,,"SUBCELLULAR LOCATION: Cytoplasm {ECO:0000269|PubMed:15558029}. Cytoplasm, cytoskeleton {ECO:0000269|PubMed:15558029}. Cell membrane {ECO:0000269|PubMed:29601110}. Apical cell membrane {ECO:0000269|PubMed:22006950}. Note=In unactivated eosinophils, distributed around the cell periphery in the perimembranous region (PubMed:29601110). In activated eosinophils, relocates to the tip of the nucleopod, a membrane structure formed during activation when the nucleus moves to one end of the cell, and is also concentrated in membrane protrusions at the opposite end of the cell (PubMed:29601110). Localizes to the apical cell membrane in epithelial cells (PubMed:22006950). {ECO:0000269|PubMed:22006950, ECO:0000269|PubMed:29601110}."
Q6ZW76,,,,"SUBCELLULAR LOCATION: Cell projection, cilium {ECO:0000250|UniProtKB:Q9CZK6}. Cytoplasm {ECO:0000250|UniProtKB:Q9CZK6}."
Q7L7X3,,,,SUBCELLULAR LOCATION: Cytoplasm {ECO:0000269|PubMed:13679851}.
Q7Z2T5,,,,"SUBCELLULAR LOCATION: Nucleus, nucleolus {ECO:0000269|PubMed:28784718, ECO:0000269|PubMed:39786998, ECO:0000305|PubMed:33499731}."
Q6NUT3,,"TRANSMEM 27..47; /note=""Helical""; /evidence=""ECO:0000255""; TRANSMEM 57..77; /note=""Helical""; /evidence=""ECO:0000255""; TRANSMEM 98..118; /note=""Helical""; /evidence=""ECO:0000255""; TRANSMEM 125..145; /note=""Helical""; /evidence=""ECO:0000255""; TRANSMEM 171..191; /note=""Helical""; /evidence=""ECO:0000255""; TRANSMEM 219..239; /note=""Helical""; /evidence=""ECO:0000255""; TRANSMEM 280..302; /note=""Helical""; /evidence=""ECO:0000255""; TRANSMEM 311..331; /note=""Helical""; /evidence=""ECO:0000255""; TRANSMEM 348..368; /note=""Helical""; /evidence=""ECO:0000255""; TRANSMEM 369..389; /note=""Helical""; /evidence=""ECO:0000255""; TRANSMEM 403..423; /note=""Helical""; /evidence=""ECO:0000255""; TRANSMEM 447..467; /note=""Helical""; /evidence=""ECO:0000255""","TOPO_DOM 1..26; /note=""Cytoplasmic""; /evidence=""ECO:0000305""; TOPO_DOM 48..56; /note=""Lumenal""; /evidence=""ECO:0000305""; TOPO_DOM 78..97; /note=""Cytoplasmic""; /evidence=""ECO:0000305""; TOPO_DOM 119..124; /note=""Lumenal""; /evidence=""ECO:0000305""; TOPO_DOM 146..170; /note=""Cytoplasmic""; /evidence=""ECO:0000305""; TOPO_DOM 192..218; /note=""Lumenal""; /evidence=""ECO:0000305""; TOPO_DOM 240..279; /note=""Cytoplasmic""; /evidence=""ECO:0000305""; TOPO_DOM 303..310; /note=""Lumenal""; /evidence=""ECO:0000305""; TOPO_DOM 332..347; /note=""Cytoplasmic""; /evidence=""ECO:0000305""; TOPO_DOM 390..402; /note=""Cytoplasmic""; /evidence=""ECO:0000305""; TOPO_DOM 424..446; /note=""Lumenal""; /evidence=""ECO:0000305""; TOPO_DOM 468..480; /note=""Cytoplasmic""; /evidence=""ECO:0000305""","SUBCELLULAR LOCATION: Melanosome membrane {ECO:0000269|PubMed:33208952}; Multi-pass membrane protein {ECO:0000255}. Lysosome membrane {ECO:0000269|PubMed:29025994, ECO:0000269|PubMed:33208952, ECO:0000269|PubMed:37751742}; Multi-pass membrane protein {ECO:0000255}."
Q6P1A2,,"TRANSMEM 44..64; /note=""Helical""; /evidence=""ECO:0000255""; TRANSMEM 84..104; /note=""Helical""; /evidence=""ECO:0000255""; TRANSMEM 111..131; /note=""Helical""; /evidence=""ECO:0000255""; TRANSMEM 180..200; /note=""Helical""; /evidence=""ECO:0000255""; TRANSMEM 227..247; /note=""Helical""; /evidence=""ECO:0000255""; TRANSMEM 285..305; /note=""Helical""; /evidence=""ECO:0000255""; TRANSMEM 364..384; /note=""Helical""; /evidence=""ECO:0000255""; TRANSMEM 422..442; /note=""Helical""; /evidence=""ECO:0000255""; TRANSMEM 453..473; /note=""Helical""; /evidence=""ECO:0000255""",,SUBCELLULAR LOCATION: Endoplasmic reticulum membrane {ECO:0000269|PubMed:18195019}; Multi-pass membrane protein {ECO:0000255}.
Q6P1M0,,"TRANSMEM 20..42; /note=""Helical""; /evidence=""ECO:0000255""; TRANSMEM 139..156; /note=""Helical""; /evidence=""ECO:0000255""",,"SUBCELLULAR LOCATION: Endoplasmic reticulum membrane {ECO:0000269|PubMed:22022213, ECO:0000305|PubMed:24269233}; Multi-pass membrane protein {ECO:0000255}."
Q6P597,,,,"SUBCELLULAR LOCATION: Cytoplasm, cytoskeleton {ECO:0000250|UniProtKB:Q68G30, ECO:0000250|UniProtKB:Q91W40}. Mitochondrion {ECO:0000250|UniProtKB:Q91W40}. Note=In elongating spermatid tail midpiece, localized in outer dense fibers (ODFs) and associates with mitochondria. Also localizes to the manchette in elongating spermatids. {ECO:0000250|UniProtKB:Q68G30, ECO:0000250|UniProtKB:Q91W40}."
Q6STE5,,,,SUBCELLULAR LOCATION: Nucleus {ECO:0000269|PubMed:14701856}.
Q6ZWT7,,"TRANSMEM 22..42; /note=""Helical""; /evidence=""ECO:0000255""; TRANSMEM 61..81; /note=""Helical""; /evidence=""ECO:0000255""; TRANSMEM 88..108; /note=""Helical""; /evidence=""ECO:0000255""; TRANSMEM 184..204; /note=""Helical""; /evidence=""ECO:0000255""; TRANSMEM 237..257; /note=""Helical""; /evidence=""ECO:0000255""; TRANSMEM 264..284; /note=""Helical""; /evidence=""ECO:0000255""; TRANSMEM 366..386; /note=""Helical""; /evidence=""ECO:0000255""; TRANSMEM 416..436; /note=""Helical""; /evidence=""ECO:0000255""; TRANSMEM 444..464; /note=""Helical""; /evidence=""ECO:0000255""",,SUBCELLULAR LOCATION: Endoplasmic reticulum membrane {ECO:0000250|UniProtKB:Q8R3I2}; Multi-pass membrane protein {ECO:0000255}.
Q7L590,,,,"SUBCELLULAR LOCATION: Nucleus {ECO:0000269|PubMed:11095689, ECO:0000269|PubMed:15136575, ECO:0000269|PubMed:32865517}. Note=Colocalizes with ORC2 in nuclei foci. Associated with chromatin in S phase. From early to mid-S phase located in discrete nuclear foci. In early S phase, several hundred foci appeared throughout the nucleus. In mid-S phase, the foci appeared at the nuclear periphery and nucleolar regions. In the late S and G phases localized to nucleoli."
Q7Z3C6,,"TRANSMEM 62..84; /note=""Helical""; /evidence=""ECO:0000269|PubMed:32610138, ECO:0000269|PubMed:33106659, ECO:0007744|PDB:6WQZ, ECO:0007744|PDB:6WR4, ECO:0007744|PDB:7JLO, ECO:0007744|PDB:7JLP, ECO:0007744|PDB:7JLQ""; TRANSMEM 129..154; /note=""Helical""; /evidence=""ECO:0000269|PubMed:32610138, ECO:0000269|PubMed:33106659, ECO:0007744|PDB:6WQZ, ECO:0007744|PDB:6WR4, ECO:0007744|PDB:7JLO, ECO:0007744|PDB:7JLP, ECO:0007744|PDB:7JLQ""; TRANSMEM 372..397; /note=""Helical""; /evidence=""ECO:0000269|PubMed:32610138, ECO:0000269|PubMed:33106659, ECO:0007744|PDB:6WQZ, ECO:0007744|PDB:6WR4, ECO:0007744|PDB:7JLO, ECO:0007744|PDB:7JLP, ECO:0007744|PDB:7JLQ""; TRANSMEM 407..424; /note=""Helical""; /evidence=""ECO:0000269|PubMed:32610138, ECO:0000269|PubMed:33106659, ECO:0007744|PDB:6WQZ, ECO:0007744|PDB:6WR4, ECO:0007744|PDB:7JLO, ECO:0007744|PDB:7JLP, ECO:0007744|PDB:7JLQ""","TOPO_DOM 2..61; /note=""Cytoplasmic""; /evidence=""ECO:0000305""; TOPO_DOM 85..128; /note=""Lumenal""; /evidence=""ECO:0000305""; TOPO_DOM 155..290; /note=""Cytoplasmic""; /evidence=""ECO:0000305""; TOPO_DOM 302..319; /note=""Cytoplasmic""; /evidence=""ECO:0000305""; TOPO_DOM 329..371; /note=""Cytoplasmic""; /evidence=""ECO:0000305""; TOPO_DOM 398..406; /note=""Lumenal""; /evidence=""ECO:0000305""; TOPO_DOM 425..470; /note=""Cytoplasmic""; /evidence=""ECO:0000305""; TOPO_DOM 481..483; /note=""Cytoplasmic""; /evidence=""ECO:0000305""; TOPO_DOM 493..839; /note=""Cytoplasmic""; /evidence=""ECO:0000305""","SUBCELLULAR LOCATION: Preautophagosomal structure membrane {ECO:0000269|PubMed:18936157, ECO:0000269|PubMed:32073997, ECO:0000269|PubMed:33106659}; Multi-pass membrane protein {ECO:0000269|PubMed:32610138, ECO:0000269|PubMed:33106659}. Cytoplasmic vesicle, autophagosome membrane {ECO:0000269|PubMed:19910472}; Multi-pass membrane protein {ECO:0000269|PubMed:32610138, ECO:0000269|PubMed:33106659}. Golgi apparatus, trans-Golgi network membrane {ECO:0000269|PubMed:16940348, ECO:0000269|PubMed:20124090, ECO:0000269|PubMed:21068542, ECO:0000269|PubMed:27316455, ECO:0000269|PubMed:27663665, ECO:0000269|PubMed:29180427, ECO:0000269|PubMed:33468622, ECO:0000305|PubMed:34432599}; Multi-pass membrane protein {ECO:0000269|PubMed:32610138, ECO:0000269|PubMed:33106659}. Late endosome membrane {ECO:0000269|PubMed:16940348, ECO:0000269|PubMed:20124090, ECO:0000269|PubMed:22456507, ECO:0000269|PubMed:32513819, ECO:0000269|PubMed:33468622}; Multi-pass membrane protein {ECO:0000269|PubMed:32610138, ECO:0000269|PubMed:33106659}. Recycling endosome membrane {ECO:0000269|PubMed:22456507, ECO:0000269|PubMed:29437695}; Multi-pass membrane protein {ECO:0000269|PubMed:32610138, ECO:0000269|PubMed:33106659}. Endoplasmic reticulum membrane {ECO:0000269|PubMed:20124090, ECO:0000269|PubMed:27316455, ECO:0000269|PubMed:27663665}; Multi-pass membrane protein {ECO:0000269|PubMed:32610138, ECO:0000269|PubMed:33106659}. Mitochondrion membrane {ECO:0000305|PubMed:34432599}; Multi-pass membrane protein {ECO:0000255}. Note=Mainly localizes to the trans-Golgi network (TGN) and the endosomal system; cycles between them though vesicle trafficking (PubMed:27316455, PubMed:27663665). Export from the TGN to promote formation of autophagosomes is mediated by the AP-4 complex (PubMed:29180427, PubMed:30262884). Under amino acid starvation or rapamycin treatment, redistributes to preautophagosomal structure/phagophore assembly site (PAS) (PubMed:16940348). The starvation-induced redistribution depends on ULK1, ATG13, as well as SH3GLB1 (PubMed:16940348). Upon autophagy induction, a small portion transiently localizes to the autophagic membranes (PubMed:22456507). Recruited to damaged mitochondria during mitophagy in a RIMOC1-dependent manner (PubMed:34432599). {ECO:0000269|PubMed:16940348, ECO:0000269|PubMed:22456507, ECO:0000269|PubMed:27316455, ECO:0000269|PubMed:27663665, ECO:0000269|PubMed:29180427, ECO:0000269|PubMed:30262884, ECO:0000269|PubMed:34432599}."
Q68DC2,,,,"SUBCELLULAR LOCATION: Cell projection, cilium {ECO:0000250|UniProtKB:Q6GQX6}. Cytoplasm {ECO:0000250|UniProtKB:P0C0T2}. Note=Localizes to the proximal region of the primary cilium in the presence of INVS. {ECO:0000250|UniProtKB:Q6GQX6}."
Q6NTF9,,"TRANSMEM 11..31; /note=""Helical""; /evidence=""ECO:0000255""; TRANSMEM 63..83; /note=""Helical""; /evidence=""ECO:0000255""; TRANSMEM 100..120; /note=""Helical""; /evidence=""ECO:0000255""; TRANSMEM 158..178; /note=""Helical""; /evidence=""ECO:0000255""; TRANSMEM 184..204; /note=""Helical""; /evidence=""ECO:0000255""",,"SUBCELLULAR LOCATION: Golgi apparatus, cis-Golgi network membrane {ECO:0000250}; Multi-pass membrane protein {ECO:0000250}."
Q6P2H3,,,,"SUBCELLULAR LOCATION: Cytoplasm, cytoskeleton, microtubule organizing center, centrosome {ECO:0000269|PubMed:21399614, ECO:0000269|PubMed:26220856}. Cytoplasm, cytoskeleton, spindle pole {ECO:0000269|PubMed:21399614, ECO:0000269|PubMed:26220856}. Nucleus, nucleolus {ECO:0000269|PubMed:21399614}. Cytoplasm, cytoskeleton, microtubule organizing center, centrosome, centriole {ECO:0000269|PubMed:29712910, ECO:0000269|PubMed:32107292}. Cytoplasm, cell cortex {ECO:0000269|PubMed:32107292}. Note=Localizes to centrosomes and nucleolus in interphase. Upon entry into mitosis, relocates from nucleolus and accumulates at spindle poles (PubMed:21399614). Associated with the pericentriolar material. Localizes to centrosomes at a low level in G1 phase and a slightly increased level in S phase, with gradually elevated levels during G2 phase. The levels at centrosomes further increase at G2/M, reaching a peak at spindle poles at early mitotic stages and remain high until the end of anaphase (PubMed:26220856). Localizes at the leading edge (PubMed:32107292). {ECO:0000269|PubMed:21399614, ECO:0000269|PubMed:26220856, ECO:0000269|PubMed:32107292}."
Q6P4F7,,,,SUBCELLULAR LOCATION: Nucleus {ECO:0000269|PubMed:31883789}.
Q6P5W5,"SIGNAL 1..22; /evidence=""ECO:0000255""","TRANSMEM 328..348; /note=""Helical; Name=1""; /evidence=""ECO:0000250|UniProtKB:A0A0H3LM39""; TRANSMEM 360..380; /note=""Helical; Name=2""; /evidence=""ECO:0000250|UniProtKB:A0A0H3LM39""; TRANSMEM 403..423; /note=""Helical; Name=3""; /evidence=""ECO:0000250|UniProtKB:A0A0H3LM39""; TRANSMEM 499..518; /note=""Helical; Name=4""; /evidence=""ECO:0000250|UniProtKB:A0A0H3LM39""; TRANSMEM 527..553; /note=""Helical; Name=5""; /evidence=""ECO:0000250|UniProtKB:A0A0H3LM39""; TRANSMEM 559..579; /note=""Helical; Name=6""; /evidence=""ECO:0000250|UniProtKB:A0A0H3LM39""; TRANSMEM 587..607; /note=""Helical; Name=7""; /evidence=""ECO:0000250|UniProtKB:A0A0H3LM39""; TRANSMEM 618..638; /note=""Helical; Name=8""; /evidence=""ECO:0000250|UniProtKB:A0A0H3LM39""","TOPO_DOM 23..327; /note=""Extracellular""; /evidence=""ECO:0000305""; TOPO_DOM 349..359; /note=""Cytoplasmic""; /evidence=""ECO:0000305""; TOPO_DOM 381..402; /note=""Extracellular""; /evidence=""ECO:0000305""; TOPO_DOM 424..498; /note=""Cytoplasmic""; /evidence=""ECO:0000305""; TOPO_DOM 519..526; /note=""Extracellular""; /evidence=""ECO:0000305""; TOPO_DOM 554..558; /note=""Cytoplasmic""; /evidence=""ECO:0000305""; TOPO_DOM 580..586; /note=""Extracellular""; /evidence=""ECO:0000305""; TOPO_DOM 608..617; /note=""Cytoplasmic""; /evidence=""ECO:0000305""; TOPO_DOM 639..647; /note=""Extracellular""; /evidence=""ECO:0000305""","SUBCELLULAR LOCATION: Cell membrane {ECO:0000269|PubMed:14612438, ECO:0000269|PubMed:17202136, ECO:0000269|PubMed:30874431, ECO:0000269|PubMed:31164399, ECO:0000269|PubMed:32348750, ECO:0000269|PubMed:36473915}; Multi-pass membrane protein {ECO:0000250|UniProtKB:A0A0H3LM39}. Recycling endosome membrane {ECO:0000269|PubMed:14612438}; Multi-pass membrane protein {ECO:0000250|UniProtKB:A0A0H3LM39}. Apical cell membrane {ECO:0000250|UniProtKB:Q78IQ7}; Multi-pass membrane protein {ECO:0000250|UniProtKB:A0A0H3LM39}. Note=Colocalized with TFRC in the recycling endosomes. Cycles between endosomal compartments and the plasma membrane in response to Zn(2+) availability. Zn(2+) deficiency promotes accumulation of SLC39A4 on the surface membrane, whereas high extracellular Zn(2+) levels induce internalization of SLC39A4, but also trigger drastic removal of cellular SLC39A4 via proteasomal and lysosomal degradation pathways. {ECO:0000250|UniProtKB:Q78IQ7, ECO:0000269|PubMed:17202136, ECO:0000269|PubMed:32348750}."
Q6P5Z2,,,,"SUBCELLULAR LOCATION: Nucleus {ECO:0000269|PubMed:10441506}. Cytoplasm, perinuclear region {ECO:0000269|PubMed:10441506}. Note=Nuclear and perinuclear Golgi region."
Q6PFW1,,,,"SUBCELLULAR LOCATION: Cytoplasm, cytosol {ECO:0000269|PubMed:17690096, ECO:0000269|PubMed:17702752, ECO:0000269|PubMed:21222653}. Cell membrane {ECO:0000269|PubMed:21222653}. Note=Relocalizes to the plasma membrane upon activation of the PtdIns 3-kinase pathway. {ECO:0000269|PubMed:21222653}."
Q6PML9,,"TRANSMEM 239..259; /note=""Helical""; /evidence=""ECO:0000255""; TRANSMEM 314..334; /note=""Helical""; /evidence=""ECO:0000255""; TRANSMEM 342..362; /note=""Helical""; /evidence=""ECO:0000255""; TRANSMEM 392..412; /note=""Helical""; /evidence=""ECO:0000255""; TRANSMEM 424..444; /note=""Helical""; /evidence=""ECO:0000255""",,"SUBCELLULAR LOCATION: Mitochondrion membrane {ECO:0000269|PubMed:34397090, ECO:0000269|PubMed:35614220}; Multi-pass membrane protein {ECO:0000305}. Nucleus {ECO:0000269|PubMed:10409434}. Endoplasmic reticulum {ECO:0000269|PubMed:28334855}. Note=Partial co-localization with endoplasmic reticulum (PubMed:28334855). Linked to mitochondrial ribosomes (PubMed:35614220). {ECO:0000269|PubMed:10409434, ECO:0000269|PubMed:28334855, ECO:0000269|PubMed:35614220}."
Q7L5N7,,"TRANSMEM 58..78; /note=""Helical; Signal-anchor for type II membrane protein""; /evidence=""ECO:0000255""","TOPO_DOM 1..57; /note=""Cytoplasmic""; /evidence=""ECO:0000255""; TOPO_DOM 79..544; /note=""Lumenal""; /evidence=""ECO:0000255""","SUBCELLULAR LOCATION: Endoplasmic reticulum membrane {ECO:0000269|PubMed:20363836, ECO:0000269|PubMed:21498505}; Single-pass type II membrane protein {ECO:0000269|PubMed:21498505}. Golgi apparatus membrane {ECO:0000250|UniProtKB:Q8BYI6}; Single-pass type II membrane protein {ECO:0000305|PubMed:21498505}. Cell membrane {ECO:0000250|UniProtKB:Q8BYI6}; Single-pass type II membrane protein {ECO:0000305|PubMed:21498505}. Lipid droplet {ECO:0000269|PubMed:21498505}."
Q5SQN1,,,,"SUBCELLULAR LOCATION: Endomembrane system {ECO:0000250}. Cytoplasm, perinuclear region {ECO:0000250}. Note=Appears to be exclusively membrane-bound. {ECO:0000250}."
Q71SY5,,,,SUBCELLULAR LOCATION: Nucleus {ECO:0000269|PubMed:14657022}.
Q6PHR2,,,,"SUBCELLULAR LOCATION: Cytoplasm {ECO:0000269|PubMed:19279323, ECO:0000269|PubMed:19878745}. Note=Localizes to pre-autophagosomal structure during cellular senescence. {ECO:0000269|PubMed:20643644}."
Q765P7,,,,"SUBCELLULAR LOCATION: Cytoplasm {ECO:0000269|PubMed:20875796}. Cell projection, ruffle {ECO:0000269|PubMed:20875796}. Note=Colocalizes with RAC1 within membrane ruffles. {ECO:0000269|PubMed:20875796}."
Q7Z417,,,,"SUBCELLULAR LOCATION: Nucleus {ECO:0000269|PubMed:12837692, ECO:0000269|PubMed:26184334}. Cytoplasm {ECO:0000269|PubMed:12837692, ECO:0000269|PubMed:26184334}. Cytoplasm, Stress granule {ECO:0000269|PubMed:26184334}. Note=Distribution is cell cycle-modulated, being cytoplasmic in the G2/M phase and accumulating in nucleus during the G1 phase (PubMed:12837692). {ECO:0000269|PubMed:12837692, ECO:0000269|PubMed:26184334}."
Q6P2C8,,,,"SUBCELLULAR LOCATION: Nucleus {ECO:0000269|PubMed:10882111, ECO:0000269|PubMed:9989412}."
Q6PKC3,,"TRANSMEM 65..85; /note=""Helical""; /evidence=""ECO:0000255""",,SUBCELLULAR LOCATION: Endoplasmic reticulum membrane {ECO:0000305}; Single-pass membrane protein {ECO:0000305}.
Q5UCC4,"SIGNAL 1..25; /evidence=""ECO:0000269|PubMed:32439656""","TRANSMEM 222..242; /note=""Helical""; /evidence=""ECO:0000255""","TOPO_DOM 26..221; /note=""Lumenal""; /evidence=""ECO:0000269|PubMed:32439656""; TOPO_DOM 243..262; /note=""Cytoplasmic""; /evidence=""ECO:0000269|PubMed:32439656""","SUBCELLULAR LOCATION: [Isoform 1]: Endoplasmic reticulum membrane {ECO:0000305|PubMed:22119785, ECO:0000305|PubMed:32439656, ECO:0000305|PubMed:32459176}; Single-pass type I membrane protein {ECO:0000269|PubMed:32439656, ECO:0000269|PubMed:32459176}.; SUBCELLULAR LOCATION: [Isoform 2]: Secreted {ECO:0000269|PubMed:19570817, ECO:0000269|PubMed:20680400, ECO:0000269|PubMed:28931551}."
Q6VN20,,,,"SUBCELLULAR LOCATION: Cytoplasm, cytosol {ECO:0000269|PubMed:18222118}. Nucleus {ECO:0000269|PubMed:18222118}. Note=Predominantly cytoplasmic."
Q6ZMG9,,"TRANSMEM 38..55; /note=""Helical; Name=1""; /evidence=""ECO:0000269|PubMed:39528795, ECO:0007744|PDB:8QZ6, ECO:0007744|PDB:8QZ7, ECO:0007744|PDB:9EOT""; TRANSMEM 132..153; /note=""Helical; Name=2""; /evidence=""ECO:0000269|PubMed:39528795, ECO:0007744|PDB:8QZ6, ECO:0007744|PDB:8QZ7, ECO:0007744|PDB:9EOT""; TRANSMEM 178..198; /note=""Helical; Name=3""; /evidence=""ECO:0000269|PubMed:39528795, ECO:0007744|PDB:8QZ6, ECO:0007744|PDB:8QZ7, ECO:0007744|PDB:9EOT""; TRANSMEM 206..224; /note=""Helical; Name=4""; /evidence=""ECO:0000269|PubMed:39528795, ECO:0007744|PDB:8QZ6, ECO:0007744|PDB:8QZ7, ECO:0007744|PDB:9EOT""; TRANSMEM 230..248; /note=""Helical; Name=5""; /evidence=""ECO:0000269|PubMed:39528795, ECO:0007744|PDB:8QZ6, ECO:0007744|PDB:8QZ7, ECO:0007744|PDB:9EOT""; TRANSMEM 262..284; /note=""Helical; Name=6""; /evidence=""ECO:0000269|PubMed:39528795, ECO:0007744|PDB:8QZ6, ECO:0007744|PDB:8QZ7, ECO:0007744|PDB:9EOT""; TRANSMEM 303..323; /note=""Helical; Name=7""; /evidence=""ECO:0000269|PubMed:39528795, ECO:0007744|PDB:8QZ6, ECO:0007744|PDB:8QZ7, ECO:0007744|PDB:9EOT""","TOPO_DOM 1..37; /note=""Lumenal""; /evidence=""ECO:0000269|PubMed:39528795, ECO:0000305|PubMed:29632068, ECO:0007744|PDB:8QZ6, ECO:0007744|PDB:8QZ7, ECO:0007744|PDB:9EOT""; TOPO_DOM 56..131; /note=""Cytoplasmic""; /evidence=""ECO:0000269|PubMed:39528795, ECO:0007744|PDB:8QZ6, ECO:0007744|PDB:8QZ7, ECO:0007744|PDB:9EOT""; TOPO_DOM 154..177; /note=""Lumenal""; /evidence=""ECO:0000269|PubMed:39528795, ECO:0007744|PDB:8QZ6, ECO:0007744|PDB:8QZ7, ECO:0007744|PDB:9EOT""; TOPO_DOM 199..205; /note=""Cytoplasmic""; /evidence=""ECO:0000269|PubMed:39528795, ECO:0007744|PDB:8QZ6, ECO:0007744|PDB:8QZ7, ECO:0007744|PDB:9EOT""; TOPO_DOM 225..229; /note=""Lumenal""; /evidence=""ECO:0000269|PubMed:39528795, ECO:0007744|PDB:8QZ6, ECO:0007744|PDB:8QZ7, ECO:0007744|PDB:9EOT""; TOPO_DOM 249..261; /note=""Cytoplasmic""; /evidence=""ECO:0000269|PubMed:39528795, ECO:0007744|PDB:8QZ6, ECO:0007744|PDB:8QZ7, ECO:0007744|PDB:9EOT""; TOPO_DOM 285..302; /note=""Lumenal""; /evidence=""ECO:0000269|PubMed:39528795, ECO:0007744|PDB:8QZ6, ECO:0007744|PDB:8QZ7, ECO:0007744|PDB:9EOT""; TOPO_DOM 324..384; /note=""Cytoplasmic""; /evidence=""ECO:0000269|PubMed:39528795, ECO:0000305|PubMed:26887952, ECO:0007744|PDB:8QZ6, ECO:0007744|PDB:8QZ7, ECO:0007744|PDB:9EOT""",SUBCELLULAR LOCATION: Endoplasmic reticulum membrane {ECO:0000250|UniProtKB:Q8C172}; Multi-pass membrane protein {ECO:0000250|UniProtKB:Q8C172}.
Q6ZMZ3,,"TRANSMEM 926..946; /note=""Helical; Anchor for type IV membrane protein""; /evidence=""ECO:0000255|PROSITE-ProRule:PRU00385""","TOPO_DOM 1..925; /note=""Cytoplasmic""; /evidence=""ECO:0000255|PROSITE-ProRule:PRU00385""; TOPO_DOM 947..975; /note=""Perinuclear space""; /evidence=""ECO:0000255|PROSITE-ProRule:PRU00385""",SUBCELLULAR LOCATION: Nucleus outer membrane {ECO:0000269|PubMed:21937718}; Single-pass type IV membrane protein {ECO:0000269|PubMed:21937718}. Nucleus envelope {ECO:0000269|PubMed:21937718}. Rough endoplasmic reticulum {ECO:0000250}.
Q7Z392,,,,"SUBCELLULAR LOCATION: Golgi apparatus {ECO:0000269|PubMed:27862579}. Golgi apparatus, cis-Golgi network {ECO:0000250}."
Q5R372,,,,"SUBCELLULAR LOCATION: Cytoplasmic vesicle {ECO:0000250|UniProtKB:A6H6A9}. Early endosome {ECO:0000269|PubMed:16923123}. Golgi apparatus {ECO:0000269|PubMed:16923123}. Note=Colocalizes on endosomes partially with EEA1 (PubMed:16923123). Colocalizes and cotransports on motile vesicles with ANK2 (By similarity). {ECO:0000250|UniProtKB:A6H6A9, ECO:0000269|PubMed:16923123}."
Q66PJ3,,,,"SUBCELLULAR LOCATION: Nucleus, nucleolus {ECO:0000269|PubMed:19582790}. Nucleus speckle {ECO:0000269|PubMed:19582790}."
Q7L2H7,,,,SUBCELLULAR LOCATION: Cytoplasm {ECO:0000255|HAMAP-Rule:MF_03012}.
Q7Z460,,,,"SUBCELLULAR LOCATION: Cytoplasm, cytoskeleton. Cytoplasm, cytoskeleton, microtubule organizing center, centrosome {ECO:0000269|PubMed:14654843}. Chromosome, centromere, kinetochore. Cytoplasm, cytoskeleton, spindle. Golgi apparatus, trans-Golgi network {ECO:0000305}. Note=Localizes to microtubule plus ends. Localizes to centrosomes, kinetochores and the mitotic spindle from prometaphase. Subsequently localizes to the spindle midzone from anaphase and to the midbody from telophase. In migrating cells localizes to the plus ends of microtubules within the cell body and to the entire microtubule lattice within the lamella. Localizes to the cell cortex and this requires ERC1 and PHLDB2."
Q68EM7,,,,"SUBCELLULAR LOCATION: Membrane; Peripheral membrane protein. Cytoplasm. Cell junction, tight junction. Note=Associates with membranes and concentrates at sites of cell-cell contact."
Q6IBW4,,,,SUBCELLULAR LOCATION: Nucleus {ECO:0000269|PubMed:14532007}. Chromosome {ECO:0000269|PubMed:14532007}. Note=Distributed along the arms of chromosomes assembled in vivo and in vitro.
Q7RTN6,,,,"SUBCELLULAR LOCATION: Nucleus {ECO:0000269|PubMed:12805220, ECO:0000269|PubMed:14517248}. Cytoplasm {ECO:0000269|PubMed:12805220, ECO:0000269|PubMed:14517248}."
Q6RW13,,"TRANSMEM 24..44; /note=""Helical""; /evidence=""ECO:0000255""; TRANSMEM 56..76; /note=""Helical""; /evidence=""ECO:0000255""; TRANSMEM 87..107; /note=""Helical""; /evidence=""ECO:0000255""","TOPO_DOM 1..23; /note=""Extracellular""; /evidence=""ECO:0000255""; TOPO_DOM 45..55; /note=""Cytoplasmic""; /evidence=""ECO:0000255""; TOPO_DOM 77..86; /note=""Extracellular""; /evidence=""ECO:0000255""; TOPO_DOM 108..159; /note=""Cytoplasmic""; /evidence=""ECO:0000255""","SUBCELLULAR LOCATION: Endoplasmic reticulum membrane {ECO:0000269|PubMed:12960423}; Multi-pass membrane protein {ECO:0000269|PubMed:12960423}. Golgi apparatus membrane {ECO:0000269|PubMed:12960423}; Multi-pass membrane protein {ECO:0000269|PubMed:12960423}. Cytoplasmic vesicle membrane {ECO:0000269|PubMed:12960423}; Multi-pass membrane protein {ECO:0000269|PubMed:12960423}. Note=Present in perinuclear vesicular membranes, Endoplasmic reticulum, Golgi and endocytic vesicles."
Q5VW38,"SIGNAL 1..39; /evidence=""ECO:0000255""","TRANSMEM 264..284; /note=""Helical; Name=1""; /evidence=""ECO:0000255""; TRANSMEM 294..314; /note=""Helical; Name=2""; /evidence=""ECO:0000255""; TRANSMEM 338..358; /note=""Helical; Name=3""; /evidence=""ECO:0000255""; TRANSMEM 369..389; /note=""Helical; Name=4""; /evidence=""ECO:0000255""; TRANSMEM 403..423; /note=""Helical; Name=5""; /evidence=""ECO:0000255""; TRANSMEM 499..519; /note=""Helical; Name=6""; /evidence=""ECO:0000255""; TRANSMEM 525..544; /note=""Helical; Name=7""; /evidence=""ECO:0000255""","TOPO_DOM 40..263; /note=""Extracellular""; /evidence=""ECO:0000255""; TOPO_DOM 285..293; /note=""Cytoplasmic""; /evidence=""ECO:0000255""; TOPO_DOM 315..337; /note=""Extracellular""; /evidence=""ECO:0000255""; TOPO_DOM 359..368; /note=""Cytoplasmic""; /evidence=""ECO:0000255""; TOPO_DOM 390..402; /note=""Extracellular""; /evidence=""ECO:0000255""; TOPO_DOM 424..498; /note=""Cytoplasmic""; /evidence=""ECO:0000255""; TOPO_DOM 520..524; /note=""Extracellular""; /evidence=""ECO:0000255""; TOPO_DOM 545..600; /note=""Cytoplasmic""; /evidence=""ECO:0000255""","SUBCELLULAR LOCATION: Cell membrane {ECO:0000250|UniProtKB:D3ZWZ9}; Multi-pass membrane protein {ECO:0000305}. Golgi apparatus, trans-Golgi network membrane {ECO:0000269|PubMed:25031321}."
Q7KZI7,,,,"SUBCELLULAR LOCATION: Cell membrane; Peripheral membrane protein. Cytoplasm. Lateral cell membrane. Cytoplasm, cytoskeleton. Cell projection, dendrite {ECO:0000269|PubMed:23666762}. Cytoplasm {ECO:0000269|PubMed:23666762}. Note=Phosphorylation at Thr-596 by PRKCZ/aPKC and subsequent interaction with 14-3-3 protein YWHAZ promotes relocation from the cell membrane to the cytoplasm."
Q6NUK4,,"TRANSMEM 1..21; /note=""Helical""; /evidence=""ECO:0000255""; TRANSMEM 35..55; /note=""Helical""; /evidence=""ECO:0000255""; TRANSMEM 59..79; /note=""Helical""; /evidence=""ECO:0000255""",,SUBCELLULAR LOCATION: Endoplasmic reticulum membrane {ECO:0000250}; Multi-pass membrane protein {ECO:0000250}.
Q6Y2X3,,"TRANSMEM 250..270; /note=""Helical""; /evidence=""ECO:0000255""; TRANSMEM 300..320; /note=""Helical""; /evidence=""ECO:0000255""; TRANSMEM 326..346; /note=""Helical""; /evidence=""ECO:0000255""",,SUBCELLULAR LOCATION: Endoplasmic reticulum membrane {ECO:0000250}; Multi-pass membrane protein {ECO:0000250}.
Q6AHZ1,,,,SUBCELLULAR LOCATION: Nucleus {ECO:0000250|UniProtKB:B2RRF6}.
Q5T013,,,,
Q6AI12,,,,
Q5SXM1,,,,SUBCELLULAR LOCATION: Nucleus {ECO:0000305}.
Q6NXT1,,,,SUBCELLULAR LOCATION: Nucleus {ECO:0000250}. Cytoplasm {ECO:0000250}. Midbody {ECO:0000250}. Note=Shuttles between nucleus and cytoplasm during the cell cycle. EPO stimulation induces nuclear accumulation (By similarity). {ECO:0000250}.
Q86SK9,,"TRANSMEM 50..70; /note=""Helical""; /evidence=""ECO:0000255""; TRANSMEM 73..93; /note=""Helical""; /evidence=""ECO:0000255""; TRANSMEM 194..214; /note=""Helical""; /evidence=""ECO:0000255""; TRANSMEM 216..238; /note=""Helical""; /evidence=""ECO:0000255""","TOPO_DOM 1..49; /note=""Cytoplasmic""; /evidence=""ECO:0000305""; TOPO_DOM 71..72; /note=""Lumenal""; /evidence=""ECO:0000305""; TOPO_DOM 94..193; /note=""Cytoplasmic""; /evidence=""ECO:0000305""; TOPO_DOM 215; /note=""Lumenal""; /evidence=""ECO:0000305""; TOPO_DOM 239..330; /note=""Cytoplasmic""; /evidence=""ECO:0000305""","SUBCELLULAR LOCATION: Endoplasmic reticulum membrane {ECO:0000269|PubMed:15907797, ECO:0000269|PubMed:22745828}; Multi-pass membrane protein {ECO:0000255}."
Q86UL3,"SIGNAL 1..37; /evidence=""ECO:0000255""","TRANSMEM 156..176; /note=""Helical""; /evidence=""ECO:0000255""; TRANSMEM 180..200; /note=""Helical""; /evidence=""ECO:0000255""",,SUBCELLULAR LOCATION: Endoplasmic reticulum membrane {ECO:0000269|PubMed:18238778}; Multi-pass membrane protein {ECO:0000255}.
Q86X83,,,,SUBCELLULAR LOCATION: Cytoplasm {ECO:0000269|PubMed:21778237}.
Q86Y82,,"TRANSMEM 249..269; /note=""Helical; Anchor for type IV membrane protein""; /evidence=""ECO:0000255""","TOPO_DOM 2..248; /note=""Cytoplasmic""; /evidence=""ECO:0000255""; TOPO_DOM 270..276; /note=""Vesicular""; /evidence=""ECO:0000255""",SUBCELLULAR LOCATION: Endosome membrane {ECO:0000250|UniProtKB:G3V7P1}; Single-pass type IV membrane protein {ECO:0000250|UniProtKB:G3V7P1}. Golgi apparatus membrane {ECO:0000250|UniProtKB:G3V7P1}; Single-pass type IV membrane protein {ECO:0000250|UniProtKB:G3V7P1}. Endomembrane system {ECO:0000250|UniProtKB:G3V7P1}; Single-pass type IV membrane protein {ECO:0000250|UniProtKB:G3V7P1}; Cytoplasmic side {ECO:0000250|UniProtKB:G3V7P1}. Early endosome membrane {ECO:0000250|UniProtKB:G3V7P1}; Single-pass type IV membrane protein {ECO:0000250|UniProtKB:G3V7P1}. Recycling endosome membrane {ECO:0000250|UniProtKB:G3V7P1}; Single-pass type IV membrane protein {ECO:0000250|UniProtKB:G3V7P1}.
Q8IWA4,,"TRANSMEM 585..605; /note=""Helical; Name=1""; /evidence=""ECO:0000255""; TRANSMEM 609..629; /note=""Helical; Name=2""; /evidence=""ECO:0000255""","TOPO_DOM 1..584; /note=""Cytoplasmic""; /evidence=""ECO:0000255""; TOPO_DOM 606..608; /note=""Mitochondrial intermembrane""; /evidence=""ECO:0000255""; TOPO_DOM 630..741; /note=""Cytoplasmic""; /evidence=""ECO:0000255""","SUBCELLULAR LOCATION: Mitochondrion outer membrane {ECO:0000269|PubMed:12759376, ECO:0000305|PubMed:27920125}; Multi-pass membrane protein {ECO:0000305|PubMed:12759376}.; SUBCELLULAR LOCATION: [Isoform 2]: Cytoplasm {ECO:0000269|PubMed:11751411}."
Q8IXU6,,"TRANSMEM 39..59; /note=""Helical""; /evidence=""ECO:0000255""; TRANSMEM 73..93; /note=""Helical""; /evidence=""ECO:0000255""; TRANSMEM 108..125; /note=""Helical""; /evidence=""ECO:0000255""; TRANSMEM 136..156; /note=""Helical""; /evidence=""ECO:0000255""; TRANSMEM 165..185; /note=""Helical""; /evidence=""ECO:0000255""; TRANSMEM 195..215; /note=""Helical""; /evidence=""ECO:0000255""; TRANSMEM 227..247; /note=""Helical""; /evidence=""ECO:0000255""; TRANSMEM 263..283; /note=""Helical""; /evidence=""ECO:0000255""; TRANSMEM 291..311; /note=""Helical""; /evidence=""ECO:0000255""; TRANSMEM 314..334; /note=""Helical""; /evidence=""ECO:0000255""","TOPO_DOM 1..38; /note=""Cytoplasmic""; /evidence=""ECO:0000305""; TOPO_DOM 60..72; /note=""Extracellular""; /evidence=""ECO:0000305""; TOPO_DOM 94..107; /note=""Cytoplasmic""; /evidence=""ECO:0000305""; TOPO_DOM 126..135; /note=""Extracellular""; /evidence=""ECO:0000305""; TOPO_DOM 157..164; /note=""Cytoplasmic""; /evidence=""ECO:0000305""; TOPO_DOM 186..194; /note=""Extracellular""; /evidence=""ECO:0000305""; TOPO_DOM 216..226; /note=""Cytoplasmic""; /evidence=""ECO:0000305""; TOPO_DOM 248..262; /note=""Extracellular""; /evidence=""ECO:0000305""; TOPO_DOM 284..290; /note=""Cytoplasmic""; /evidence=""ECO:0000305""; TOPO_DOM 312..313; /note=""Extracellular""; /evidence=""ECO:0000305""; TOPO_DOM 335..374; /note=""Cytoplasmic""; /evidence=""ECO:0000305""",SUBCELLULAR LOCATION: Cell membrane {ECO:0000269|PubMed:40526720}; Multi-pass membrane protein {ECO:0000255}. Golgi apparatus membrane {ECO:0000269|PubMed:40526720}; Multi-pass membrane protein {ECO:0000255}.
Q8IY37,,,,"SUBCELLULAR LOCATION: Nucleus, nucleolus {ECO:0000269|PubMed:30582406, ECO:0000269|PubMed:31337883, ECO:0000269|PubMed:34516797}. Cytoplasm {ECO:0000269|PubMed:31337883}. Nucleus membrane {ECO:0000269|PubMed:31337883}."
Q8IY95,,"TRANSMEM 47..67; /note=""Helical""; /evidence=""ECO:0000255""; TRANSMEM 94..114; /note=""Helical""; /evidence=""ECO:0000255""; TRANSMEM 139..159; /note=""Helical""; /evidence=""ECO:0000255""; TRANSMEM 172..192; /note=""Helical""; /evidence=""ECO:0000255""","TOPO_DOM 1..46; /note=""Cytoplasmic""; /evidence=""ECO:0000255""; TOPO_DOM 68..93; /note=""Lumenal""; /evidence=""ECO:0000255""; TOPO_DOM 115..138; /note=""Cytoplasmic""; /evidence=""ECO:0000255""; TOPO_DOM 160..171; /note=""Lumenal""; /evidence=""ECO:0000255""; TOPO_DOM 193..271; /note=""Cytoplasmic""; /evidence=""ECO:0000255""","SUBCELLULAR LOCATION: Lysosome membrane {ECO:0000269|PubMed:17897319, ECO:0000269|PubMed:20370317}; Multi-pass membrane protein {ECO:0000269|PubMed:17897319}. Late endosome {ECO:0000269|PubMed:20370317}."
Q8N0Y2,,,,SUBCELLULAR LOCATION: Nucleus {ECO:0000255|PROSITE-ProRule:PRU00187}.
Q8N138,,"TRANSMEM 22..44; /note=""Helical""; /evidence=""ECO:0000269|PubMed:33558762, ECO:0007744|PDB:6M4N, ECO:0007744|PDB:6M4O, ECO:0007744|PDB:7CQI, ECO:0007744|PDB:7CQK""; TRANSMEM 45..63; /note=""Helical""; /evidence=""ECO:0000269|PubMed:33558762, ECO:0007744|PDB:6M4N, ECO:0007744|PDB:6M4O, ECO:0007744|PDB:7CQI, ECO:0007744|PDB:7CQK""; TRANSMEM 101..117; /note=""Helical""; /evidence=""ECO:0000269|PubMed:33558762, ECO:0007744|PDB:6M4N, ECO:0007744|PDB:6M4O, ECO:0007744|PDB:7CQI, ECO:0007744|PDB:7CQK""; TRANSMEM 122..139; /note=""Helical""; /evidence=""ECO:0000269|PubMed:33558762, ECO:0007744|PDB:6M4N, ECO:0007744|PDB:6M4O, ECO:0007744|PDB:7CQI, ECO:0007744|PDB:7CQK""","TOPO_DOM 1..21; /note=""Cytoplasmic""; /evidence=""ECO:0000255""; TOPO_DOM 64..100; /note=""Cytoplasmic""; /evidence=""ECO:0000255""; TOPO_DOM 118..121; /note=""Lumenal""; /evidence=""ECO:0000255""; TOPO_DOM 140..153; /note=""Cytoplasmic""; /evidence=""ECO:0000255""","SUBCELLULAR LOCATION: Endoplasmic reticulum membrane {ECO:0000269|PubMed:12093374, ECO:0000269|PubMed:19819884}; Multi-pass membrane protein {ECO:0000269|PubMed:12093374, ECO:0000269|PubMed:19819884, ECO:0000269|PubMed:33558762}."
Q8N668,,,,"SUBCELLULAR LOCATION: Nucleus {ECO:0000269|PubMed:21778237, ECO:0000269|PubMed:28604741}. Cytoplasm {ECO:0000269|PubMed:21778237}. Endosome membrane {ECO:0000269|PubMed:18940794}. Cytoplasmic vesicle {ECO:0000269|PubMed:18940794}. Early endosome {ECO:0000269|PubMed:21483833, ECO:0000269|PubMed:25355947}. Recycling endosome {ECO:0000269|PubMed:21483833, ECO:0000269|PubMed:21741370}. Note=Shuttles between nucleus and cytosol. Detected in perinuclear foci that may be aggresomes containing misfolded, ubiquitinated proteins."
Q8N6S4,,,,SUBCELLULAR LOCATION: Endoplasmic reticulum membrane {ECO:0000269|PubMed:20959461}. Note=Associated with the cytosolic side.
Q7Z628,,,,SUBCELLULAR LOCATION: Cytoplasm {ECO:0000250}. Nucleus {ECO:0000250}.
Q7Z7B1,,"TRANSMEM 22..42; /note=""Helical""; /evidence=""ECO:0000255""; TRANSMEM 57..75; /note=""Helical""; /evidence=""ECO:0000255""; TRANSMEM 82..98; /note=""Helical""; /evidence=""ECO:0000255""; TRANSMEM 132..152; /note=""Helical""; /evidence=""ECO:0000255""; TRANSMEM 163..183; /note=""Helical""; /evidence=""ECO:0000255""; TRANSMEM 203..223; /note=""Helical""; /evidence=""ECO:0000255""; TRANSMEM 238..258; /note=""Helical""; /evidence=""ECO:0000255""; TRANSMEM 261..281; /note=""Helical""; /evidence=""ECO:0000255""; TRANSMEM 306..326; /note=""Helical""; /evidence=""ECO:0000255""; TRANSMEM 339..359; /note=""Helical""; /evidence=""ECO:0000255""; TRANSMEM 371..391; /note=""Helical""; /evidence=""ECO:0000255""; TRANSMEM 449..469; /note=""Helical""; /evidence=""ECO:0000255""; TRANSMEM 474..494; /note=""Helical""; /evidence=""ECO:0000255""","TOPO_DOM 1..21; /note=""Lumenal""; /evidence=""ECO:0000250|UniProtKB:Q7TSN4""; TOPO_DOM 43..56; /note=""Cytoplasmic""; /evidence=""ECO:0000250|UniProtKB:Q7TSN4""; TOPO_DOM 76..81; /note=""Lumenal""; /evidence=""ECO:0000250|UniProtKB:Q7TSN4""; TOPO_DOM 99..131; /note=""Cytoplasmic""; /evidence=""ECO:0000250|UniProtKB:Q7TSN4""; TOPO_DOM 153..162; /note=""Lumenal""; /evidence=""ECO:0000250|UniProtKB:Q7TSN4""; TOPO_DOM 184..202; /note=""Cytoplasmic""; /evidence=""ECO:0000250|UniProtKB:Q7TSN4""; TOPO_DOM 224..237; /note=""Lumenal""; /evidence=""ECO:0000250|UniProtKB:Q7TSN4""; TOPO_DOM 259..260; /note=""Cytoplasmic""; /evidence=""ECO:0000250|UniProtKB:Q7TSN4""; TOPO_DOM 282..305; /note=""Lumenal""; /evidence=""ECO:0000250|UniProtKB:Q7TSN4""; TOPO_DOM 327..338; /note=""Cytoplasmic""; /evidence=""ECO:0000250|UniProtKB:Q7TSN4""; TOPO_DOM 360..370; /note=""Lumenal""; /evidence=""ECO:0000250|UniProtKB:Q7TSN4""; TOPO_DOM 392..448; /note=""Cytoplasmic""; /evidence=""ECO:0000250|UniProtKB:Q7TSN4""; TOPO_DOM 470..473; /note=""Lumenal""; /evidence=""ECO:0000250|UniProtKB:Q7TSN4""; TOPO_DOM 495..504; /note=""Cytoplasmic""; /evidence=""ECO:0000250|UniProtKB:Q7TSN4""",SUBCELLULAR LOCATION: Endoplasmic reticulum membrane {ECO:0000250|UniProtKB:Q7TSN4}; Multi-pass membrane protein {ECO:0000250|UniProtKB:Q7TSN4}.
Q86U06,,,,SUBCELLULAR LOCATION: Nucleus {ECO:0000305}.
Q86VW2,,,,"SUBCELLULAR LOCATION: Cell membrane {ECO:0000250}. Cytoplasm, myofibril, sarcomere {ECO:0000269|PubMed:11861769}. Note=Highly colocalizes with actin regions."
Q8IW41,,,,"SUBCELLULAR LOCATION: Cytoplasm. Nucleus. Note=Translocates to the cytoplasm following phosphorylation and activation. Interaction with ERK3/MAPK6 or ERK4/MAPK4 and phosphorylation at Thr-182, activates the protein kinase activity, followed by translocation to the cytoplasm. Phosphorylation by PKA/PRKACA at Ser-115 also induces nuclear export."
Q8IWA5,,"TRANSMEM 34..54; /note=""Helical""; /evidence=""ECO:0000255""; TRANSMEM 233..253; /note=""Helical""; /evidence=""ECO:0000255""; TRANSMEM 257..277; /note=""Helical""; /evidence=""ECO:0000255""; TRANSMEM 316..336; /note=""Helical""; /evidence=""ECO:0000255""; TRANSMEM 365..385; /note=""Helical""; /evidence=""ECO:0000255""; TRANSMEM 458..480; /note=""Helical""; /evidence=""ECO:0000255""; TRANSMEM 505..525; /note=""Helical""; /evidence=""ECO:0000255""; TRANSMEM 564..584; /note=""Helical""; /evidence=""ECO:0000255""; TRANSMEM 600..620; /note=""Helical""; /evidence=""ECO:0000255""; TRANSMEM 639..659; /note=""Helical""; /evidence=""ECO:0000255""","TOPO_DOM 1..33; /note=""Cytoplasmic""; /evidence=""ECO:0000255""; TOPO_DOM 55..232; /note=""Extracellular""; /evidence=""ECO:0000255""; TOPO_DOM 254..256; /note=""Cytoplasmic""; /evidence=""ECO:0000255""; TOPO_DOM 278..315; /note=""Extracellular""; /evidence=""ECO:0000255""; TOPO_DOM 337..364; /note=""Cytoplasmic""; /evidence=""ECO:0000255""; TOPO_DOM 386..457; /note=""Extracellular""; /evidence=""ECO:0000255""; TOPO_DOM 481..504; /note=""Cytoplasmic""; /evidence=""ECO:0000255""; TOPO_DOM 526..563; /note=""Extracellular""; /evidence=""ECO:0000255""; TOPO_DOM 585..599; /note=""Cytoplasmic""; /evidence=""ECO:0000255""; TOPO_DOM 621..638; /note=""Extracellular""; /evidence=""ECO:0000255""; TOPO_DOM 660..706; /note=""Cytoplasmic""; /evidence=""ECO:0000255""",SUBCELLULAR LOCATION: Cell membrane {ECO:0000305|PubMed:33789160}; Multi-pass membrane protein {ECO:0000255}. Mitochondrion outer membrane {ECO:0000305|PubMed:33789160}; Multi-pass membrane protein {ECO:0000255}. Note=Mainly expressed in mitochondria. {ECO:0000250|UniProtKB:B4F795}.
Q8N4C8,,,,"SUBCELLULAR LOCATION: Cytoplasm {ECO:0000269|PubMed:15469942, ECO:0000269|PubMed:18930710}. Postsynaptic density {ECO:0000250}. Cell projection, axon {ECO:0000250}. Cell projection, dendrite {ECO:0000250}.; SUBCELLULAR LOCATION: [Isoform 4]: Golgi apparatus."
Q86V86,,,,SUBCELLULAR LOCATION: Cytoplasm {ECO:0000269|PubMed:17876606}.
Q8IVJ1,,"TRANSMEM 102..122; /note=""Helical""; /evidence=""ECO:0000255""; TRANSMEM 185..205; /note=""Helical""; /evidence=""ECO:0000255""; TRANSMEM 222..242; /note=""Helical""; /evidence=""ECO:0000255""; TRANSMEM 257..277; /note=""Helical""; /evidence=""ECO:0000255""; TRANSMEM 286..306; /note=""Helical""; /evidence=""ECO:0000255""; TRANSMEM 316..336; /note=""Helical""; /evidence=""ECO:0000255""; TRANSMEM 346..366; /note=""Helical""; /evidence=""ECO:0000255""; TRANSMEM 411..431; /note=""Helical""; /evidence=""ECO:0000255""; TRANSMEM 439..459; /note=""Helical""; /evidence=""ECO:0000255""; TRANSMEM 484..504; /note=""Helical""; /evidence=""ECO:0000255""",,"SUBCELLULAR LOCATION: Cell membrane {ECO:0000269|PubMed:18367447, ECO:0000269|PubMed:23976986}; Multi-pass membrane protein {ECO:0000255}. Basolateral cell membrane {ECO:0000269|PubMed:23661805}; Multi-pass membrane protein {ECO:0000255}."
Q8IX12,,,,"SUBCELLULAR LOCATION: Cytoplasm, perinuclear region {ECO:0000269|PubMed:12816952}."
Q8IZA0,,"TRANSMEM 30..50; /note=""Helical""; /evidence=""ECO:0000255""; TRANSMEM 933..953; /note=""Helical""; /evidence=""ECO:0000255""","TOPO_DOM 1..29; /note=""Cytoplasmic""; /evidence=""ECO:0000255""; TOPO_DOM 51..932; /note=""Extracellular""; /evidence=""ECO:0000255""; TOPO_DOM 954..1049; /note=""Cytoplasmic""; /evidence=""ECO:0000255""","SUBCELLULAR LOCATION: Cytoplasmic granule membrane {ECO:0000305}; Multi-pass membrane protein {ECO:0000305}. Golgi apparatus membrane {ECO:0000269|PubMed:26814968}; Multi-pass membrane protein {ECO:0000305}. Golgi apparatus, trans-Golgi network membrane {ECO:0000269|PubMed:26814968}; Multi-pass membrane protein {ECO:0000305}. Cell membrane {ECO:0000269|PubMed:26814968}; Multi-pass membrane protein {ECO:0000305}. Note=Traffics from the plasma membrane to the trans-Golgi network. {ECO:0000269|PubMed:26814968}."
Q8IZK6,,"TRANSMEM 66..86; /note=""Helical""; /evidence=""ECO:0000250|UniProtKB:F6RG56""; TRANSMEM 289..309; /note=""Helical""; /evidence=""ECO:0000250|UniProtKB:F6RG56""; TRANSMEM 347..367; /note=""Helical""; /evidence=""ECO:0000250|UniProtKB:F6RG56""; TRANSMEM 377..397; /note=""Helical""; /evidence=""ECO:0000250|UniProtKB:F6RG56""; TRANSMEM 420..440; /note=""Helical""; /evidence=""ECO:0000250|UniProtKB:F6RG56""; TRANSMEM 481..502; /note=""Helical""; /evidence=""ECO:0000250|UniProtKB:F6RG56""","TOPO_DOM 1..65; /note=""Cytoplasmic""; /evidence=""ECO:0000250|UniProtKB:F6RG56""; TOPO_DOM 87..288; /note=""Extracellular""; /evidence=""ECO:0000250|UniProtKB:F6RG56""; TOPO_DOM 310..346; /note=""Cytoplasmic""; /evidence=""ECO:0000250|UniProtKB:F6RG56""; TOPO_DOM 368..376; /note=""Extracellular""; /evidence=""ECO:0000250|UniProtKB:F6RG56""; TOPO_DOM 398..419; /note=""Cytoplasmic""; /evidence=""ECO:0000250|UniProtKB:F6RG56""; TOPO_DOM 441..448; /note=""Extracellular""; /evidence=""ECO:0000250|UniProtKB:F6RG56""; TOPO_DOM 470..480; /note=""Extracellular""; /evidence=""ECO:0000250|UniProtKB:F6RG56""; TOPO_DOM 503..566; /note=""Cytoplasmic""; /evidence=""ECO:0000250|UniProtKB:F6RG56""",SUBCELLULAR LOCATION: Cell membrane {ECO:0000269|PubMed:17662026}; Multi-pass membrane protein {ECO:0000250|UniProtKB:F6RG56}. Late endosome membrane {ECO:0000269|PubMed:17662026}; Multi-pass membrane protein {ECO:0000250|UniProtKB:F6RG56}. Lysosome membrane {ECO:0000269|PubMed:17662026}; Multi-pass membrane protein {ECO:0000250|UniProtKB:F6RG56}. Recycling endosome membrane {ECO:0000269|PubMed:17662026}; Multi-pass membrane protein {ECO:0000250|UniProtKB:F6RG56}. Note=Localizes to recycling endosomes in activated macrophages and microglia. {ECO:0000250|UniProtKB:Q8K595}.
Q8N205,,"TRANSMEM 356..376; /note=""Helical; Anchor for type IV membrane protein""; /evidence=""ECO:0000255|PROSITE-ProRule:PRU00385""","TOPO_DOM 1..355; /note=""Cytoplasmic""; /evidence=""ECO:0000255|PROSITE-ProRule:PRU00385""; TOPO_DOM 377..404; /note=""Perinuclear space""; /evidence=""ECO:0000255|PROSITE-ProRule:PRU00385""",SUBCELLULAR LOCATION: Nucleus outer membrane {ECO:0000269|PubMed:23348741}; Single-pass type IV membrane protein {ECO:0000269|PubMed:23348741}. Note=Localization at the nucleus outer membrane requires the presence of SUN1. {ECO:0000250}.
Q8N392,,,,SUBCELLULAR LOCATION: Cytoplasm {ECO:0000269|PubMed:21865595}.
Q8N3P4,,,,SUBCELLULAR LOCATION: Early endosome {ECO:0000269|PubMed:25266290}.
Q8N3U4,,,,"SUBCELLULAR LOCATION: Nucleus. Chromosome. Chromosome, centromere. Note=Associates with chromatin. Before prophase it is scattered along chromosome arms. During prophase, most of cohesin complexes dissociate from chromatin probably because of phosphorylation by PLK1, except at centromeres, where cohesin complexes remain. At anaphase, the RAD21 subunit of cohesin is cleaved, leading to the dissociation of the complex from chromosomes, allowing chromosome separation. In germ cells, cohesin complex dissociates from chromatin at prophase I, and may be replaced by a meiosis-specific cohesin complex."
Q8N4V1,,"TRANSMEM 4..22; /note=""Helical""; /evidence=""ECO:0000269|PubMed:32439656""; TRANSMEM 44..63; /note=""Helical""; /evidence=""ECO:0000269|PubMed:32439656""","TOPO_DOM 1..3; /note=""Cytoplasmic""; /evidence=""ECO:0000269|PubMed:32439656""; TOPO_DOM 23..43; /note=""Lumenal""; /evidence=""ECO:0000269|PubMed:32439656""; TOPO_DOM 64..131; /note=""Cytoplasmic""; /evidence=""ECO:0000269|PubMed:32439656""","SUBCELLULAR LOCATION: Endoplasmic reticulum membrane {ECO:0000269|PubMed:22119785}; Multi-pass membrane protein {ECO:0000269|PubMed:32439656, ECO:0000269|PubMed:32459176}. Golgi apparatus membrane {ECO:0000250|UniProtKB:Q8K273}; Multi-pass membrane protein {ECO:0000269|PubMed:32439656, ECO:0000269|PubMed:32459176}. Early endosome membrane {ECO:0000250|UniProtKB:Q8K273}; Multi-pass membrane protein {ECO:0000269|PubMed:32439656, ECO:0000269|PubMed:32459176}."
Q8N5B7,,"TRANSMEM 47..67; /note=""Helical""; /evidence=""ECO:0000255""; TRANSMEM 148..168; /note=""Helical""; /evidence=""ECO:0000255""; TRANSMEM 183..203; /note=""Helical""; /evidence=""ECO:0000255""; TRANSMEM 214..234; /note=""Helical""; /evidence=""ECO:0000255""; TRANSMEM 272..292; /note=""Helical""; /evidence=""ECO:0000255""; TRANSMEM 311..331; /note=""Helical""; /evidence=""ECO:0000255""","TOPO_DOM 1..46; /note=""Lumenal""; /evidence=""ECO:0000305|PubMed:29632068""; TOPO_DOM 332..392; /note=""Cytoplasmic""; /evidence=""ECO:0000305|PubMed:26887952""",SUBCELLULAR LOCATION: Endoplasmic reticulum membrane {ECO:0000250|UniProtKB:Q9D6K9}; Multi-pass membrane protein {ECO:0000255}.
Q8N6L1,,"TRANSMEM 6..23; /note=""Helical""; /evidence=""ECO:0000255""; TRANSMEM 35..55; /note=""Helical""; /evidence=""ECO:0000255""; TRANSMEM 76..108; /note=""Helical""; /evidence=""ECO:0000255""","TOPO_DOM 1..5; /note=""Lumenal""; /evidence=""ECO:0000255""; TOPO_DOM 24..34; /note=""Cytoplasmic""; /evidence=""ECO:0000255""; TOPO_DOM 56..75; /note=""Lumenal""; /evidence=""ECO:0000255""; TOPO_DOM 109..136; /note=""Cytoplasmic""; /evidence=""ECO:0000255""",SUBCELLULAR LOCATION: Endoplasmic reticulum {ECO:0000269|PubMed:21768116}. Endoplasmic reticulum membrane {ECO:0000269|PubMed:22266900}; Multi-pass membrane protein {ECO:0000269|PubMed:22266900}.
Q7Z4G1,,,,"SUBCELLULAR LOCATION: Nucleus {ECO:0000269|PubMed:16573520, ECO:0000269|PubMed:21778237}. Cytoplasm {ECO:0000269|PubMed:16573520}."
Q7Z4Q2,,,,
Q7Z695,,"TRANSMEM 103..123; /note=""Helical""; /evidence=""ECO:0000255""",,SUBCELLULAR LOCATION: Mitochondrion {ECO:0000269|PubMed:33988507}. Membrane {ECO:0000255}; Single-pass membrane protein {ECO:0000255}.
Q86TM6,,"TRANSMEM 5..25; /note=""Helical""; /evidence=""ECO:0000255""; TRANSMEM 42..62; /note=""Helical""; /evidence=""ECO:0000255""; TRANSMEM 99..119; /note=""Helical""; /evidence=""ECO:0000255""; TRANSMEM 141..161; /note=""Helical""; /evidence=""ECO:0000255""; TRANSMEM 170..190; /note=""Helical""; /evidence=""ECO:0000255""; TRANSMEM 225..245; /note=""Helical""; /evidence=""ECO:0000255""","TOPO_DOM 1..4; /note=""Cytoplasmic""; /evidence=""ECO:0000305""; TOPO_DOM 26..41; /note=""Lumenal""; /evidence=""ECO:0000305""; TOPO_DOM 63..98; /note=""Cytoplasmic""; /evidence=""ECO:0000305""; TOPO_DOM 120..140; /note=""Lumenal""; /evidence=""ECO:0000305""; TOPO_DOM 162..169; /note=""Cytoplasmic""; /evidence=""ECO:0000305""; TOPO_DOM 191..224; /note=""Lumenal""; /evidence=""ECO:0000305""; TOPO_DOM 246..617; /note=""Cytoplasmic""; /evidence=""ECO:0000305""","SUBCELLULAR LOCATION: Endoplasmic reticulum membrane {ECO:0000269|PubMed:12459480, ECO:0000269|PubMed:12646171, ECO:0000269|PubMed:14593114, ECO:0000269|PubMed:16186510, ECO:0000269|PubMed:26471130}; Multi-pass membrane protein {ECO:0000269|PubMed:12459480, ECO:0000269|PubMed:12646171, ECO:0000269|PubMed:14593114, ECO:0000269|PubMed:16186510}."
Q86VZ5,,"TRANSMEM 136..156; /note=""Helical""; /evidence=""ECO:0000255""; TRANSMEM 184..204; /note=""Helical""; /evidence=""ECO:0000255""; TRANSMEM 215..235; /note=""Helical""; /evidence=""ECO:0000255""; TRANSMEM 276..296; /note=""Helical""; /evidence=""ECO:0000255""; TRANSMEM 304..324; /note=""Helical""; /evidence=""ECO:0000255""; TRANSMEM 330..347; /note=""Helical""; /evidence=""ECO:0000255""","TOPO_DOM 1..135; /note=""Cytoplasmic""; /evidence=""ECO:0000269|PubMed:14685263""; TOPO_DOM 157..183; /note=""Lumenal""; /evidence=""ECO:0000269|PubMed:14685263""; TOPO_DOM 205..214; /note=""Cytoplasmic""; /evidence=""ECO:0000269|PubMed:14685263""; TOPO_DOM 236..275; /note=""Lumenal""; /evidence=""ECO:0000269|PubMed:14685263""; TOPO_DOM 297..303; /note=""Cytoplasmic""; /evidence=""ECO:0000269|PubMed:14685263""; TOPO_DOM 325..329; /note=""Lumenal""; /evidence=""ECO:0000269|PubMed:14685263""; TOPO_DOM 348..413; /note=""Cytoplasmic""; /evidence=""ECO:0000269|PubMed:14685263""","SUBCELLULAR LOCATION: Golgi apparatus membrane {ECO:0000269|PubMed:14685263, ECO:0000269|PubMed:17449912, ECO:0000269|PubMed:18694848}; Multi-pass membrane protein {ECO:0000255}."
Q86XE0,,,,"SUBCELLULAR LOCATION: Cell membrane {ECO:0000269|PubMed:37158588}. Early endosome {ECO:0000269|PubMed:37158588, ECO:0000269|PubMed:39073202}. Golgi apparatus, trans-Golgi network {ECO:0000269|PubMed:37158588, ECO:0000269|PubMed:39073202}. Recycling endosome {ECO:0000269|PubMed:37158588, ECO:0000269|PubMed:39073202}. Late endosome {ECO:0000269|PubMed:39073202}."
Q8IZD4,,,,SUBCELLULAR LOCATION: Cytoplasm {ECO:0000269|PubMed:15067023}. Nucleus {ECO:0000250|UniProtKB:Q9NPI6}.
Q8N3Z6,,,,"SUBCELLULAR LOCATION: Nucleus, nucleolus {ECO:0000269|PubMed:21855801}."
Q8N697,,"TRANSMEM 36..62; /note=""Helical; Name=1""; /evidence=""ECO:0000269|PubMed:39719710, ECO:0007744|PDB:8WX3, ECO:0007744|PDB:8WX4, ECO:0007744|PDB:8WX5""; TRANSMEM 77..96; /note=""Helical; Name=2""; /evidence=""ECO:0000269|PubMed:39719710, ECO:0007744|PDB:8WX3, ECO:0007744|PDB:8WX4, ECO:0007744|PDB:8WX5""; TRANSMEM 105..125; /note=""Helical; Name=3""; /evidence=""ECO:0000269|PubMed:39719710, ECO:0007744|PDB:8WX3, ECO:0007744|PDB:8WX4, ECO:0007744|PDB:8WX5""; TRANSMEM 156..176; /note=""Helical; Name=4""; /evidence=""ECO:0000269|PubMed:39719710, ECO:0007744|PDB:8WX3, ECO:0007744|PDB:8WX4, ECO:0007744|PDB:8WX5""; TRANSMEM 194..216; /note=""Helical; Name=5""; /evidence=""ECO:0000269|PubMed:39719710, ECO:0007744|PDB:8WX3, ECO:0007744|PDB:8WX4, ECO:0007744|PDB:8WX5""; TRANSMEM 223..243; /note=""Helical; Name=6""; /evidence=""ECO:0000269|PubMed:39719710, ECO:0007744|PDB:8WX3, ECO:0007744|PDB:8WX4, ECO:0007744|PDB:8WX5""; TRANSMEM 317..338; /note=""Helical; Name=7""; /evidence=""ECO:0000269|PubMed:39719710, ECO:0007744|PDB:8WX3, ECO:0007744|PDB:8WX4, ECO:0007744|PDB:8WX5""; TRANSMEM 367..392; /note=""Helical; Name=8""; /evidence=""ECO:0000269|PubMed:39719710, ECO:0007744|PDB:8WX3, ECO:0007744|PDB:8WX4, ECO:0007744|PDB:8WX5""; TRANSMEM 405..422; /note=""Helical; Name=9""; /evidence=""ECO:0000269|PubMed:39719710, ECO:0007744|PDB:8WX3, ECO:0007744|PDB:8WX4, ECO:0007744|PDB:8WX5""; TRANSMEM 455..475; /note=""Helical; Name=10""; /evidence=""ECO:0000269|PubMed:39719710, ECO:0007744|PDB:8WX3, ECO:0007744|PDB:8WX4, ECO:0007744|PDB:8WX5""; TRANSMEM 487..510; /note=""Helical; Name=11""; /evidence=""ECO:0000269|PubMed:39719710, ECO:0007744|PDB:8WX3, ECO:0007744|PDB:8WX4, ECO:0007744|PDB:8WX5""; TRANSMEM 536..553; /note=""Helical; Name=12""; /evidence=""ECO:0000269|PubMed:39719710, ECO:0007744|PDB:8WX3, ECO:0007744|PDB:8WX4, ECO:0007744|PDB:8WX5""","TOPO_DOM 1..35; /note=""Cytoplasmic""; /evidence=""ECO:0000269|PubMed:39719710, ECO:0007744|PDB:8WX3, ECO:0007744|PDB:8WX4, ECO:0007744|PDB:8WX5""; TOPO_DOM 63..76; /note=""Extracellular""; /evidence=""ECO:0000269|PubMed:39719710, ECO:0007744|PDB:8WX3, ECO:0007744|PDB:8WX4, ECO:0007744|PDB:8WX5""; TOPO_DOM 97..104; /note=""Cytoplasmic""; /evidence=""ECO:0000269|PubMed:39719710, ECO:0007744|PDB:8WX3, ECO:0007744|PDB:8WX4, ECO:0007744|PDB:8WX5""; TOPO_DOM 126..155; /note=""Extracellular""; /evidence=""ECO:0000269|PubMed:39719710, ECO:0007744|PDB:8WX3, ECO:0007744|PDB:8WX4, ECO:0007744|PDB:8WX5""; TOPO_DOM 177..193; /note=""Cytoplasmic""; /evidence=""ECO:0000269|PubMed:39719710, ECO:0007744|PDB:8WX3, ECO:0007744|PDB:8WX4, ECO:0007744|PDB:8WX5""; TOPO_DOM 217..222; /note=""Extracellular""; /evidence=""ECO:0000269|PubMed:39719710, ECO:0007744|PDB:8WX3, ECO:0007744|PDB:8WX4, ECO:0007744|PDB:8WX5""; TOPO_DOM 244..316; /note=""Cytoplasmic""; /evidence=""ECO:0000269|PubMed:39719710, ECO:0007744|PDB:8WX3, ECO:0007744|PDB:8WX4, ECO:0007744|PDB:8WX5""; TOPO_DOM 339..366; /note=""Extracellular""; /evidence=""ECO:0000269|PubMed:39719710, ECO:0007744|PDB:8WX3, ECO:0007744|PDB:8WX4, ECO:0007744|PDB:8WX5""; TOPO_DOM 393..404; /note=""Cytoplasmic""; /evidence=""ECO:0000269|PubMed:39719710, ECO:0007744|PDB:8WX3, ECO:0007744|PDB:8WX4, ECO:0007744|PDB:8WX5""; TOPO_DOM 423..454; /note=""Extracellular""; /evidence=""ECO:0000269|PubMed:39719710, ECO:0007744|PDB:8WX3, ECO:0007744|PDB:8WX4, ECO:0007744|PDB:8WX5""; TOPO_DOM 476..486; /note=""Cytoplasmic""; /evidence=""ECO:0000269|PubMed:39719710, ECO:0007744|PDB:8WX3, ECO:0007744|PDB:8WX4, ECO:0007744|PDB:8WX5""; TOPO_DOM 511..535; /note=""Extracellular""; /evidence=""ECO:0000269|PubMed:39719710, ECO:0007744|PDB:8WX3, ECO:0007744|PDB:8WX4, ECO:0007744|PDB:8WX5""; TOPO_DOM 554..577; /note=""Cytoplasmic""; /evidence=""ECO:0000269|PubMed:39719710, ECO:0007744|PDB:8WX3, ECO:0007744|PDB:8WX4, ECO:0007744|PDB:8WX5""","SUBCELLULAR LOCATION: Lysosome membrane {ECO:0000269|PubMed:25238095, ECO:0000269|PubMed:29224352, ECO:0000269|PubMed:32433612}; Multi-pass membrane protein {ECO:0000269|PubMed:39719710}. Endosome membrane {ECO:0000269|PubMed:32433612}; Multi-pass membrane protein {ECO:0000269|PubMed:39719710}. Early endosome membrane {ECO:0000250|UniProtKB:Q91W98}; Multi-pass membrane protein {ECO:0000269|PubMed:39719710}."
Q7Z5G4,,,,"SUBCELLULAR LOCATION: Golgi apparatus membrane {ECO:0000269|PubMed:14522980, ECO:0000269|PubMed:16000296}; Lipid-anchor {ECO:0000269|PubMed:14522980, ECO:0000269|PubMed:16000296}."
Q86TL0,,,,"SUBCELLULAR LOCATION: [Cysteine protease ATG4D]: Cytoplasm {ECO:0000269|PubMed:19549685}.; SUBCELLULAR LOCATION: [Cysteine protease ATG4D, mitochondrial]: Cytoplasm {ECO:0000269|PubMed:19549685}. Mitochondrion matrix {ECO:0000269|PubMed:19549685, ECO:0000269|PubMed:22441018}. Note=Imported into mitochondrial matrix after cleavage by CASP3 during oxidative stress and cell death. {ECO:0000269|PubMed:22441018}."
Q86UE8,,,,"SUBCELLULAR LOCATION: Nucleus {ECO:0000269|PubMed:10455159, ECO:0000269|PubMed:29955062, ECO:0000269|PubMed:33323470, ECO:0000269|PubMed:9427565}. Nucleus, nucleoplasm {ECO:0000269|PubMed:10523312, ECO:0000269|PubMed:33323470}. Cytoplasm, perinuclear region {ECO:0000269|PubMed:10455159, ECO:0000269|PubMed:33323470}. Cytoplasm, cytoskeleton {ECO:0000269|PubMed:10455159}. Note=Colocalizes with the cytoplasmic intermediate filament system during the G1 phase of the cell cycle (PubMed:10455159). Present in the perinuclear region at S phase and in the nucleus at late G2 (PubMed:10455159). {ECO:0000269|PubMed:10455159}."
Q86UX6,,,,
Q86WA9,,"TRANSMEM 52..72; /note=""Helical""; /evidence=""ECO:0000255""; TRANSMEM 74..94; /note=""Helical""; /evidence=""ECO:0000255""; TRANSMEM 101..117; /note=""Helical""; /evidence=""ECO:0000255""; TRANSMEM 120..140; /note=""Helical""; /evidence=""ECO:0000255""; TRANSMEM 148..168; /note=""Helical""; /evidence=""ECO:0000255""; TRANSMEM 198..218; /note=""Helical""; /evidence=""ECO:0000255""; TRANSMEM 251..271; /note=""Helical""; /evidence=""ECO:0000255""; TRANSMEM 308..328; /note=""Helical""; /evidence=""ECO:0000255""; TRANSMEM 342..362; /note=""Helical""; /evidence=""ECO:0000255""; TRANSMEM 375..395; /note=""Helical""; /evidence=""ECO:0000255""; TRANSMEM 399..419; /note=""Helical""; /evidence=""ECO:0000255""; TRANSMEM 442..462; /note=""Helical""; /evidence=""ECO:0000255""","TOPO_DOM 1..51; /note=""Extracellular""; /evidence=""ECO:0000255""; TOPO_DOM 73; /note=""Cytoplasmic""; /evidence=""ECO:0000255""; TOPO_DOM 95..100; /note=""Extracellular""; /evidence=""ECO:0000255""; TOPO_DOM 118..119; /note=""Cytoplasmic""; /evidence=""ECO:0000255""; TOPO_DOM 141..147; /note=""Extracellular""; /evidence=""ECO:0000255""; TOPO_DOM 169..197; /note=""Cytoplasmic""; /evidence=""ECO:0000255""; TOPO_DOM 219..250; /note=""Extracellular""; /evidence=""ECO:0000255""; TOPO_DOM 272..307; /note=""Cytoplasmic""; /evidence=""ECO:0000255""; TOPO_DOM 329..341; /note=""Extracellular""; /evidence=""ECO:0000255""; TOPO_DOM 363..374; /note=""Cytoplasmic""; /evidence=""ECO:0000255""; TOPO_DOM 396..398; /note=""Extracellular""; /evidence=""ECO:0000255""; TOPO_DOM 420..441; /note=""Cytoplasmic""; /evidence=""ECO:0000255""; TOPO_DOM 463..606; /note=""Extracellular""; /evidence=""ECO:0000255""",SUBCELLULAR LOCATION: Cell membrane {ECO:0000269|PubMed:12626430}; Multi-pass membrane protein {ECO:0000255}. Lysosome membrane {ECO:0000269|PubMed:20957757}; Multi-pass membrane protein {ECO:0000255}. Apical cell membrane {ECO:0000250|UniProtKB:Q80ZD3}; Multi-pass membrane protein {ECO:0000255}. Basolateral cell membrane {ECO:0000250|UniProtKB:Q80ZD3}; Multi-pass membrane protein {ECO:0000255}.
Q86Y91,,,,"SUBCELLULAR LOCATION: Nucleus. Cytoplasm. Cytoplasm, cytoskeleton. Note=Present predominantly in the nucleus and to a lesser extent in the cytoplasm of interphase cells. During mitosis, found to be closely associated with astral microtubule plus ends emanating from the spindle pole during prometaphase and metaphase."
Q8IU60,,,,"SUBCELLULAR LOCATION: Cytoplasm, P-body {ECO:0000269|PubMed:15067023, ECO:0000269|PubMed:15273322, ECO:0000269|PubMed:16364915, ECO:0000269|PubMed:20616046}. Nucleus {ECO:0000269|PubMed:15273322}. Note=Predominantly cytoplasmic, in processing bodies (PB) (PubMed:15273322). A minor amount is nuclear (PubMed:15273322). {ECO:0000269|PubMed:15273322, ECO:0000269|PubMed:16364915, ECO:0000269|PubMed:20616046}."
Q8IWA0,,,,"SUBCELLULAR LOCATION: Nucleus, nucleolus {ECO:0000269|PubMed:12429849, ECO:0000269|PubMed:22916032, ECO:0000269|PubMed:34516797}."
Q8IWX5,,"TRANSMEM 88..108; /note=""Helical""; /evidence=""ECO:0000255""; TRANSMEM 121..141; /note=""Helical""; /evidence=""ECO:0000255""; TRANSMEM 160..180; /note=""Helical""; /evidence=""ECO:0000255""; TRANSMEM 185..205; /note=""Helical""; /evidence=""ECO:0000255""; TRANSMEM 219..239; /note=""Helical""; /evidence=""ECO:0000255""; TRANSMEM 247..267; /note=""Helical""; /evidence=""ECO:0000255""; TRANSMEM 280..300; /note=""Helical""; /evidence=""ECO:0000255""; TRANSMEM 318..338; /note=""Helical""; /evidence=""ECO:0000255""; TRANSMEM 371..391; /note=""Helical""; /evidence=""ECO:0000255""",,SUBCELLULAR LOCATION: Endoplasmic reticulum membrane {ECO:0000269|PubMed:12411432}; Multi-pass membrane protein {ECO:0000269|PubMed:12411432}.
Q8IXW5,,,,SUBCELLULAR LOCATION: Cytoplasm {ECO:0000269|PubMed:22137580}. Nucleus {ECO:0000269|PubMed:22137580}. Note=Shuttles between the cytoplasm and the nucleus in a CRM1-dependent manner.
Q8IY26,,"TRANSMEM 133..153; /note=""Helical""; /evidence=""ECO:0000255""; TRANSMEM 165..185; /note=""Helical""; /evidence=""ECO:0000255""; TRANSMEM 229..249; /note=""Helical""; /evidence=""ECO:0000255""; TRANSMEM 261..281; /note=""Helical""; /evidence=""ECO:0000255""","TOPO_DOM 1..132; /note=""Cytoplasmic""; /evidence=""ECO:0000305|PubMed:20110354""; TOPO_DOM 154..164; /note=""Lumenal""; /evidence=""ECO:0000305|PubMed:20110354""; TOPO_DOM 186..228; /note=""Cytoplasmic""; /evidence=""ECO:0000305|PubMed:20110354""; TOPO_DOM 250..260; /note=""Lumenal""; /evidence=""ECO:0000305|PubMed:20110354""; TOPO_DOM 282..295; /note=""Cytoplasmic""; /evidence=""ECO:0000305|PubMed:20110354""","SUBCELLULAR LOCATION: Endoplasmic reticulum membrane {ECO:0000269|PubMed:16464866, ECO:0000269|PubMed:18930839, ECO:0000269|PubMed:20110354}; Multi-pass membrane protein {ECO:0000305|PubMed:20110354}. Nucleus envelope {ECO:0000269|PubMed:18930839}. Nucleus inner membrane {ECO:0000305|PubMed:20110354}."
Q8IZ07,,,,SUBCELLULAR LOCATION: Cell membrane {ECO:0000269|PubMed:22298428}. Late endosome {ECO:0000269|PubMed:22298428}. Note=Interaction with EGFR may enhance association with the cell membrane.
Q8N2M8,,,,SUBCELLULAR LOCATION: Nucleus {ECO:0000250}.
Q8N543,,,,SUBCELLULAR LOCATION: [Isoform 1]: Cytoplasm. Nucleus. Note=Mainly nuclear. A portion relocalizes to cytoplasmic stress granules upon stress.; SUBCELLULAR LOCATION: [Isoform 2]: Cytoplasm.
Q8N6H7,,,,SUBCELLULAR LOCATION: Cytoplasm {ECO:0000269|PubMed:17760859}. Golgi apparatus membrane {ECO:0000269|PubMed:17760859}; Peripheral membrane protein {ECO:0000269|PubMed:17760859}; Cytoplasmic side {ECO:0000269|PubMed:17760859}. Note=Also found on peripheral punctate structures likely to be endoplasmic reticulum-Golgi intermediate compartment.
Q8IWS0,,,,"SUBCELLULAR LOCATION: Nucleus. Nucleus, nucleolus. Chromosome, centromere, kinetochore {ECO:0000269|PubMed:20813266}. Note=Nuclear, it particularly localizes to the nucleolus."
Q86Y07,,"TRANSMEM 487..507; /note=""Helical; Anchor for type IV membrane protein""; /evidence=""ECO:0000255""",,SUBCELLULAR LOCATION: [Isoform 1]: Cytoplasm {ECO:0000269|PubMed:16704422}. Endoplasmic reticulum membrane {ECO:0000269|PubMed:16704422}; Single-pass type IV membrane protein {ECO:0000255}. Mitochondrion membrane {ECO:0000269|PubMed:16704422}; Single-pass type IV membrane protein {ECO:0000255}. Nucleus envelope {ECO:0000250|UniProtKB:Q8BN21}.; SUBCELLULAR LOCATION: [Isoform 2]: Cytoplasm {ECO:0000269|PubMed:16704422}. Nucleus {ECO:0000269|PubMed:16704422}.
Q7Z6M1,,,,SUBCELLULAR LOCATION: Cytoplasm. Endosome membrane {ECO:0000269|PubMed:14530284}. Note=Interaction with PIKFYVE and subsequent phosphorylation recruits it to the endosomal membrane. {ECO:0000269|PubMed:14530284}.
Q86T03,,"TRANSMEM 212..232; /note=""Helical""; /evidence=""ECO:0000255""; TRANSMEM 242..262; /note=""Helical""; /evidence=""ECO:0000255""",,"SUBCELLULAR LOCATION: Late endosome membrane {ECO:0000269|PubMed:16365287}; Multi-pass membrane protein {ECO:0000255}. Lysosome membrane {ECO:0000269|PubMed:16365287}; Multi-pass membrane protein {ECO:0000255}. Cytoplasmic vesicle, phagosome membrane {ECO:0000250|UniProtKB:Q3TWL2}; Multi-pass membrane protein {ECO:0000255}. Cell membrane {ECO:0000250|UniProtKB:Q3TWL2}; Multi-pass membrane protein {ECO:0000255}."
Q86XR8,,,,"SUBCELLULAR LOCATION: Nucleus {ECO:0000250}. Cytoplasm. Cytoplasm, cytoskeleton, microtubule organizing center, centrosome {ECO:0000269|PubMed:14654843}."
Q86YJ7,,,,SUBCELLULAR LOCATION: Cell membrane {ECO:0000269|PubMed:22298428}. Late endosome {ECO:0000269|PubMed:22298428}. Early endosome {ECO:0000269|PubMed:22298428}. Note=Interaction with EGFR may enhance association with the cell membrane.
Q86YM7,,,,"SUBCELLULAR LOCATION: Cytoplasm {ECO:0000250}. Postsynaptic density {ECO:0000250}. Synapse {ECO:0000250}. Cell projection, dendritic spine {ECO:0000250|UniProtKB:Q9Z214}. Note=Isoform 1 inhibits surface expression of GRM5 causing it to be retained in the endoplasmic reticulum. {ECO:0000250}."
Q8N122,,,,"SUBCELLULAR LOCATION: Lysosome membrane {ECO:0000269|PubMed:31601708, ECO:0000269|PubMed:31601764}. Cytoplasm {ECO:0000269|PubMed:20381137}. Cytoplasmic granule {ECO:0000269|PubMed:23953116, ECO:0000269|PubMed:25940091}. Note=Targeting to lysosomes depends on amino acid availability: recruited to lysosome membranes via interaction with GTP-bound form of RagA/RRAGA (or RagB/RRAGB) in complex with the GDP-bound form of RagC/RRAGC (or RagD/RRAGD), promoting recruitment of mTORC1 to the lysosomes (PubMed:31601708, PubMed:31601764). In arsenite-stressed cells, accumulates in stress granules when associated with SPAG5 and association with lysosomes is drastically decreased (PubMed:23953116). {ECO:0000269|PubMed:23953116, ECO:0000269|PubMed:31601708, ECO:0000269|PubMed:31601764}."
Q7Z5K2,,,,"SUBCELLULAR LOCATION: [Isoform 2]: Nucleus.; SUBCELLULAR LOCATION: Nucleus. Chromosome {ECO:0000269|PubMed:26299517}. Cytoplasm. Note=Associates with chromatin through the cohesin complex during interphase. Released in the cytoplasm from nuclear envelope breakdown until anaphase, it reaccumulates in nucleus at telophase."
Q86VN1,,,,SUBCELLULAR LOCATION: Cytoplasm. Endosome. Late endosome {ECO:0000250|UniProtKB:Q91XD6}. Membrane. Nucleus {ECO:0000305}. Note=Colocalizes with ubiquitinated proteins on late endosomes. Recruited to the endosome membrane to participate in vesicle formation. {ECO:0000250|UniProtKB:Q91XD6}.
Q86W74,,"TRANSMEM 190..210; /note=""Helical""; /evidence=""ECO:0000255""",,SUBCELLULAR LOCATION: Membrane {ECO:0000305}; Single-pass membrane protein {ECO:0000305}.
Q8IV63,,,,"SUBCELLULAR LOCATION: Nucleus {ECO:0000269|PubMed:14645249, ECO:0000269|PubMed:27346674, ECO:0000269|PubMed:33067254}. Cytoplasm {ECO:0000269|PubMed:33067254}. Note=Under oxidative stress, migrates from the nucleus to the cytoplasm. {ECO:0000269|PubMed:33067254}."
Q8IYA6,,,,"SUBCELLULAR LOCATION: Cytoplasm, cytoskeleton, spindle pole {ECO:0000269|PubMed:25439729}. Note=Uniformly distributed along each microtubule bundle of spindles in addition to centrioles during mitosis, expression promptly diminishes at interphase. {ECO:0000269|PubMed:25439729}."
Q86Z02,,,,"SUBCELLULAR LOCATION: Nucleus {ECO:0000269|PubMed:15701637, ECO:0000269|PubMed:16390825, ECO:0000269|PubMed:18219322, ECO:0000269|PubMed:19646965, ECO:0000269|PubMed:28289210}. Cytoplasm {ECO:0000269|PubMed:15701637, ECO:0000269|PubMed:18219322, ECO:0000269|PubMed:19646965, ECO:0000269|PubMed:28289210}. Nucleus speckle {ECO:0000269|PubMed:16390825}. Note=Predominantly nuclear. Translocates from nucleus to cytoplasm in response to stress stimuli via SENP1-mediated desumoylation. {ECO:0000269|PubMed:15701637, ECO:0000269|PubMed:18219322}."
Q8N2I9,,,,SUBCELLULAR LOCATION: Nucleus {ECO:0000269|PubMed:13679039}. Cytoplasm {ECO:0000269|PubMed:13679039}.
Q7Z5H3,,,,SUBCELLULAR LOCATION: Cytoplasm {ECO:0000250}. Nucleus {ECO:0000250}. Note=Mainly cytoplasmic. Some fraction is nuclear (By similarity). {ECO:0000250}.
Q8N4T4,,,,SUBCELLULAR LOCATION: Cell membrane {ECO:0000269|PubMed:22327280}.
Q8N6S5,,"TRANSMEM 111..131; /note=""Helical""; /evidence=""ECO:0000255""; TRANSMEM 150..170; /note=""Helical""; /evidence=""ECO:0000255""; TRANSMEM 205..225; /note=""Helical""; /evidence=""ECO:0000255""",,SUBCELLULAR LOCATION: Nucleus inner membrane {ECO:0000250|UniProtKB:Q8BH07}; Multi-pass membrane protein {ECO:0000255}.
Q86UU1,,,,
Q8IVW1,,,,
Q8N1S5,,"TRANSMEM 12..32; /note=""Helical""; /evidence=""ECO:0000255""; TRANSMEM 44..64; /note=""Helical""; /evidence=""ECO:0000255""; TRANSMEM 72..92; /note=""Helical""; /evidence=""ECO:0000255""; TRANSMEM 194..214; /note=""Helical""; /evidence=""ECO:0000255""; TRANSMEM 263..285; /note=""Helical""; /evidence=""ECO:0000255""; TRANSMEM 290..307; /note=""Helical""; /evidence=""ECO:0000255""; TRANSMEM 322..342; /note=""Helical""; /evidence=""ECO:0000255""",,SUBCELLULAR LOCATION: Cell membrane {ECO:0000250|UniProtKB:Q8BWY7}; Multi-pass membrane protein {ECO:0000250|UniProtKB:Q8BWY7}. Nucleus {ECO:0000250|UniProtKB:Q8BWY7}. Cytoplasm {ECO:0000250|UniProtKB:Q8BWY7}. Golgi apparatus {ECO:0000250|UniProtKB:Q8BWY7}.
Q8IZ83,,,,
Q8N0T1,,,,"SUBCELLULAR LOCATION: Nucleus, nucleolus {ECO:0000269|PubMed:26711351}."
Q8N567,,,,"SUBCELLULAR LOCATION: Nucleus, nucleolus {ECO:0000269|PubMed:18721783}. Nucleus {ECO:0000269|PubMed:18721783}. Note=Expressed throughout the nucleus and concentrated mainly in the nucleolus. {ECO:0000269|PubMed:18721783}."
Q8IXT5,,,,
Q8NCM8,,,,"SUBCELLULAR LOCATION: Cytoplasm, cytoskeleton, cilium axoneme {ECO:0000250|UniProtKB:Q9JJ79}. Cell membrane {ECO:0000250|UniProtKB:Q45VK7}; Peripheral membrane protein {ECO:0000250|UniProtKB:Q45VK7}. Cytoplasm {ECO:0000250|UniProtKB:Q9JJ79}. Note=Localizes to the apical cytoplasm (By similarity). According to PubMed:8666668, it localizes to Golgi apparatus, cytoplasmic vesicle and endoplasmic reticulum (PubMed:8666668). {ECO:0000250|UniProtKB:Q9JJ79, ECO:0000269|PubMed:8666668}."
Q8NFD5,,,,"SUBCELLULAR LOCATION: Nucleus {ECO:0000255|PROSITE-ProRule:PRU00355, ECO:0000269|PubMed:11988099}."
Q8NHZ8,,,,SUBCELLULAR LOCATION: Nucleus {ECO:0000305}.
Q8TAQ2,,,,SUBCELLULAR LOCATION: Nucleus.
Q8TBX8,,,,SUBCELLULAR LOCATION: Endoplasmic reticulum {ECO:0000250|UniProtKB:O88370}. Cytoplasm {ECO:0000250|UniProtKB:O88370}.
Q8WUM9,,"TRANSMEM 21..41; /note=""Helical""; /evidence=""ECO:0000255""; TRANSMEM 62..82; /note=""Helical""; /evidence=""ECO:0000255""; TRANSMEM 100..120; /note=""Helical""; /evidence=""ECO:0000255""; TRANSMEM 158..178; /note=""Helical""; /evidence=""ECO:0000255""; TRANSMEM 203..223; /note=""Helical""; /evidence=""ECO:0000255""; TRANSMEM 230..250; /note=""Helical""; /evidence=""ECO:0000255""; TRANSMEM 511..531; /note=""Helical""; /evidence=""ECO:0000255""; TRANSMEM 558..578; /note=""Helical""; /evidence=""ECO:0000255""; TRANSMEM 600..620; /note=""Helical""; /evidence=""ECO:0000255""; TRANSMEM 650..670; /note=""Helical""; /evidence=""ECO:0000255""",,SUBCELLULAR LOCATION: Cell membrane {ECO:0000269|PubMed:19726692}; Multi-pass membrane protein {ECO:0000255}.
Q8WVM8,,,,"SUBCELLULAR LOCATION: Cytoplasm {ECO:0000250}. Endoplasmic reticulum membrane {ECO:0000250}; Peripheral membrane protein {ECO:0000250}. Golgi apparatus, Golgi stack membrane {ECO:0000250}; Peripheral membrane protein {ECO:0000250}."
Q92504,,"TRANSMEM 10..30; /note=""Helical""; /evidence=""ECO:0000255""; TRANSMEM 138..158; /note=""Helical""; /evidence=""ECO:0000255""; TRANSMEM 169..189; /note=""Helical""; /evidence=""ECO:0000255""; TRANSMEM 214..234; /note=""Helical""; /evidence=""ECO:0000255""; TRANSMEM 381..401; /note=""Helical""; /evidence=""ECO:0000255""; TRANSMEM 417..436; /note=""Helical""; /evidence=""ECO:0000255""",,"SUBCELLULAR LOCATION: Endoplasmic reticulum membrane {ECO:0000269|PubMed:14525538, ECO:0000269|PubMed:29980658, ECO:0000269|PubMed:30237509, ECO:0000269|PubMed:30718914}; Multi-pass membrane protein {ECO:0000255}. Golgi apparatus, cis-Golgi network membrane {ECO:0000269|PubMed:15705588}; Multi-pass membrane protein {ECO:0000255}."
Q92536,,"TRANSMEM 45..65; /note=""Helical""; /evidence=""ECO:0000255""; TRANSMEM 79..99; /note=""Helical""; /evidence=""ECO:0000255""; TRANSMEM 115..135; /note=""Helical""; /evidence=""ECO:0000255""; TRANSMEM 168..188; /note=""Helical""; /evidence=""ECO:0000255""; TRANSMEM 195..215; /note=""Helical""; /evidence=""ECO:0000255""; TRANSMEM 236..256; /note=""Helical""; /evidence=""ECO:0000255""; TRANSMEM 267..287; /note=""Helical""; /evidence=""ECO:0000255""; TRANSMEM 312..332; /note=""Helical""; /evidence=""ECO:0000255""; TRANSMEM 364..384; /note=""Helical""; /evidence=""ECO:0000255""; TRANSMEM 386..406; /note=""Helical""; /evidence=""ECO:0000255""; TRANSMEM 426..446; /note=""Helical""; /evidence=""ECO:0000255""; TRANSMEM 452..472; /note=""Helical""; /evidence=""ECO:0000255""","TOPO_DOM 1..44; /note=""Cytoplasmic""; /evidence=""ECO:0000255""; TOPO_DOM 66..78; /note=""Extracellular""; /evidence=""ECO:0000255""; TOPO_DOM 100..114; /note=""Cytoplasmic""; /evidence=""ECO:0000255""; TOPO_DOM 136..167; /note=""Extracellular""; /evidence=""ECO:0000255""; TOPO_DOM 189..194; /note=""Cytoplasmic""; /evidence=""ECO:0000255""; TOPO_DOM 216..235; /note=""Extracellular""; /evidence=""ECO:0000255""; TOPO_DOM 257..266; /note=""Cytoplasmic""; /evidence=""ECO:0000255""; TOPO_DOM 288..311; /note=""Extracellular""; /evidence=""ECO:0000255""; TOPO_DOM 333..363; /note=""Cytoplasmic""; /evidence=""ECO:0000255""; TOPO_DOM 385; /note=""Extracellular""; /evidence=""ECO:0000255""; TOPO_DOM 407..425; /note=""Cytoplasmic""; /evidence=""ECO:0000255""; TOPO_DOM 447..451; /note=""Extracellular""; /evidence=""ECO:0000255""; TOPO_DOM 473..515; /note=""Cytoplasmic""; /evidence=""ECO:0000255""",SUBCELLULAR LOCATION: Cell membrane {ECO:0000269|PubMed:16785209}; Multi-pass membrane protein {ECO:0000255}.
Q8N7W2,,,,
Q8NBN3,"SIGNAL 1..21; /evidence=""ECO:0000269|PubMed:38992057""","TRANSMEM 226..246; /note=""Helical; Name=1""; /evidence=""ECO:0000255""; TRANSMEM 258..278; /note=""Helical; Name=2""; /evidence=""ECO:0000255""; TRANSMEM 306..322; /note=""Helical; Name=3""; /evidence=""ECO:0000255""; TRANSMEM 326..346; /note=""Helical; Name=4""; /evidence=""ECO:0000255""; TRANSMEM 362..382; /note=""Helical; Name=5""; /evidence=""ECO:0000255""; TRANSMEM 404..424; /note=""Helical; Name=6""; /evidence=""ECO:0000255""; TRANSMEM 438..458; /note=""Helical; Name=7""; /evidence=""ECO:0000255""","TOPO_DOM 22..225; /note=""Lumenal""; /evidence=""ECO:0000305""; TOPO_DOM 247..257; /note=""Cytoplasmic""; /evidence=""ECO:0000305""; TOPO_DOM 279..305; /note=""Lumenal""; /evidence=""ECO:0000305""; TOPO_DOM 323..325; /note=""Cytoplasmic""; /evidence=""ECO:0000305""; TOPO_DOM 347..361; /note=""Lumenal""; /evidence=""ECO:0000305""; TOPO_DOM 383..403; /note=""Cytoplasmic""; /evidence=""ECO:0000305""; TOPO_DOM 425..437; /note=""Lumenal""; /evidence=""ECO:0000305""; TOPO_DOM 459..555; /note=""Cytoplasmic""; /evidence=""ECO:0000305""","SUBCELLULAR LOCATION: [Isoform 1]: Cell membrane {ECO:0000269|PubMed:32228863, ECO:0000269|PubMed:38992057}; Multi-pass membrane protein {ECO:0000255}. Golgi apparatus membrane {ECO:0000269|PubMed:26157166, ECO:0000269|PubMed:32228863, ECO:0000269|PubMed:38992057}; Multi-pass membrane protein {ECO:0000255}.; SUBCELLULAR LOCATION: [Isoform 3]: Cell membrane {ECO:0000269|PubMed:32228863}; Multi-pass membrane protein {ECO:0000255}. Cell projection, ruffle {ECO:0000269|PubMed:32228863}."
Q8NC56,,"TRANSMEM 213..233; /note=""Helical""; /evidence=""ECO:0000255""; TRANSMEM 377..397; /note=""Helical""; /evidence=""ECO:0000255""",,"SUBCELLULAR LOCATION: Nucleus inner membrane {ECO:0000269|PubMed:16339967, ECO:0000269|PubMed:17097643, ECO:0000269|PubMed:28242692, ECO:0000269|PubMed:30905398, ECO:0000269|PubMed:32494070}; Multi-pass membrane protein {ECO:0000269|PubMed:16339967}. Nucleus envelope {ECO:0000269|PubMed:28242692}. Cytoplasm, cytoskeleton, spindle {ECO:0000269|PubMed:32494070}. Note=Lamina-associated protein residing in the inner nuclear membrane (INM) of the nuclear envelope (NE) (PubMed:16339967). The localization to the INM is dependent on LMNA (PubMed:16339967). Evenly distributed around the NE during interphase (PubMed:16339967). During metaphase, found in a reticular network (PubMed:28242692). Recruited to the reforming NE on chromatin disks in early anaphase (PubMed:28242692). In late anaphase, concentrates at the NE core proximal to spindle microtubules, and then broadening to a distributed nuclear rim pattern (PubMed:28242692, PubMed:32494070). {ECO:0000269|PubMed:16339967, ECO:0000269|PubMed:28242692, ECO:0000269|PubMed:32494070}."
Q8NCC5,,"TRANSMEM 16..36; /note=""Helical""; /evidence=""ECO:0000255""; TRANSMEM 81..101; /note=""Helical""; /evidence=""ECO:0000255""; TRANSMEM 113..133; /note=""Helical""; /evidence=""ECO:0000255""; TRANSMEM 147..167; /note=""Helical""; /evidence=""ECO:0000255""; TRANSMEM 177..197; /note=""Helical""; /evidence=""ECO:0000255""; TRANSMEM 209..229; /note=""Helical""; /evidence=""ECO:0000255""; TRANSMEM 297..317; /note=""Helical""; /evidence=""ECO:0000255""; TRANSMEM 333..353; /note=""Helical""; /evidence=""ECO:0000255""; TRANSMEM 357..377; /note=""Helical""; /evidence=""ECO:0000255""; TRANSMEM 386..406; /note=""Helical""; /evidence=""ECO:0000255""; TRANSMEM 428..448; /note=""Helical""; /evidence=""ECO:0000255""; TRANSMEM 452..472; /note=""Helical""; /evidence=""ECO:0000255""",,SUBCELLULAR LOCATION: Endoplasmic reticulum membrane {ECO:0000269|PubMed:21949678}; Multi-pass membrane protein {ECO:0000255}. Lysosome membrane {ECO:0000269|PubMed:29745899}; Multi-pass membrane protein {ECO:0000255}.
Q8ND56,,,,"SUBCELLULAR LOCATION: Cytoplasm, P-body {ECO:0000269|PubMed:16484376, ECO:0000269|PubMed:17074753, ECO:0000269|PubMed:32354837}. Cytoplasm, cytoskeleton, spindle {ECO:0000269|PubMed:26339800}. Cytoplasm, Stress granule {ECO:0000269|PubMed:16484376}."
Q8NDT2,,,,"SUBCELLULAR LOCATION: Nucleus, nucleoplasm {ECO:0000269|PubMed:16129689}. Nucleus speckle {ECO:0000269|PubMed:19586903}. Nucleus envelope {ECO:0000269|PubMed:19586903}. Note=Colocalizes with BMLF1 in the nucleus. Localized in the nucleoplasm with a granular staining pattern and excluded from the nucleoli. {ECO:0000269|PubMed:16129689}."
Q8NEB9,,,,"SUBCELLULAR LOCATION: Midbody {ECO:0000269|PubMed:20208530}. Late endosome {ECO:0000269|PubMed:14617358}. Cytoplasmic vesicle, autophagosome {ECO:0000305|PubMed:14617358}. Note=As component of the PI3K complex I localized to pre-autophagosome structures. As component of the PI3K complex II localized predominantly to endosomes (PubMed:14617358). Also localizes to discrete punctae along the ciliary axoneme and to the base of the ciliary axoneme (By similarity). {ECO:0000250|UniProtKB:Q6PF93, ECO:0000305|PubMed:14617358}."
Q8NEU8,,,,"SUBCELLULAR LOCATION: Early endosome membrane {ECO:0000269|PubMed:15016378}; Peripheral membrane protein {ECO:0000269|PubMed:15016378}. Nucleus {ECO:0000269|PubMed:15016378, ECO:0000269|PubMed:18034774}. Cell membrane {ECO:0000269|PubMed:18034774}. Endosome membrane {ECO:0000269|PubMed:21645192}. Cytoplasm {ECO:0000250|UniProtKB:Q8K3G9}. Cytoplasmic vesicle, phagosome {ECO:0000250|UniProtKB:Q8K3G9}. Cell projection, ruffle {ECO:0000250|UniProtKB:Q8K3G9}. Cell projection, ruffle membrane {ECO:0000250|UniProtKB:Q8K3G9}. Cell membrane {ECO:0000250|UniProtKB:Q8K3G9}. Cytoplasmic vesicle, phagosome membrane {ECO:0000250|UniProtKB:Q8K3G9}. Note=Early endosomal membrane-bound and nuclear (PubMed:15016378). Translocated into the nucleus upon release from endosomal membranes following internalization of EGF (PubMed:15016378). Associates dynamically with cytoplasmic membrane structures that undergo changes in shape, movement, fusion and fission events (PubMed:18034774). PI(4,5)P2 levels are important for membrane association of APPL2 (PubMed:18034774). Absent of endosome in macrophage. Colocalized with RAB31 at early-stage phagosome (By similarity). Localized on macropinosomes in LPS-activated macrophages. Associated with membrane domains in contact with pathogens and pathogen-derived ligands like LPS. First recruited to the ruffles, and accumulates on macropinosomes (By similarity). {ECO:0000250|UniProtKB:Q8K3G9, ECO:0000269|PubMed:15016378, ECO:0000269|PubMed:18034774}."
Q8NHU3,,"TRANSMEM 80..100; /note=""Helical""; /evidence=""ECO:0000255""; TRANSMEM 128..148; /note=""Helical""; /evidence=""ECO:0000255""; TRANSMEM 159..179; /note=""Helical""; /evidence=""ECO:0000255""; TRANSMEM 206..226; /note=""Helical""; /evidence=""ECO:0000255""; TRANSMEM 248..268; /note=""Helical""; /evidence=""ECO:0000255""; TRANSMEM 275..295; /note=""Helical""; /evidence=""ECO:0000255""","TOPO_DOM 1..79; /note=""Cytoplasmic""; /evidence=""ECO:0000269|PubMed:14685263""; TOPO_DOM 101..127; /note=""Lumenal""; /evidence=""ECO:0000269|PubMed:14685263""; TOPO_DOM 149..158; /note=""Cytoplasmic""; /evidence=""ECO:0000269|PubMed:14685263""; TOPO_DOM 180..205; /note=""Lumenal""; /evidence=""ECO:0000269|PubMed:14685263""; TOPO_DOM 227..247; /note=""Cytoplasmic""; /evidence=""ECO:0000269|PubMed:14685263""; TOPO_DOM 269..274; /note=""Lumenal""; /evidence=""ECO:0000269|PubMed:14685263""; TOPO_DOM 296..365; /note=""Cytoplasmic""; /evidence=""ECO:0000269|PubMed:14685263""","SUBCELLULAR LOCATION: Cell membrane {ECO:0000269|PubMed:14685263, ECO:0000269|PubMed:30779713}; Multi-pass membrane protein {ECO:0000255}. Golgi apparatus membrane {ECO:0000269|PubMed:14685263, ECO:0000269|PubMed:18370930}; Multi-pass membrane protein {ECO:0000255}. Note=Primarily localized at the plasma membrane with a small fraction at the Golgi apparatus. {ECO:0000269|PubMed:14685263}."
Q8TCX1,,,,"SUBCELLULAR LOCATION: Golgi apparatus {ECO:0000269|PubMed:11907264}. Cytoplasm {ECO:0000269|PubMed:26130459}. Cell projection, cilium {ECO:0000269|PubMed:26130459, ECO:0000269|PubMed:29742051}. Cytoplasm, cytoskeleton, cilium basal body {ECO:0000269|PubMed:26130459, ECO:0000269|PubMed:29742051}. Cytoplasm, cytoskeleton, cilium axoneme {ECO:0000250|UniProtKB:Q8K0T2}. Cytoplasm, cytoskeleton, microtubule organizing center, centrosome {ECO:0000269|PubMed:26130459}. Note=Localizes to the apical cytoplasm. {ECO:0000250|UniProtKB:Q8K0T2}."
Q8TF74,,,,"SUBCELLULAR LOCATION: Cytoplasm, cytoskeleton {ECO:0000269|PubMed:11829459, ECO:0000269|PubMed:12213210}. Note=Localized to stress fibers and bundles of actin filaments."
Q92503,,,,"SUBCELLULAR LOCATION: Cytoplasm {ECO:0000269|PubMed:17092608, ECO:0000269|PubMed:23843640}. Golgi apparatus {ECO:0000269|PubMed:17092608}."
Q92530,,,,SUBCELLULAR LOCATION: Cytoplasm {ECO:0000269|PubMed:18495667}. Endoplasmic reticulum {ECO:0000269|PubMed:18495667}.
Q8NEN9,,"TRANSMEM 2..24; /note=""Helical""; /evidence=""ECO:0000255""",,"SUBCELLULAR LOCATION: Endoplasmic reticulum membrane {ECO:0000269|PubMed:29097544, ECO:0000269|PubMed:31818884, ECO:0000269|PubMed:33912962, ECO:0000269|PubMed:40839735, ECO:0000269|PubMed:41512824}; Single-pass membrane protein {ECO:0000255}. Note=Localizes at mitochondria-endoplasmic reticulum contact sites (PubMed:29097544, PubMed:31818884, PubMed:41512824). Localizes at late endosome- and lysosome-endoplasmic reticulum contact sites (PubMed:31636202, PubMed:32686675, PubMed:33912962, PubMed:41512824). Localizes at lysosome-endoplasmic reticulum contact sites in response to osmotic stress (PubMed:40839735). {ECO:0000269|PubMed:29097544, ECO:0000269|PubMed:31636202, ECO:0000269|PubMed:31818884, ECO:0000269|PubMed:32686675, ECO:0000269|PubMed:33912962, ECO:0000269|PubMed:40839735, ECO:0000269|PubMed:41512824}."
Q8NFH5,,,,"SUBCELLULAR LOCATION: Nucleus, nuclear pore complex {ECO:0000269|PubMed:12196509}. Nucleus membrane {ECO:0000269|PubMed:15703211}; Peripheral membrane protein {ECO:0000269|PubMed:15703211}. Note=Tightly associated with the nuclear membrane and lamina. {ECO:0000269|PubMed:15703211}."
Q8TAS1,,,,SUBCELLULAR LOCATION: Nucleus {ECO:0000269|PubMed:23419774}.
Q8TCG2,,,,"SUBCELLULAR LOCATION: Cytoplasm, cytosol {ECO:0000269|PubMed:12324459}. Golgi apparatus membrane {ECO:0000269|PubMed:11923287, ECO:0000269|PubMed:12324459}; Peripheral membrane protein {ECO:0000269|PubMed:12324459}. Endoplasmic reticulum membrane {ECO:0000269|PubMed:12324459}. Cell membrane {ECO:0000269|PubMed:11923287, ECO:0000269|PubMed:12324459}. Early endosome membrane {ECO:0000269|PubMed:11923287}. Note=Mainly cytosolic, association with membranes of the Golgi, endoplasmic and plasma membrane is stimulated by active RAC1 (PubMed:12324459). Association with early endosomes has not been confirmed (PubMed:11923287, PubMed:12324459). {ECO:0000269|PubMed:11923287, ECO:0000269|PubMed:12324459}."
Q8TCJ2,,"TRANSMEM 42..86; /note=""Helical""; /evidence=""ECO:0000250|UniProtKB:P39007""; TRANSMEM 174..192; /note=""Helical""; /evidence=""ECO:0000250|UniProtKB:P39007""; TRANSMEM 195..212; /note=""Helical""; /evidence=""ECO:0000250|UniProtKB:P39007""; TRANSMEM 224..243; /note=""Helical""; /evidence=""ECO:0000250|UniProtKB:P39007""; TRANSMEM 246..260; /note=""Helical""; /evidence=""ECO:0000250|UniProtKB:P39007""; TRANSMEM 266..282; /note=""Helical""; /evidence=""ECO:0000250|UniProtKB:P39007""; TRANSMEM 288..313; /note=""Helical""; /evidence=""ECO:0000250|UniProtKB:P39007""; TRANSMEM 322..341; /note=""Helical""; /evidence=""ECO:0000250|UniProtKB:P39007""; TRANSMEM 351..371; /note=""Helical""; /evidence=""ECO:0000255""; TRANSMEM 411..433; /note=""Helical""; /evidence=""ECO:0000250|UniProtKB:P39007""; TRANSMEM 440..456; /note=""Helical""; /evidence=""ECO:0000250|UniProtKB:P39007""; TRANSMEM 461..482; /note=""Helical""; /evidence=""ECO:0000250|UniProtKB:P39007""; TRANSMEM 527..552; /note=""Helical""; /evidence=""ECO:0000250|UniProtKB:P39007""","TOPO_DOM 2..41; /note=""Cytoplasmic""; /evidence=""ECO:0000305""; TOPO_DOM 87..173; /note=""Lumenal""; /evidence=""ECO:0000305""; TOPO_DOM 193..194; /note=""Cytoplasmic""; /evidence=""ECO:0000305""; TOPO_DOM 213..223; /note=""Lumenal""; /evidence=""ECO:0000305""; TOPO_DOM 244..245; /note=""Cytoplasmic""; /evidence=""ECO:0000305""; TOPO_DOM 261..265; /note=""Lumenal""; /evidence=""ECO:0000305""; TOPO_DOM 283..287; /note=""Cytoplasmic""; /evidence=""ECO:0000305""; TOPO_DOM 314..321; /note=""Lumenal""; /evidence=""ECO:0000305""; TOPO_DOM 342..350; /note=""Cytoplasmic""; /evidence=""ECO:0000305""; TOPO_DOM 372..410; /note=""Lumenal""; /evidence=""ECO:0000305""; TOPO_DOM 434..439; /note=""Cytoplasmic""; /evidence=""ECO:0000305""; TOPO_DOM 457..460; /note=""Lumenal""; /evidence=""ECO:0000305""; TOPO_DOM 483..526; /note=""Cytoplasmic""; /evidence=""ECO:0000305""; TOPO_DOM 553..826; /note=""Lumenal""; /evidence=""ECO:0000305""",SUBCELLULAR LOCATION: Endoplasmic reticulum {ECO:0000269|PubMed:12887896}. Endoplasmic reticulum membrane; Multi-pass membrane protein {ECO:0000250|UniProtKB:P39007}.
Q8TCT0,,,,"SUBCELLULAR LOCATION: Cell membrane {ECO:0000269|PubMed:16269826}; Peripheral membrane protein {ECO:0000305}; Cytoplasmic side {ECO:0000305}. Golgi apparatus, trans-Golgi network {ECO:0000269|PubMed:17392267}."
Q8WUD6,,"TRANSMEM 63..83; /note=""Helical; Name=1""; /evidence=""ECO:0000250|UniProtKB:Q4KLV1""; TRANSMEM 94..118; /note=""Helical; Name=2""; /evidence=""ECO:0000250|UniProtKB:Q4KLV1""; TRANSMEM 126..150; /note=""Helical; Name=3""; /evidence=""ECO:0000250|UniProtKB:Q4KLV1""; TRANSMEM 161..179; /note=""Helical; Name=4""; /evidence=""ECO:0000250|UniProtKB:Q4KLV1""; TRANSMEM 191..207; /note=""Helical; Name=5""; /evidence=""ECO:0000250|UniProtKB:Q4KLV1""; TRANSMEM 223..248; /note=""Helical; Name=6""; /evidence=""ECO:0000250|UniProtKB:Q4KLV1""; TRANSMEM 266..281; /note=""Helical; Name=7""; /evidence=""ECO:0000250|UniProtKB:Q4KLV1""; TRANSMEM 294..316; /note=""Helical; Name=8""; /evidence=""ECO:0000250|UniProtKB:Q4KLV1""; TRANSMEM 330..339; /note=""Helical; Name=9""; /evidence=""ECO:0000250|UniProtKB:Q4KLV1""; TRANSMEM 347..376; /note=""Helical; Name=10""; /evidence=""ECO:0000250|UniProtKB:Q4KLV1""","TOPO_DOM 2..62; /note=""Cytoplasmic""; /evidence=""ECO:0000305""; TOPO_DOM 84..93; /note=""Lumenal""; /evidence=""ECO:0000305""; TOPO_DOM 119..125; /note=""Cytoplasmic""; /evidence=""ECO:0000305""; TOPO_DOM 151..160; /note=""Lumenal""; /evidence=""ECO:0000305""; TOPO_DOM 180..190; /note=""Cytoplasmic""; /evidence=""ECO:0000305""; TOPO_DOM 208..222; /note=""Lumenal""; /evidence=""ECO:0000305""; TOPO_DOM 249..265; /note=""Cytoplasmic""; /evidence=""ECO:0000305""; TOPO_DOM 282..293; /note=""Lumenal""; /evidence=""ECO:0000305""; TOPO_DOM 317..329; /note=""Cytoplasmic""; /evidence=""ECO:0000305""; TOPO_DOM 340..346; /note=""Lumenal""; /evidence=""ECO:0000305""; TOPO_DOM 377..406; /note=""Cytoplasmic""; /evidence=""ECO:0000305""",SUBCELLULAR LOCATION: Golgi apparatus membrane {ECO:0000269|PubMed:12221122}; Multi-pass membrane protein {ECO:0000269|PubMed:12221122}.
Q8WUU5,,,,SUBCELLULAR LOCATION: Nucleus {ECO:0000269|PubMed:21965549}.
Q8WUX9,,,,"SUBCELLULAR LOCATION: Cytoplasm {ECO:0000269|PubMed:16856878}. Nucleus envelope {ECO:0000269|PubMed:26040712}. Nucleus envelope {ECO:0000269|PubMed:28242692}. Note=Diffused localization, with some punctate distribution, especially in the perinuclear area (PubMed:16856878). Localizes to the reforming nuclear envelope on chromatin disks during late anaphase (PubMed:26040712, PubMed:28242692). {ECO:0000269|PubMed:16856878, ECO:0000269|PubMed:26040712, ECO:0000269|PubMed:28242692}."
Q8WXX5,,,,SUBCELLULAR LOCATION: Nucleus {ECO:0000269|PubMed:17182002}. Cytoplasm {ECO:0000269|PubMed:17182002}. Cell membrane {ECO:0000269|PubMed:17182002}. Note=Predominantly nuclear. Translocates to the cytoplasm and membrane after heat shock. {ECO:0000269|PubMed:17182002}.
Q92538,,,,"SUBCELLULAR LOCATION: Golgi apparatus, cis-Golgi network {ECO:0000269|PubMed:12047556, ECO:0000269|PubMed:12808027, ECO:0000269|PubMed:15616190}. Endoplasmic reticulum-Golgi intermediate compartment {ECO:0000269|PubMed:12808027}. Golgi apparatus, trans-Golgi network {ECO:0000269|PubMed:23386609}. Golgi apparatus {ECO:0000269|PubMed:31519766}. Cytoplasm {ECO:0000269|PubMed:22573891, ECO:0000269|PubMed:31519766}. Lipid droplet {ECO:0000269|PubMed:21789191}. Membrane; Peripheral membrane protein {ECO:0000305}. Note=Cycles rapidly on and off early Golgi membranes (PubMed:15616190). Stabilized on membranes when complexed with ARF1-GDP and is released from both ARF1 and membranes after it catalyzes GDP displacement and ARF1 binds GTP. Continuous cycles of recruitment and dissociation of GBF1 to membranes are required for sustained ARF activation and COP I recruitment (PubMed:15813748). In neutrophils is translocated from the Golgi to the leading edge upon GPCR stimulation (PubMed:22573891). Localization to lipid droplets is questionable (PubMed:22185782). {ECO:0000269|PubMed:15616190, ECO:0000269|PubMed:22185782, ECO:0000269|PubMed:22573891, ECO:0000305|PubMed:15616190, ECO:0000305|PubMed:15813748}."
Q92543,,,,SUBCELLULAR LOCATION: Early endosome membrane {ECO:0000250|UniProtKB:Q6P4T1}; Peripheral membrane protein {ECO:0000250|UniProtKB:Q6P4T1}; Cytoplasmic side {ECO:0000250|UniProtKB:Q6P4T1}. Cytoplasmic vesicle membrane {ECO:0000305}; Peripheral membrane protein {ECO:0000305}; Cytoplasmic side {ECO:0000305}.
Q92558,,,,"SUBCELLULAR LOCATION: Cytoplasm, cytoskeleton {ECO:0000269|PubMed:9889097}. Synapse {ECO:0000250|UniProtKB:Q5BJU7}. Cell junction, focal adhesion {ECO:0000269|PubMed:18559503}. Note=Dot-like pattern in the cytoplasm. Concentrated in Rac-regulated membrane-ruffling areas (PubMed:9889097). Partial translocation to focal adhesion sites might be mediated by interaction with SORBS2 (PubMed:18559503). In neurons, colocalizes with activated NTRK2 after BDNF addition in endocytic sites through the association with TMEM108 (By similarity). {ECO:0000250|UniProtKB:Q8R5H6, ECO:0000269|PubMed:18559503, ECO:0000269|PubMed:9889097}."
Q92604,,"TRANSMEM 22..42; /note=""Helical""; /evidence=""ECO:0000255""; TRANSMEM 342..362; /note=""Helical""; /evidence=""ECO:0000255""",,SUBCELLULAR LOCATION: Endoplasmic reticulum membrane {ECO:0000269|PubMed:15485873}; Multi-pass membrane protein {ECO:0000269|PubMed:15485873}.
Q8N726,,,,"SUBCELLULAR LOCATION: Nucleus, nucleolus {ECO:0000269|PubMed:16173922, ECO:0000269|PubMed:18305112, ECO:0000269|PubMed:22094112, ECO:0000269|PubMed:27323397}. Nucleus, nucleoplasm {ECO:0000269|PubMed:18305112, ECO:0000269|PubMed:27323397}.; SUBCELLULAR LOCATION: [Isoform smARF]: Mitochondrion {ECO:0000269|PubMed:16713577}."
Q8N960,,,,"SUBCELLULAR LOCATION: Cytoplasm, cytoskeleton, microtubule organizing center, centrosome {ECO:0000269|PubMed:14654843, ECO:0000269|PubMed:36590171}. Note=Regulates the localization of TACC3 to the centrosome in neural progenitors in vivo. {ECO:0000250|UniProtKB:Q7TSG1}."
Q8NF37,,"TRANSMEM 58..78; /note=""Helical; Signal-anchor for type II membrane protein""; /evidence=""ECO:0000255""","TOPO_DOM 1..57; /note=""Cytoplasmic""; /evidence=""ECO:0000255""; TOPO_DOM 79..534; /note=""Lumenal""; /evidence=""ECO:0000255""","SUBCELLULAR LOCATION: Endoplasmic reticulum membrane {ECO:0000269|PubMed:21498505}; Single-pass type II membrane protein {ECO:0000269|PubMed:21498505}. Golgi apparatus membrane {ECO:0000250|UniProtKB:Q3TFD2}; Single-pass type II membrane protein {ECO:0000305|PubMed:21498505}. Cell membrane {ECO:0000305|PubMed:18156367}; Single-pass type II membrane protein {ECO:0000305|PubMed:21498505}. Lipid droplet {ECO:0000269|PubMed:21498505}. Note=May adopt a monotopic topology when embedded in the lipid monolayer of the lipid droplet, with both termini exposed to the cytoplasm. {ECO:0000269|PubMed:21498505}."
Q8NHV4,,,,"SUBCELLULAR LOCATION: Cytoplasm, cytoskeleton, microtubule organizing center, centrosome {ECO:0000269|PubMed:14654843, ECO:0000269|PubMed:19029337, ECO:0000269|PubMed:27137183}."
Q8TD19,,,,SUBCELLULAR LOCATION: Cytoplasm {ECO:0000269|PubMed:14660563}. Nucleus {ECO:0000269|PubMed:14660563}.
Q8TDX7,,,,"SUBCELLULAR LOCATION: Nucleus {ECO:0000250|UniProtKB:Q9ES74}. Cytoplasm {ECO:0000269|PubMed:17586473}. Cytoplasm, cytoskeleton, spindle pole {ECO:0000269|PubMed:19414596}. Cytoplasm, cytoskeleton, microtubule organizing center, centrosome {ECO:0000269|PubMed:17101132, ECO:0000269|PubMed:17586473}. Note=Present at centrosome throughout the cell cycle (PubMed:17586473). Also detected at spindle midzone of the anaphase cells and eventually concentrates at the midbody (PubMed:17586473). Interaction with ANKS3 prevents its translocation to the nucleus (By similarity). {ECO:0000250|UniProtKB:Q9ES74, ECO:0000269|PubMed:17586473}."
Q8WUD1,,,,"SUBCELLULAR LOCATION: Cell membrane {ECO:0000250|UniProtKB:P59279}; Lipid-anchor {ECO:0000250|UniProtKB:P59279}; Cytoplasmic side {ECO:0000250|UniProtKB:P59279}. Endoplasmic reticulum membrane {ECO:0000250|UniProtKB:P59279}; Lipid-anchor {ECO:0000250|UniProtKB:P59279}; Cytoplasmic side {ECO:0000250|UniProtKB:P59279}. Golgi apparatus membrane {ECO:0000250|UniProtKB:P59279}; Lipid-anchor {ECO:0000250|UniProtKB:P59279}; Cytoplasmic side {ECO:0000250|UniProtKB:P59279}. Cytoplasmic vesicle, secretory vesicle, acrosome {ECO:0000250|UniProtKB:P59279}. Cytoplasmic vesicle, autophagosome membrane {ECO:0000250|UniProtKB:P59279}; Lipid-anchor {ECO:0000250|UniProtKB:P59279}; Cytoplasmic side {ECO:0000250|UniProtKB:P59279}. Note=Localized in the Golgi apparatus in the round spermatids and in the acrosome in the elongating spermatid. {ECO:0000250|UniProtKB:P59279}."
Q8WUH2,,,,SUBCELLULAR LOCATION: Cytoplasm {ECO:0000269|PubMed:11278302}. Early endosome {ECO:0000269|PubMed:25266290}. Note=Colocalizes with TGF-beta receptors in the absence of signaling.
Q8WWK9,,,,"SUBCELLULAR LOCATION: Cytoplasm, cytoskeleton. Cytoplasm, cytoskeleton, spindle. Cytoplasm, cytoskeleton, spindle pole. Note=Contrary to the ectopically expressed protein, endogenous CKAP2 does not colocalize with microtubules in G1, S and early G2. At late G2 and prophase after separation of duplicated centrosomes, colocalizes with gamma-tubulin and centrosome-proximal microtubules. From prometaphase through anaphase B, colocalizes with mitotic spindle poles and spindle microtubules. During cytokinesis, absent from midbody microtubules."
Q8NB15,,,,SUBCELLULAR LOCATION: Nucleus {ECO:0000305}.
Q8TF71,,"TRANSMEM 67..87; /note=""Helical; Name=1""; /evidence=""ECO:0000255""; TRANSMEM 115..135; /note=""Helical; Name=2""; /evidence=""ECO:0000255""; TRANSMEM 145..165; /note=""Helical; Name=3""; /evidence=""ECO:0000255""; TRANSMEM 172..192; /note=""Helical; Name=4""; /evidence=""ECO:0000255""; TRANSMEM 201..221; /note=""Helical; Name=5""; /evidence=""ECO:0000255""; TRANSMEM 229..249; /note=""Helical; Name=6""; /evidence=""ECO:0000255""; TRANSMEM 292..312; /note=""Helical; Name=7""; /evidence=""ECO:0000255""; TRANSMEM 330..350; /note=""Helical; Name=8""; /evidence=""ECO:0000255""; TRANSMEM 352..372; /note=""Helical; Name=9""; /evidence=""ECO:0000255""; TRANSMEM 397..417; /note=""Helical; Name=10""; /evidence=""ECO:0000255""; TRANSMEM 420..440; /note=""Helical; Name=11""; /evidence=""ECO:0000255""; TRANSMEM 452..472; /note=""Helical; Name=12""; /evidence=""ECO:0000255""","TOPO_DOM 1..66; /note=""Cytoplasmic""; /evidence=""ECO:0000305""; TOPO_DOM 88..114; /note=""Extracellular""; /evidence=""ECO:0000305""; TOPO_DOM 136..144; /note=""Cytoplasmic""; /evidence=""ECO:0000305""; TOPO_DOM 166..171; /note=""Extracellular""; /evidence=""ECO:0000305""; TOPO_DOM 193..200; /note=""Cytoplasmic""; /evidence=""ECO:0000305""; TOPO_DOM 222..228; /note=""Extracellular""; /evidence=""ECO:0000305""; TOPO_DOM 250..291; /note=""Cytoplasmic""; /evidence=""ECO:0000305""; TOPO_DOM 313..329; /note=""Extracellular""; /evidence=""ECO:0000305""; TOPO_DOM 351; /note=""Cytoplasmic""; /evidence=""ECO:0000305""; TOPO_DOM 373..396; /note=""Extracellular""; /evidence=""ECO:0000305""; TOPO_DOM 418..419; /note=""Cytoplasmic""; /evidence=""ECO:0000305""; TOPO_DOM 441..451; /note=""Extracellular""; /evidence=""ECO:0000305""; TOPO_DOM 473..515; /note=""Cytoplasmic""; /evidence=""ECO:0000305""","SUBCELLULAR LOCATION: Cell membrane {ECO:0000269|PubMed:11827462, ECO:0000269|PubMed:18337592, ECO:0000269|PubMed:28754537}; Multi-pass membrane protein {ECO:0000255}. Basolateral cell membrane {ECO:0000250|UniProtKB:Q91Y77}; Multi-pass membrane protein {ECO:0000255}."
Q92598,,,,SUBCELLULAR LOCATION: Cytoplasm {ECO:0000269|PubMed:9931472}.
Q8NHH9,,"TRANSMEM 477..497; /note=""Helical""; /evidence=""ECO:0000255""; TRANSMEM 500..520; /note=""Helical""; /evidence=""ECO:0000255""","TOPO_DOM 1..476; /note=""Cytoplasmic""; /evidence=""ECO:0000269|PubMed:18270207""; TOPO_DOM 498..499; /note=""Lumenal""; /evidence=""ECO:0000305|PubMed:18270207""; TOPO_DOM 521..583; /note=""Cytoplasmic""; /evidence=""ECO:0000269|PubMed:18270207""","SUBCELLULAR LOCATION: Endoplasmic reticulum membrane {ECO:0000269|PubMed:18270207, ECO:0000269|PubMed:22065636, ECO:0000269|PubMed:27619977}; Multi-pass membrane protein {ECO:0000269|PubMed:18270207}. Note=Localizes at endoplasmic reticulum (ER) three-way tubular junctions (PubMed:27619977). {ECO:0000269|PubMed:27619977}."
Q8WVM7,,,,"SUBCELLULAR LOCATION: Nucleus. Chromosome. Chromosome, centromere. Note=Associates with chromatin. Before prophase it is scattered along chromosome arms. During prophase, most of cohesin complexes dissociate from chromatin probably because of phosphorylation by PLK1, except at centromeres, where cohesin complexes remain. At anaphase, the RAD21 subunit of cohesin is cleaved, leading to the dissociation of the complex from chromosomes, allowing chromosome separation."
Q8WXF1,,,,"SUBCELLULAR LOCATION: Nucleus speckle {ECO:0000269|PubMed:11790299, ECO:0000269|PubMed:16148043, ECO:0000269|PubMed:28712728}. Nucleus, nucleolus {ECO:0000269|PubMed:11790299}. Nucleus matrix {ECO:0000250|UniProtKB:Q8R326}. Cytoplasm {ECO:0000250|UniProtKB:Q8R326}. Note=In punctate subnuclear structures often located adjacent to splicing speckles, called paraspeckles (PubMed:11790299, PubMed:16148043). Colocalizes with NONO and SFPQ in paraspeckles and perinucleolar caps in an RNA-dependent manner (PubMed:11790299, PubMed:16148043). May cycle between paraspeckles and nucleolus (PubMed:11790299). In telophase, when daughter nuclei form, localizes to perinucleolar caps (PubMed:11790299). {ECO:0000269|PubMed:11790299, ECO:0000269|PubMed:16148043}."
Q8N6T3,,,,SUBCELLULAR LOCATION: Cytoplasm {ECO:0000250}. Golgi apparatus {ECO:0000250}. Note=Associates with the Golgi complex. {ECO:0000250}.
Q8NEB5,,"TRANSMEM 6..26; /note=""Helical""; /evidence=""ECO:0000255""; TRANSMEM 55..75; /note=""Helical""; /evidence=""ECO:0000255""; TRANSMEM 91..111; /note=""Helical""; /evidence=""ECO:0000255""; TRANSMEM 155..175; /note=""Helical""; /evidence=""ECO:0000255""; TRANSMEM 180..200; /note=""Helical""; /evidence=""ECO:0000255""; TRANSMEM 209..228; /note=""Helical""; /evidence=""ECO:0000255""","TOPO_DOM 1..5; /note=""Cytoplasmic""; /evidence=""ECO:0000305""; TOPO_DOM 27..54; /note=""Extracellular""; /evidence=""ECO:0000250|UniProtKB:Q3UMZ3""; TOPO_DOM 76..90; /note=""Cytoplasmic""; /evidence=""ECO:0000250|UniProtKB:Q3UMZ3""; TOPO_DOM 112..154; /note=""Extracellular""; /evidence=""ECO:0000250|UniProtKB:Q3UMZ3""; TOPO_DOM 176..179; /note=""Cytoplasmic""; /evidence=""ECO:0000250|UniProtKB:Q3UMZ3""; TOPO_DOM 201..208; /note=""Extracellular""; /evidence=""ECO:0000250|UniProtKB:Q3UMZ3""; TOPO_DOM 229..264; /note=""Cytoplasmic""; /evidence=""ECO:0000250|UniProtKB:Q3UMZ3""",SUBCELLULAR LOCATION: Cell membrane {ECO:0000305|PubMed:17590538}; Multi-pass membrane protein {ECO:0000250|UniProtKB:Q3UMZ3}.
Q8TAD4,,"TRANSMEM 33..53; /note=""Helical""; /evidence=""ECO:0000255""; TRANSMEM 57..77; /note=""Helical""; /evidence=""ECO:0000255""; TRANSMEM 99..119; /note=""Helical""; /evidence=""ECO:0000255""; TRANSMEM 121..141; /note=""Helical""; /evidence=""ECO:0000255""; TRANSMEM 153..173; /note=""Helical""; /evidence=""ECO:0000255""; TRANSMEM 194..214; /note=""Helical""; /evidence=""ECO:0000255""; TRANSMEM 239..259; /note=""Helical""; /evidence=""ECO:0000255""; TRANSMEM 268..288; /note=""Helical""; /evidence=""ECO:0000255""; TRANSMEM 304..324; /note=""Helical""; /evidence=""ECO:0000255""; TRANSMEM 343..363; /note=""Helical""; /evidence=""ECO:0000255""; TRANSMEM 419..439; /note=""Helical""; /evidence=""ECO:0000255""; TRANSMEM 449..469; /note=""Helical""; /evidence=""ECO:0000255""; TRANSMEM 484..504; /note=""Helical""; /evidence=""ECO:0000255""; TRANSMEM 521..541; /note=""Helical""; /evidence=""ECO:0000255""; TRANSMEM 593..613; /note=""Helical""; /evidence=""ECO:0000255""; TRANSMEM 618..638; /note=""Helical""; /evidence=""ECO:0000255""","TOPO_DOM 1..32; /note=""Cytoplasmic""; /evidence=""ECO:0000305""; TOPO_DOM 54..56; /note=""Lumenal""; /evidence=""ECO:0000305""; TOPO_DOM 78..98; /note=""Cytoplasmic""; /evidence=""ECO:0000305""; TOPO_DOM 120; /note=""Lumenal""; /evidence=""ECO:0000305""; TOPO_DOM 142..152; /note=""Cytoplasmic""; /evidence=""ECO:0000305""; TOPO_DOM 174..193; /note=""Lumenal""; /evidence=""ECO:0000305""; TOPO_DOM 215..238; /note=""Cytoplasmic""; /evidence=""ECO:0000305""; TOPO_DOM 260..267; /note=""Lumenal""; /evidence=""ECO:0000305""; TOPO_DOM 289..303; /note=""Cytoplasmic""; /evidence=""ECO:0000305""; TOPO_DOM 325..342; /note=""Lumenal""; /evidence=""ECO:0000305""; TOPO_DOM 364..418; /note=""Cytoplasmic""; /evidence=""ECO:0000305""; TOPO_DOM 440..448; /note=""Lumenal""; /evidence=""ECO:0000305""; TOPO_DOM 470..483; /note=""Cytoplasmic""; /evidence=""ECO:0000305""; TOPO_DOM 505..520; /note=""Lumenal""; /evidence=""ECO:0000305""; TOPO_DOM 542..592; /note=""Cytoplasmic""; /evidence=""ECO:0000305""; TOPO_DOM 614..617; /note=""Lumenal""; /evidence=""ECO:0000305""; TOPO_DOM 639..765; /note=""Cytoplasmic""; /evidence=""ECO:0000305""","SUBCELLULAR LOCATION: Golgi apparatus, Golgi stack membrane {ECO:0000269|PubMed:11904301, ECO:0000269|PubMed:12095919, ECO:0000269|PubMed:15525635, ECO:0000269|PubMed:21887337, ECO:0000269|PubMed:22529353}; Multi-pass membrane protein {ECO:0000255}. Cytoplasmic vesicle, COPII-coated vesicle membrane {ECO:0000269|PubMed:15525635}; Multi-pass membrane protein {ECO:0000255}. Cytoplasmic vesicle, secretory vesicle membrane {ECO:0000269|PubMed:11904301}; Multi-pass membrane protein {ECO:0000255}. Golgi apparatus, trans-Golgi network membrane {ECO:0000269|PubMed:19366695}; Multi-pass membrane protein {ECO:0000255}. Lateral cell membrane {ECO:0000250|UniProtKB:Q8R4H9}; Multi-pass membrane protein {ECO:0000255}. Cytoplasm {ECO:0000250|UniProtKB:Q8R4H9}. Note=Enriched in early compartments of the secretory pathway including COPII-coated vesicles and the Golgi cis cisterna. {ECO:0000269|PubMed:11904301, ECO:0000269|PubMed:15525635}.; SUBCELLULAR LOCATION: [Isoform 2]: Endoplasmic reticulum membrane {ECO:0000269|PubMed:21887337}; Multi-pass membrane protein {ECO:0000255}. Cell membrane {ECO:0000269|PubMed:11937503, ECO:0000269|PubMed:17355957}; Multi-pass membrane protein {ECO:0000255}. Apical cell membrane {ECO:0000269|PubMed:11937503}; Multi-pass membrane protein {ECO:0000255}."
Q8TB61,,"TRANSMEM 5..25; /note=""Helical""; /evidence=""ECO:0000255""; TRANSMEM 40..60; /note=""Helical""; /evidence=""ECO:0000255""; TRANSMEM 109..129; /note=""Helical""; /evidence=""ECO:0000255""; TRANSMEM 154..174; /note=""Helical""; /evidence=""ECO:0000255""; TRANSMEM 238..258; /note=""Helical""; /evidence=""ECO:0000255""; TRANSMEM 265..285; /note=""Helical""; /evidence=""ECO:0000255""; TRANSMEM 299..319; /note=""Helical""; /evidence=""ECO:0000255""; TRANSMEM 353..373; /note=""Helical""; /evidence=""ECO:0000255""; TRANSMEM 387..407; /note=""Helical""; /evidence=""ECO:0000255""",,"SUBCELLULAR LOCATION: Golgi apparatus membrane {ECO:0000269|PubMed:12716889, ECO:0000269|PubMed:35325049}; Multi-pass membrane protein {ECO:0000255}."
Q8TEP8,,,,"SUBCELLULAR LOCATION: Cytoplasm, cytoskeleton, microtubule organizing center, centrosome, centriole {ECO:0000269|PubMed:14654843, ECO:0000269|PubMed:17980596, ECO:0000269|PubMed:18207742, ECO:0000269|PubMed:32060285}. Cytoplasm, cytoskeleton, microtubule organizing center, centrosome {ECO:0000269|PubMed:35849559}. Note=Pericentriolar location in mitotic centrosomes."
Q8WXX7,,,,"SUBCELLULAR LOCATION: Nucleus {ECO:0000269|PubMed:25519132}. Cytoplasm, cytoskeleton {ECO:0000250|UniProtKB:A0A087WPF7}. Cell projection, growth cone {ECO:0000250|UniProtKB:A0A087WPF7}. Note=Detected both in cytoplasm and nucleus. Colocalizes with RAC1 at actin-rich growth cones. Detected on the promoter region of actively transcribed genes. {ECO:0000250|UniProtKB:A0A087WPF7}."
Q8NBW4,,"TRANSMEM 120..140; /note=""Helical; Name=1""; /evidence=""ECO:0000250|UniProtKB:Q08BA4""; TRANSMEM 147..167; /note=""Helical; Name=2""; /evidence=""ECO:0000250|UniProtKB:Q08BA4""; TRANSMEM 199..225; /note=""Helical; Name=3""; /evidence=""ECO:0000250|UniProtKB:Q08BA4""; TRANSMEM 284..300; /note=""Helical; Name=4""; /evidence=""ECO:0000250|UniProtKB:Q08BA4""; TRANSMEM 310..334; /note=""Helical; Name=5""; /evidence=""ECO:0000250|UniProtKB:Q08BA4""; TRANSMEM 357..377; /note=""Helical; Name=6""; /evidence=""ECO:0000250|UniProtKB:Q08BA4""; TRANSMEM 395..415; /note=""Helical; Name=7""; /evidence=""ECO:0000250|UniProtKB:Q08BA4""; TRANSMEM 438..458; /note=""Helical; Name=8""; /evidence=""ECO:0000250|UniProtKB:Q08BA4""; TRANSMEM 480..500; /note=""Helical; Name=9""; /evidence=""ECO:0000250|UniProtKB:Q08BA4""; TRANSMEM 508..528; /note=""Helical; Name=10""; /evidence=""ECO:0000250|UniProtKB:Q08BA4""; TRANSMEM 541..561; /note=""Helical; Name=11""; /evidence=""ECO:0000250|UniProtKB:Q08BA4""","TOPO_DOM 1..119; /note=""Cytoplasmic""; /evidence=""ECO:0000305|PubMed:25561175""; TOPO_DOM 141..146; /note=""Lumenal""; /evidence=""ECO:0000305""; TOPO_DOM 168..198; /note=""Cytoplasmic""; /evidence=""ECO:0000305""; TOPO_DOM 226..283; /note=""Lumenal""; /evidence=""ECO:0000305""; TOPO_DOM 301..309; /note=""Cytoplasmic""; /evidence=""ECO:0000305""; TOPO_DOM 335..356; /note=""Lumenal""; /evidence=""ECO:0000305""; TOPO_DOM 378..394; /note=""Cytoplasmic""; /evidence=""ECO:0000305""; TOPO_DOM 416..437; /note=""Lumenal""; /evidence=""ECO:0000305""; TOPO_DOM 459..479; /note=""Cytoplasmic""; /evidence=""ECO:0000305""; TOPO_DOM 501..507; /note=""Lumenal""; /evidence=""ECO:0000305""; TOPO_DOM 529..540; /note=""Cytoplasmic""; /evidence=""ECO:0000305""","SUBCELLULAR LOCATION: Lysosome membrane {ECO:0000269|PubMed:25561175, ECO:0000269|PubMed:25567906, ECO:0000269|PubMed:29053970, ECO:0000269|PubMed:30956113}; Multi-pass membrane protein {ECO:0000250|UniProtKB:Q08BA4}. Late endosome membrane {ECO:0000269|PubMed:25561175}; Multi-pass membrane protein {ECO:0000250|UniProtKB:Q08BA4}."
Q8NHQ1,,,,"SUBCELLULAR LOCATION: Cytoplasm, cytoskeleton, microtubule organizing center, centrosome {ECO:0000269|PubMed:14654843, ECO:0000269|PubMed:21795687}. Note=Localized at the center of the radial microtubule array in interphase and at the spindle poles during various stages of mitosis."
Q8TBM8,,"TRANSMEM 245..265; /note=""Helical""; /evidence=""ECO:0000255""","TOPO_DOM 1..244; /note=""Cytoplasmic""; /evidence=""ECO:0000255""; TOPO_DOM 266..379; /note=""Lumenal""; /evidence=""ECO:0000255""","SUBCELLULAR LOCATION: Endoplasmic reticulum membrane {ECO:0000269|PubMed:23018488, ECO:0000269|PubMed:24732912, ECO:0000269|PubMed:27916661}; Single-pass membrane protein {ECO:0000255}. Nucleus membrane {ECO:0000269|PubMed:24732912}; Single-pass membrane protein {ECO:0000255}. Note=Localizes to the endoplasmic reticulum membrane (PubMed:23018488, PubMed:24732912, PubMed:27916661). When overexpressed, forms membranous structures in the nucleus (PubMed:24732912). {ECO:0000269|PubMed:23018488, ECO:0000269|PubMed:24732912, ECO:0000269|PubMed:27916661}.; SUBCELLULAR LOCATION: Note=(Microbial infection) Upon SV40 infection, colocalizes with BCAP31, DNAJB12 and DNAJC18 in punctate structures within the endoplasmic reticulum membrane. {ECO:0000269|PubMed:25631089}."
Q8N766,"SIGNAL 1..22; /evidence=""ECO:0000269|PubMed:32439656""","TRANSMEM 963..983; /note=""Helical""; /evidence=""ECO:0000269|PubMed:32439656""","TOPO_DOM 23..962; /note=""Lumenal""; /evidence=""ECO:0000269|PubMed:32439656""; TOPO_DOM 984..993; /note=""Cytoplasmic""; /evidence=""ECO:0000269|PubMed:32439656""","SUBCELLULAR LOCATION: Endoplasmic reticulum membrane {ECO:0000269|PubMed:22119785}; Single-pass type I membrane protein {ECO:0000269|PubMed:32439656, ECO:0000269|PubMed:32459176}."
Q8TEX9,,,,"SUBCELLULAR LOCATION: Cytoplasm {ECO:0000269|PubMed:16207705, ECO:0000269|PubMed:17682055, ECO:0000269|PubMed:30177573}. Nucleus {ECO:0000269|PubMed:16207705, ECO:0000269|PubMed:17682055, ECO:0000269|PubMed:30177573}."
Q8WUB8,,,,SUBCELLULAR LOCATION: Nucleus {ECO:0000250}.
Q8WUM4,,,,"SUBCELLULAR LOCATION: Cytoplasm, cytosol {ECO:0000250|UniProtKB:Q9QZA2}. Melanosome {ECO:0000269|PubMed:17081065}. Cytoplasm, cytoskeleton, microtubule organizing center, centrosome {ECO:0000269|PubMed:17556548, ECO:0000269|PubMed:17853893}. Secreted, extracellular exosome {ECO:0000269|PubMed:22660413}. Cell junction, tight junction {ECO:0000250|UniProtKB:Q9WU78}. Midbody, Midbody ring {ECO:0000269|PubMed:17853893, ECO:0000269|PubMed:18641129}. Note=Identified by mass spectrometry in melanosome fractions from stage I to stage IV. Colocalized with CEP55 at centrosomes of non-dividing cells. Component of the actomyosin-tight junction complex (By similarity). PDCD6IP targeting to the midbody requires the interaction with CEP55 (PubMed:18641129). {ECO:0000250|UniProtKB:Q9QZA2, ECO:0000250|UniProtKB:Q9WU78, ECO:0000269|PubMed:17081065, ECO:0000269|PubMed:17556548, ECO:0000269|PubMed:17853893, ECO:0000269|PubMed:18641129}."
Q8WWM7,,,,"SUBCELLULAR LOCATION: Membrane {ECO:0000269|PubMed:11784712}; Peripheral membrane protein {ECO:0000269|PubMed:11784712}. Cytoplasm {ECO:0000269|PubMed:23209657}. Nucleus speckle {ECO:0000269|PubMed:23209657}. Cytoplasmic granule {ECO:0000269|PubMed:23209657}. Note=Predominantly cytoplasmic but is also detected in nuclear speckles (PubMed:23209657). Component of cytoplasmic stress granules (PubMed:23209657). Inhibition of methylation alters nuclear localization (PubMed:25748791). Methylation does not seem to be required for localization to stress granules under stress conditions (PubMed:25748791). {ECO:0000269|PubMed:23209657, ECO:0000269|PubMed:25748791}."
Q8WYA6,,,,SUBCELLULAR LOCATION: [Isoform 1]: Nucleus.; SUBCELLULAR LOCATION: [Isoform 2]: Cytoplasm {ECO:0000305}.
Q8NHE4,,"TRANSMEM 8..28; /note=""Helical""; /evidence=""ECO:0000255""; TRANSMEM 36..56; /note=""Helical""; /evidence=""ECO:0000255""","TOPO_DOM 1..7; /note=""Lumenal""; /evidence=""ECO:0000305""; TOPO_DOM 29..35; /note=""Cytoplasmic""; /evidence=""ECO:0000305""; TOPO_DOM 57..81; /note=""Lumenal""; /evidence=""ECO:0000305""","SUBCELLULAR LOCATION: Membrane {ECO:0000255}; Multi-pass membrane protein {ECO:0000255}. Cytoplasmic vesicle, clathrin-coated vesicle membrane {ECO:0000250|UniProtKB:Q5EB76}; Multi-pass membrane protein {ECO:0000255}. Cytoplasmic vesicle, secretory vesicle, synaptic vesicle membrane {ECO:0000250|UniProtKB:Q5EB76}; Multi-pass membrane protein {ECO:0000255}."
Q8NF91,,"TRANSMEM 8747..8767; /note=""Helical; Anchor for type IV membrane protein""; /evidence=""ECO:0000255|PROSITE-ProRule:PRU00385""","TOPO_DOM 1..8746; /note=""Cytoplasmic""; /evidence=""ECO:0000255|PROSITE-ProRule:PRU00385""; TOPO_DOM 8768..8797; /note=""Perinuclear space""; /evidence=""ECO:0000255|PROSITE-ProRule:PRU00385""","SUBCELLULAR LOCATION: Nucleus outer membrane {ECO:0000305}; Single-pass type IV membrane protein {ECO:0000305}; Cytoplasmic side {ECO:0000305}. Nucleus. Nucleus envelope. Cytoplasm, cytoskeleton. Cytoplasm, myofibril, sarcomere. Note=The largest part of the protein is cytoplasmic, while its C-terminal part is associated with the nuclear envelope, most probably the outer nuclear membrane. In skeletal and smooth muscles, a significant amount is found in the sarcomeres. In myoblasts, relocalized from the nuclear envelope to the nucleus and cytoplasm during cell differentiation.; SUBCELLULAR LOCATION: [Isoform GSRP-56]: Golgi apparatus {ECO:0000269|PubMed:16875688}."
Q8WX93,,,,"SUBCELLULAR LOCATION: Cytoplasm, cytoskeleton {ECO:0000269|PubMed:11598191, ECO:0000269|PubMed:17322171, ECO:0000269|PubMed:17537434}. Cell junction, focal adhesion {ECO:0000269|PubMed:17322171}. Cytoplasm, myofibril, sarcomere, Z line {ECO:0000269|PubMed:16125169}. Cell projection, ruffle {ECO:0000269|PubMed:17537434}. Cell projection, podosome {ECO:0000250|UniProtKB:P0C5E3}. Cell projection, lamellipodium {ECO:0000269|PubMed:17537434}. Cell projection, axon {ECO:0000250|UniProtKB:P0C5E3}. Cell projection, growth cone {ECO:0000250|UniProtKB:P0C5E3}. Note=Localizes to stress fibers and Z lines (PubMed:11598191, PubMed:16125169, PubMed:17322171, PubMed:17537434). Preferentially expressed in the excitatory presynaptic terminals (By similarity). {ECO:0000250|UniProtKB:P0C5E3, ECO:0000269|PubMed:11598191, ECO:0000269|PubMed:16125169, ECO:0000269|PubMed:17322171, ECO:0000269|PubMed:17537434}."
Q92569,,,,
Q92599,,,,"SUBCELLULAR LOCATION: Cytoplasm {ECO:0000250|UniProtKB:B0BNF1}. Cytoplasm, cytoskeleton {ECO:0000250}. Synapse {ECO:0000250|UniProtKB:B0BNF1}. Cell projection, axon {ECO:0000250|UniProtKB:B0BNF1}. Cytoplasmic vesicle, secretory vesicle, synaptic vesicle membrane {ECO:0000250|UniProtKB:B0BNF1}. Presynapse {ECO:0000250|UniProtKB:B0BNF1}. Note=Expressed in axons of immature neurons, localizes to synapses in mature neurons (By similarity). In platelets, found in areas surrounding alpha-granules (PubMed:15116257). {ECO:0000250|UniProtKB:B0BNF1, ECO:0000269|PubMed:15116257}."
Q8WXH0,,"TRANSMEM 6835..6855; /note=""Helical; Anchor for type IV membrane protein""; /evidence=""ECO:0000255|PROSITE-ProRule:PRU00385""","TOPO_DOM 1..6834; /note=""Cytoplasmic""; /evidence=""ECO:0000255|PROSITE-ProRule:PRU00385""; TOPO_DOM 6856..6885; /note=""Perinuclear space""; /evidence=""ECO:0000255|PROSITE-ProRule:PRU00385""","SUBCELLULAR LOCATION: Nucleus outer membrane {ECO:0000305}; Single-pass type IV membrane protein {ECO:0000305}; Cytoplasmic side {ECO:0000305}. Sarcoplasmic reticulum membrane {ECO:0000305|PubMed:15671068}; Single-pass type IV membrane protein {ECO:0000305}. Cell membrane {ECO:0000305}; Single-pass membrane protein {ECO:0000305}. Cytoplasm, cytoskeleton. Mitochondrion. Nucleus, nucleoplasm. Cytoplasm, myofibril, sarcomere, Z line {ECO:0000305|PubMed:15671068}. Note=Different isoform patterns are found in the different compartments of the cell. The isoforms having the C-terminal transmembrane span can be found in several organellar membranes like the nuclear envelope, the sarcoplasmic reticulum of myoblasts, or the lamellipodia and focal adhesions at the cell membrane. The largest part of the outer nuclear membrane-associated protein is cytoplasmic, while its C-terminal part is associated with the nuclear envelope, most probably the outer nuclear membrane. Remains associated with the nuclear envelope during its breakdown in mitotic cells. Shorter soluble isoforms can be found in the cytoplasm and within the nucleus.; SUBCELLULAR LOCATION: [Isoform 8]: Cell junction, focal adhesion {ECO:0000269|PubMed:22768332}. Note=In U2OS cells. {ECO:0000269|PubMed:22768332}."
Q8N8R7,,,,SUBCELLULAR LOCATION: Cytoplasm {ECO:0000269|PubMed:21458045}.
Q8WV83,,"TRANSMEM 69..89; /note=""Helical""; /evidence=""ECO:0000255""; TRANSMEM 101..121; /note=""Helical""; /evidence=""ECO:0000255""; TRANSMEM 243..263; /note=""Helical""; /evidence=""ECO:0000255""; TRANSMEM 268..288; /note=""Helical""; /evidence=""ECO:0000255""; TRANSMEM 296..316; /note=""Helical""; /evidence=""ECO:0000255""; TRANSMEM 327..347; /note=""Helical""; /evidence=""ECO:0000255""; TRANSMEM 361..381; /note=""Helical""; /evidence=""ECO:0000255""; TRANSMEM 395..415; /note=""Helical""; /evidence=""ECO:0000255""; TRANSMEM 420..440; /note=""Helical""; /evidence=""ECO:0000255""; TRANSMEM 452..472; /note=""Helical""; /evidence=""ECO:0000255""",,SUBCELLULAR LOCATION: Membrane {ECO:0000305}; Multi-pass membrane protein {ECO:0000305}.
Q8NC96,,,,"SUBCELLULAR LOCATION: Cytoplasmic vesicle, clathrin-coated vesicle membrane {ECO:0000250}. Cell membrane {ECO:0000250}. Note=Colocalizes with AP-2 at the plasma membrane. {ECO:0000250}."
Q8NB46,,,,
Q8WUY9,,,,
Q8N8J7,,"TRANSMEM 100..120; /note=""Helical""; /evidence=""ECO:0000255""",,SUBCELLULAR LOCATION: Membrane {ECO:0000305}; Single-pass membrane protein {ECO:0000255}.
Q8N8L6,,,,
Q8TCA0,,,,
Q92888,,,,SUBCELLULAR LOCATION: Cytoplasm {ECO:0000269|PubMed:10747909}. Membrane {ECO:0000269|PubMed:10747909}. Note=Translocated to the membrane by activated GNA13 or LPA stimulation.
Q92900,,,,"SUBCELLULAR LOCATION: Cytoplasm {ECO:0000269|PubMed:11163187, ECO:0000269|PubMed:9064659}. Cytoplasm, P-body. Nucleus {ECO:0000269|PubMed:11163187, ECO:0000269|PubMed:18362360}. Cytoplasm, perinuclear region {ECO:0000250|UniProtKB:Q9EPU0}. Note=Hyperphosphorylated form is targeted to the P-body, while unphosphorylated protein is distributed throughout the cytoplasm. Localized in the chromatoid bodies of round spermatids (By similarity). {ECO:0000250|UniProtKB:Q9EPU0}."
Q969E2,,"TRANSMEM 40..60; /note=""Helical""; /evidence=""ECO:0000255""; TRANSMEM 61..81; /note=""Helical""; /evidence=""ECO:0000255""; TRANSMEM 105..125; /note=""Helical""; /evidence=""ECO:0000255""; TRANSMEM 149..169; /note=""Helical""; /evidence=""ECO:0000255""","TOPO_DOM 1..39; /note=""Cytoplasmic""; /evidence=""ECO:0000255""; TOPO_DOM 170..229; /note=""Cytoplasmic""; /evidence=""ECO:0000255""",SUBCELLULAR LOCATION: Membrane; Multi-pass membrane protein.
Q969U7,,,,SUBCELLULAR LOCATION: Nucleus {ECO:0000250|UniProtKB:Q9EST4}.
Q96A49,,,,"SUBCELLULAR LOCATION: Cytoplasm, perinuclear region {ECO:0000250|UniProtKB:Q9D5V6}. Golgi apparatus {ECO:0000250|UniProtKB:Q9D5V6}. Perikaryon {ECO:0000250|UniProtKB:Q9D5V6}. Cell projection, axon {ECO:0000250|UniProtKB:Q9D5V6}. Cell projection, dendrite {ECO:0000250|UniProtKB:Q9D5V6}. Cell projection, growth cone {ECO:0000250|UniProtKB:Q9D5V6}. Presynaptic cell membrane {ECO:0000250|UniProtKB:Q9D5V6}. Postsynaptic cell membrane {ECO:0000250|UniProtKB:Q9D5V6}. Membrane {ECO:0000269|PubMed:23300339}. Note=Localizes to cholinergic neuromuscular junctions and in actin-rich growth cone regions (By similarity). Membrane-associated in a epidermal growth factor (EGF)-dependent manner (PubMed:23300339). {ECO:0000250|UniProtKB:Q9D5V6, ECO:0000269|PubMed:23300339}."
Q96AJ9,,"TRANSMEM 193..213; /note=""Helical""; /evidence=""ECO:0000255""","TOPO_DOM 1..192; /note=""Cytoplasmic""; /evidence=""ECO:0000255""; TOPO_DOM 214..217; /note=""Extracellular""; /evidence=""ECO:0000255""",SUBCELLULAR LOCATION: Cytoplasmic vesicle {ECO:0000269|PubMed:19138172}. Golgi apparatus membrane {ECO:0000250}; Single-pass type IV membrane protein {ECO:0000250}.
Q96B36,,,,"SUBCELLULAR LOCATION: Cytoplasm, cytosol {ECO:0000250|UniProtKB:Q9D1F4}. Note=Found in the cytosolic fraction of the brain. {ECO:0000250|UniProtKB:Q9D1F4}."
Q96DE5,,,,"SUBCELLULAR LOCATION: Cytoplasm {ECO:0000269|PubMed:20360068}. Nucleus {ECO:0000269|PubMed:20360068}. Chromosome, centromere, kinetochore {ECO:0000269|PubMed:20813266}."
Q96F86,,,,"SUBCELLULAR LOCATION: Cytoplasm, P-body {ECO:0000269|PubMed:16364915}. Note=Processing bodies (PB)."
Q96FJ2,,,,"SUBCELLULAR LOCATION: Cytoplasm, cytoskeleton {ECO:0000269|PubMed:20921139}."
Q96GA3,,,,SUBCELLULAR LOCATION: Cytoplasm {ECO:0000269|PubMed:34999892}. Note=The protein is expressed in a diffuse cytoplasmic pattern with granular perinuclear accentuation within the basal keratinocytes. {ECO:0000269|PubMed:34999892}.
Q96GD4,,,,"SUBCELLULAR LOCATION: Nucleus {ECO:0000269|PubMed:20959462}. Chromosome {ECO:0000269|PubMed:20929775}. Chromosome, centromere {ECO:0000269|PubMed:11756469, ECO:0000269|PubMed:12925766, ECO:0000269|PubMed:20929775}. Chromosome, centromere, kinetochore {ECO:0000269|PubMed:26829474}. Cytoplasm, cytoskeleton, spindle {ECO:0000269|PubMed:11516652, ECO:0000269|PubMed:12458200, ECO:0000269|PubMed:12925766, ECO:0000269|PubMed:20605920}. Midbody {ECO:0000269|PubMed:16179162, ECO:0000269|PubMed:17726514, ECO:0000269|PubMed:23036704}. Note=Localizes on chromosome arms and inner centromeres from prophase through metaphase and then transferring to the spindle midzone and midbody from anaphase through cytokinesis (PubMed:20929775). Colocalized with gamma tubulin in the midbody (PubMed:17726514). Proper localization of the active, Thr-232-phosphorylated form during metaphase may be dependent upon interaction with SPDYC (PubMed:20605920). Colocalized with SIRT2 during cytokinesis with the midbody (PubMed:17726514). Localization (and probably targeting of the CPC) to the inner centromere occurs predominantly in regions with overlapping mitosis-specific histone phosphorylations H3pT3 and H2ApT12 (PubMed:20929775). {ECO:0000269|PubMed:17726514, ECO:0000269|PubMed:20605920, ECO:0000269|PubMed:20929775}."
Q92696,,,,
Q92973,,,,SUBCELLULAR LOCATION: Cytoplasm. Nucleus.
Q92979,,,,"SUBCELLULAR LOCATION: Nucleus, nucleolus {ECO:0000269|PubMed:11935223, ECO:0000269|PubMed:34516797}."
Q969W0,,"TRANSMEM 13..29; /note=""Helical""; /evidence=""ECO:0000255""; TRANSMEM 35..57; /note=""Helical""; /evidence=""ECO:0000255""","TOPO_DOM 1..12; /note=""Cytoplasmic""; /evidence=""ECO:0000255""; TOPO_DOM 30..34; /note=""Lumenal""; /evidence=""ECO:0000255""; TOPO_DOM 58..71; /note=""Cytoplasmic""; /evidence=""ECO:0000255""",SUBCELLULAR LOCATION: Endoplasmic reticulum membrane {ECO:0000269|PubMed:23510452}; Multi-pass membrane protein {ECO:0000255}.
Q96AD5,,"TRANSMEM 9..29; /note=""Helical""; /evidence=""ECO:0000255""; TRANSMEM 43..63; /note=""Helical""; /evidence=""ECO:0000255""; TRANSMEM 138..158; /note=""Helical""; /evidence=""ECO:0000255""; TRANSMEM 330..350; /note=""Helical""; /evidence=""ECO:0000255""","TOPO_DOM 1..8; /note=""Cytoplasmic""; /evidence=""ECO:0000305|PubMed:17032652""; TOPO_DOM 30..42; /note=""Extracellular""; /evidence=""ECO:0000305|PubMed:17032652""; TOPO_DOM 64..137; /note=""Cytoplasmic""; /evidence=""ECO:0000305|PubMed:17032652""; TOPO_DOM 159..329; /note=""Extracellular""; /evidence=""ECO:0000305|PubMed:17032652""; TOPO_DOM 351..504; /note=""Cytoplasmic""; /evidence=""ECO:0000305|PubMed:17032652""","SUBCELLULAR LOCATION: Lipid droplet {ECO:0000269|PubMed:16239926, ECO:0000269|PubMed:28578400, ECO:0000269|PubMed:34903883}. Cell membrane {ECO:0000269|PubMed:17032652}; Multi-pass membrane protein {ECO:0000255}. Cytoplasm {ECO:0000250|UniProtKB:Q8BJ56}."
Q96BM9,,,,"SUBCELLULAR LOCATION: Late endosome membrane {ECO:0000250|UniProtKB:Q9NVJ2}. Lysosome membrane {ECO:0000250|UniProtKB:Q9CQW2}. Cytoplasm, cytoskeleton, spindle {ECO:0000250|UniProtKB:Q9NVJ2}. Cell projection, axon {ECO:0000250|UniProtKB:Q9CQW2}. Synapse {ECO:0000250|UniProtKB:Q9CQW2}. Note=Localizes with microtubules at the spindle mid-zone during mitosis. {ECO:0000250|UniProtKB:Q9NVJ2}."
Q96D31,,"TRANSMEM 88..105; /note=""Helical""; /evidence=""ECO:0000255""; TRANSMEM 120..140; /note=""Helical""; /evidence=""ECO:0000255""; TRANSMEM 174..194; /note=""Helical""; /evidence=""ECO:0000255""; TRANSMEM 235..255; /note=""Helical""; /evidence=""ECO:0000255""","TOPO_DOM 1..87; /note=""Cytoplasmic""; /evidence=""ECO:0000269|PubMed:16921383, ECO:0000269|PubMed:19249086""; TOPO_DOM 106..119; /note=""Extracellular""; /evidence=""ECO:0000255""; TOPO_DOM 141..173; /note=""Cytoplasmic""; /evidence=""ECO:0000255""; TOPO_DOM 195..234; /note=""Extracellular""; /evidence=""ECO:0000255, ECO:0000305|PubMed:16921383""; TOPO_DOM 256..301; /note=""Cytoplasmic""; /evidence=""ECO:0000269|PubMed:16921383, ECO:0000269|PubMed:19249086""","SUBCELLULAR LOCATION: Cell membrane {ECO:0000269|PubMed:16582901, ECO:0000269|PubMed:16645049, ECO:0000269|PubMed:16921383, ECO:0000269|PubMed:19249086, ECO:0000269|PubMed:19706554, ECO:0000269|PubMed:20887894, ECO:0000269|PubMed:23307288, ECO:0000269|PubMed:24351972, ECO:0000269|PubMed:26956484, ECO:0000269|PubMed:27185316, ECO:0000269|PubMed:28058752, ECO:0000269|PubMed:28219928}; Multi-pass membrane protein {ECO:0000269|PubMed:16582901, ECO:0000269|PubMed:16645049, ECO:0000269|PubMed:16921383, ECO:0000269|PubMed:19249086, ECO:0000269|PubMed:22641696, ECO:0000269|PubMed:24351972}. Basolateral cell membrane {ECO:0000250|UniProtKB:Q8BWG9}; Multi-pass membrane protein {ECO:0000269|PubMed:19249086}. Note=Upon store depletion, colocalizes with STIM1 in membrane punctae at ER-PM junctions (PubMed:19182790, PubMed:19249086, PubMed:26221052, PubMed:27185316). {ECO:0000269|PubMed:19182790, ECO:0000269|PubMed:23307288, ECO:0000269|PubMed:26221052, ECO:0000269|PubMed:27185316}.; SUBCELLULAR LOCATION: [Isoform alpha]: Cell membrane {ECO:0000269|PubMed:22641696}.; SUBCELLULAR LOCATION: [Isoform beta]: Cell membrane {ECO:0000269|PubMed:22641696}."
Q96EU6,,,,"SUBCELLULAR LOCATION: Nucleus, nucleolus {ECO:0000269|PubMed:20038530}. Note=Concentrated in the fibrillar region of the nucleolus."
Q96EY1,,,,"SUBCELLULAR LOCATION: Mitochondrion matrix. Cytoplasm, cytosol {ECO:0000250}. Postsynaptic cell membrane {ECO:0000250}; Peripheral membrane protein {ECO:0000250}. Note=Recruited to the postsynaptic cell membrane of the neuromuscular junction through interaction with MUSK. {ECO:0000250}."
Q96EY4,,,,SUBCELLULAR LOCATION: Nucleus {ECO:0000305|PubMed:32669547}.
Q96FZ7,,,,SUBCELLULAR LOCATION: Endomembrane system. Endosome membrane; Lipid-anchor. Late endosome membrane {ECO:0000305}. Membrane {ECO:0000305}; Lipid-anchor {ECO:0000305}. Note=Localizes to endosomal membranes.
Q96G79,,"TRANSMEM 19..39; /note=""Helical""; /evidence=""ECO:0000255""; TRANSMEM 53..73; /note=""Helical""; /evidence=""ECO:0000255""; TRANSMEM 86..106; /note=""Helical""; /evidence=""ECO:0000255""; TRANSMEM 143..163; /note=""Helical""; /evidence=""ECO:0000255""; TRANSMEM 181..201; /note=""Helical""; /evidence=""ECO:0000255""; TRANSMEM 215..235; /note=""Helical""; /evidence=""ECO:0000255""; TRANSMEM 251..271; /note=""Helical""; /evidence=""ECO:0000255""; TRANSMEM 276..298; /note=""Helical""; /evidence=""ECO:0000255""","TOPO_DOM 1..18; /note=""Cytoplasmic""; /evidence=""ECO:0000305|PubMed:28167211""; TOPO_DOM 40..52; /note=""Lumenal""; /evidence=""ECO:0000305|PubMed:28167211""; TOPO_DOM 74..85; /note=""Cytoplasmic""; /evidence=""ECO:0000305|PubMed:28167211""; TOPO_DOM 107..142; /note=""Lumenal""; /evidence=""ECO:0000305|PubMed:28167211""; TOPO_DOM 164..180; /note=""Cytoplasmic""; /evidence=""ECO:0000305|PubMed:28167211""; TOPO_DOM 202..214; /note=""Lumenal""; /evidence=""ECO:0000305|PubMed:28167211""; TOPO_DOM 236..250; /note=""Cytoplasmic""; /evidence=""ECO:0000305|PubMed:28167211""; TOPO_DOM 272..275; /note=""Lumenal""; /evidence=""ECO:0000305|PubMed:28167211""; TOPO_DOM 299..324; /note=""Cytoplasmic""; /evidence=""ECO:0000305|PubMed:28167211""","SUBCELLULAR LOCATION: Golgi apparatus membrane {ECO:0000269|PubMed:28167211, ECO:0000269|PubMed:38580077}; Multi-pass membrane protein {ECO:0000255}."
Q96GE4,,,,"SUBCELLULAR LOCATION: Cytoplasm, cytoskeleton, microtubule organizing center, centrosome {ECO:0000269|PubMed:14654843, ECO:0000269|PubMed:21399614}. Cytoplasm, cytoskeleton, spindle pole {ECO:0000269|PubMed:21399614}."
Q96GM5,,,,"SUBCELLULAR LOCATION: Nucleus {ECO:0000269|PubMed:8804307, ECO:0000305}."
Q96HR8,,,,SUBCELLULAR LOCATION: Cytoplasm {ECO:0000269|PubMed:27510903}. Nucleus {ECO:0000269|PubMed:27510903}. Note=Shuttles between the cytoplasm and the nucleus. Absent from the nucleolus (By similarity). {ECO:0000250|UniProtKB:P53919}.
Q96HR9,,"TRANSMEM 44..64; /note=""Helical""; /evidence=""ECO:0000255""; TRANSMEM 89..109; /note=""Helical""; /evidence=""ECO:0000255""",,"SUBCELLULAR LOCATION: Endoplasmic reticulum membrane {ECO:0000269|PubMed:24098485, ECO:0000269|PubMed:27889058}; Multi-pass membrane protein {ECO:0000255}. Cytoplasmic vesicle, clathrin-coated vesicle membrane {ECO:0000250|UniProtKB:Q9JM62}; Multi-pass membrane protein {ECO:0000255}."
Q92769,,,,"SUBCELLULAR LOCATION: Nucleus {ECO:0000269|PubMed:20523938, ECO:0000269|PubMed:24970816, ECO:0000269|PubMed:28977666, ECO:0000269|PubMed:33283408}. Cytoplasm {ECO:0000269|PubMed:24970816}."
Q92903,,"TRANSMEM 96..116; /note=""Helical""; /evidence=""ECO:0000255""; TRANSMEM 149..169; /note=""Helical""; /evidence=""ECO:0000255""; TRANSMEM 183..203; /note=""Helical""; /evidence=""ECO:0000255""; TRANSMEM 230..250; /note=""Helical""; /evidence=""ECO:0000255""; TRANSMEM 279..299; /note=""Helical""; /evidence=""ECO:0000255""; TRANSMEM 357..377; /note=""Helical""; /evidence=""ECO:0000255""",,"SUBCELLULAR LOCATION: Endoplasmic reticulum membrane {ECO:0000269|PubMed:25375833, ECO:0000269|PubMed:26946540, ECO:0000269|PubMed:31548309}; Multi-pass membrane protein {ECO:0000255}."
Q92922,,,,SUBCELLULAR LOCATION: Nucleus {ECO:0000269|PubMed:28753627}. Cytoplasm {ECO:0000269|PubMed:28753627}.
Q92930,,,,"SUBCELLULAR LOCATION: Cell membrane {ECO:0000305}; Lipid-anchor {ECO:0000305}; Cytoplasmic side {ECO:0000305}. Cytoplasmic vesicle, phagosome {ECO:0000269|PubMed:21255211}. Cytoplasmic vesicle, phagosome membrane {ECO:0000269|PubMed:21255211}; Lipid-anchor {ECO:0000269|PubMed:21255211}; Cytoplasmic side {ECO:0000269|PubMed:21255211}. Endosome membrane {ECO:0000269|PubMed:32344433}. Note=Recruited to phagosomes containing S.aureus or M.tuberculosis. Colocalized with MICAL1, GRAF1/ARHGAP26 and GRAF2/ARHGAP10 on endosomal tubules (PubMed:32344433). {ECO:0000269|PubMed:32344433}."
Q93074,,,,SUBCELLULAR LOCATION: Nucleus {ECO:0000305}.
Q96D46,,,,"SUBCELLULAR LOCATION: Cytoplasm {ECO:0000269|PubMed:12724356, ECO:0000269|PubMed:12773398}. Nucleus {ECO:0000269|PubMed:12724356, ECO:0000269|PubMed:12773398}. Note=Shuttles between the nucleus/nucleolus and the cytoplasm in a XPO1/CRM1-dependent manner. {ECO:0000269|PubMed:12724356, ECO:0000269|PubMed:12773398}."
Q96DR7,,,,"SUBCELLULAR LOCATION: Cell projection, ruffle {ECO:0000269|PubMed:15133129, ECO:0000269|PubMed:17875742}."
Q96G25,,,,SUBCELLULAR LOCATION: Nucleus {ECO:0000305}.
Q96H72,,"TRANSMEM 8..28; /note=""Helical""; /evidence=""ECO:0000255""; TRANSMEM 69..89; /note=""Helical""; /evidence=""ECO:0000255""; TRANSMEM 109..129; /note=""Helical""; /evidence=""ECO:0000255""; TRANSMEM 150..170; /note=""Helical""; /evidence=""ECO:0000255""; TRANSMEM 236..256; /note=""Helical""; /evidence=""ECO:0000255""; TRANSMEM 279..299; /note=""Helical""; /evidence=""ECO:0000255""; TRANSMEM 317..337; /note=""Helical""; /evidence=""ECO:0000255""; TRANSMEM 350..370; /note=""Helical""; /evidence=""ECO:0000255""","TOPO_DOM 1..7; /note=""Lumenal""; /evidence=""ECO:0000305|PubMed:21917916""; TOPO_DOM 29..68; /note=""Cytoplasmic""; /evidence=""ECO:0000255""; TOPO_DOM 90..108; /note=""Lumenal""; /evidence=""ECO:0000255""; TOPO_DOM 130..149; /note=""Cytoplasmic""; /evidence=""ECO:0000255""; TOPO_DOM 171..235; /note=""Lumenal""; /evidence=""ECO:0000255""; TOPO_DOM 257..278; /note=""Cytoplasmic""; /evidence=""ECO:0000255""; TOPO_DOM 300..316; /note=""Lumenal""; /evidence=""ECO:0000305|PubMed:21917916""; TOPO_DOM 338..349; /note=""Cytoplasmic""; /evidence=""ECO:0000255""; TOPO_DOM 371; /note=""Lumenal""; /evidence=""ECO:0000305|PubMed:21917916""","SUBCELLULAR LOCATION: Golgi apparatus membrane {ECO:0000269|PubMed:21917916, ECO:0000269|PubMed:31412620}; Multi-pass membrane protein {ECO:0000269|PubMed:21917916}. Cytoplasmic vesicle membrane {ECO:0000269|PubMed:23213233}. Endoplasmic reticulum membrane {ECO:0000269|PubMed:31412620}."
Q96HY7,,,,SUBCELLULAR LOCATION: Mitochondrion {ECO:0000269|PubMed:23141294}.
Q93009,,,,"SUBCELLULAR LOCATION: Nucleus {ECO:0000269|PubMed:21258371, ECO:0000269|PubMed:23973222, ECO:0000269|PubMed:25283148, ECO:0000269|PubMed:26678539}. Cytoplasm {ECO:0000269|PubMed:25283148}. Nucleus, PML body {ECO:0000269|PubMed:9034339}. Chromosome {ECO:0000269|PubMed:20601937}. Note=Present in a minority of ND10 nuclear bodies (PubMed:9034339). Association with ICP0/VMW110 at early times of infection leads to an increased proportion of USP7-containing ND10 (PubMed:9034339). Colocalizes with ATXN1 in the nucleus (PubMed:12093161). Colocalized with DAXX in speckled structures (PubMed:16845383). Colocalized with PML and PTEN in promyelocytic leukemia protein (PML) nuclear bodies (PubMed:18716620). Interaction with FAM170A promotes its nuclear translocation (By similarity). {ECO:0000250|UniProtKB:Q6A4J8, ECO:0000269|PubMed:12093161, ECO:0000269|PubMed:16845383, ECO:0000269|PubMed:18716620, ECO:0000269|PubMed:9034339}."
Q969S0,,"TRANSMEM 4..24; /note=""Helical""; /evidence=""ECO:0000255""; TRANSMEM 30..50; /note=""Helical""; /evidence=""ECO:0000255""; TRANSMEM 59..79; /note=""Helical""; /evidence=""ECO:0000255""; TRANSMEM 92..112; /note=""Helical""; /evidence=""ECO:0000255""; TRANSMEM 117..137; /note=""Helical""; /evidence=""ECO:0000255""; TRANSMEM 153..173; /note=""Helical""; /evidence=""ECO:0000255""; TRANSMEM 201..221; /note=""Helical""; /evidence=""ECO:0000255""; TRANSMEM 229..249; /note=""Helical""; /evidence=""ECO:0000255""; TRANSMEM 251..267; /note=""Helical""; /evidence=""ECO:0000255""; TRANSMEM 268..288; /note=""Helical""; /evidence=""ECO:0000255""; TRANSMEM 291..311; /note=""Helical""; /evidence=""ECO:0000255""",,SUBCELLULAR LOCATION: Endoplasmic reticulum membrane {ECO:0000269|PubMed:30458018}; Multi-pass membrane protein {ECO:0000255}.
Q969V3,"SIGNAL 1..42; /evidence=""ECO:0000255""","TRANSMEM 523..543; /note=""Helical""; /evidence=""ECO:0000255""","TOPO_DOM 43..522; /note=""Lumenal""; /evidence=""ECO:0000255""; TOPO_DOM 544..563; /note=""Cytoplasmic""; /evidence=""ECO:0000255""","SUBCELLULAR LOCATION: Endoplasmic reticulum membrane {ECO:0000269|PubMed:15257293, ECO:0000269|PubMed:20538592}; Single-pass membrane protein {ECO:0000269|PubMed:15257293, ECO:0000269|PubMed:20538592}."
Q969X5,,"TRANSMEM 27..47; /note=""Helical""; /evidence=""ECO:0000255""; TRANSMEM 255..275; /note=""Helical""; /evidence=""ECO:0000255""","TOPO_DOM 1..26; /note=""Cytoplasmic""; /evidence=""ECO:0000255""; TOPO_DOM 48..254; /note=""Lumenal""; /evidence=""ECO:0000255""; TOPO_DOM 276..290; /note=""Cytoplasmic""; /evidence=""ECO:0000255""",SUBCELLULAR LOCATION: Endoplasmic reticulum membrane {ECO:0000269|PubMed:15308636}; Multi-pass membrane protein {ECO:0000269|PubMed:15308636}. Endoplasmic reticulum-Golgi intermediate compartment membrane {ECO:0000269|PubMed:15308636}; Multi-pass membrane protein {ECO:0000269|PubMed:15308636}. Golgi apparatus membrane {ECO:0000269|PubMed:15308636}; Multi-pass membrane protein {ECO:0000269|PubMed:15308636}. Note=Cycles between the endoplasmic reticulum and the Golgi.
Q96AX1,,,,"SUBCELLULAR LOCATION: Cytoplasmic vesicle {ECO:0000250|UniProtKB:Q63615}. Late endosome membrane {ECO:0000305}; Peripheral membrane protein {ECO:0000305}; Cytoplasmic side {ECO:0000305}. Lysosome membrane {ECO:0000305}; Peripheral membrane protein {ECO:0000305}; Cytoplasmic side {ECO:0000305}. Early endosome {ECO:0000305}. Cytoplasmic vesicle, autophagosome {ECO:0000269|PubMed:24554770}. Cytoplasmic vesicle, clathrin-coated vesicle {ECO:0000305}."
Q96BM1,,,,"SUBCELLULAR LOCATION: Cytoplasmic vesicle {ECO:0000269|PubMed:31337707}. Cytoplasm, cytosol {ECO:0000269|PubMed:30293565, ECO:0000269|PubMed:31337707}. Note=Detected in long filamentous cytosolic structures where it colocalizes with IMPDH2 (PubMed:31337707). Under basal conditions ANKRD9 is mainly in vesicle-like structures, upon nutrient limitation (guanine nucleotides deficiency) ANKRD9 loses its vesicular pattern and assembles with IMPDH2 into rodlike filaments (PubMed:31337707). {ECO:0000269|PubMed:31337707}."
Q96CF2,,,,"SUBCELLULAR LOCATION: Cytoplasm, cytosol. Late endosome membrane {ECO:0000305|PubMed:14583093}; Peripheral membrane protein {ECO:0000305}. Midbody, Midbody ring {ECO:0000269|PubMed:22422861}. Note=Localizes to the midbody during late cytokinesis. During its recruitment, localizes initially to the midbody arms, before being directed to the central region, the midbody ring, also called Flemming body. Phosphorylation at Ser-210 by AURKB triggers localization to midbody ring. {ECO:0000269|PubMed:22422861}."
Q96DI7,,,,"SUBCELLULAR LOCATION: Nucleus {ECO:0000269|PubMed:26912367, ECO:0000269|PubMed:28076346, ECO:0000269|PubMed:28502770, ECO:0000269|PubMed:28781166, ECO:0000269|PubMed:29301961, ECO:0000269|PubMed:29360106, ECO:0000269|PubMed:30315277, ECO:0000269|PubMed:30705154, ECO:0000269|PubMed:9731529}."
Q96G23,,"TRANSMEM 41..61; /note=""Helical""; /evidence=""ECO:0000255""; TRANSMEM 140..160; /note=""Helical""; /evidence=""ECO:0000255""; TRANSMEM 181..201; /note=""Helical""; /evidence=""ECO:0000255""; TRANSMEM 209..229; /note=""Helical""; /evidence=""ECO:0000255""; TRANSMEM 264..284; /note=""Helical""; /evidence=""ECO:0000255""; TRANSMEM 304..324; /note=""Helical""; /evidence=""ECO:0000255""","TOPO_DOM 1..40; /note=""Lumenal""; /evidence=""ECO:0000305|PubMed:16263699, ECO:0000305|PubMed:19159218""; TOPO_DOM 325..380; /note=""Cytoplasmic""; /evidence=""ECO:0000305|PubMed:26887952""",SUBCELLULAR LOCATION: Endoplasmic reticulum membrane {ECO:0000269|PubMed:18165233}; Multi-pass membrane protein {ECO:0000255}.
Q96HP0,,,,"SUBCELLULAR LOCATION: Cytoplasm {ECO:0000269|PubMed:17196961}. Cytoplasm, perinuclear region {ECO:0000269|PubMed:17196961}. Note=Mainly located near the cell surface."
Q96I25,,,,SUBCELLULAR LOCATION: Nucleus {ECO:0000269|PubMed:9731529}.
Q92783,,,,"SUBCELLULAR LOCATION: Cytoplasm {ECO:0000305}. Early endosome membrane {ECO:0000269|PubMed:23166352, ECO:0000269|PubMed:24790097}; Peripheral membrane protein {ECO:0000305|PubMed:23166352, ECO:0000305|PubMed:24790097}; Cytoplasmic side {ECO:0000305|PubMed:23166352, ECO:0000305|PubMed:24790097}."
Q92925,,,,SUBCELLULAR LOCATION: Nucleus {ECO:0000305}.
Q969E8,,,,
Q969Q5,,,,"SUBCELLULAR LOCATION: Cytoplasm, cytosol {ECO:0000269|PubMed:10660536}. Membrane {ECO:0000269|PubMed:10660536}; Lipid-anchor {ECO:0000305}. Cytoplasmic vesicle, autophagosome membrane {ECO:0000250|UniProtKB:P35290}. Cytoplasm, perinuclear region {ECO:0000250|UniProtKB:P35290}. Cytoplasm, cytoskeleton, spindle {ECO:0000250|UniProtKB:P35290}. Note=Only about 20% is recovered in the particulate fraction (PubMed:10660536). RAB24 localizes in perinuclear region and in the limiting membranes of autophagic compartments under basal conditions. RAB24 is localized in the cytoplasm with an accumulated distribution in nuclear region at germinal vesicle (GV) stage of oocyte meiotic progression. At pre-metaphase I stage, localized in the cytoplasm with a particular concentration around chromosomes. As the oocytes enter metaphase I, located to the spindle region. Similar distribution pattern is observed in MII oocytes (By similarity). {ECO:0000250|UniProtKB:P35290, ECO:0000269|PubMed:10660536}."
Q969T9,,,,SUBCELLULAR LOCATION: Cytoplasm {ECO:0000269|PubMed:21642474}. Nucleus {ECO:0000269|PubMed:21642474}. Note=Translocates from cytoplasm to nucleus when phosphorylated. {ECO:0000269|PubMed:21642474}.
Q969X6,,,,"SUBCELLULAR LOCATION: Nucleus, nucleolus {ECO:0000269|PubMed:12429849, ECO:0000269|PubMed:16225863, ECO:0000269|PubMed:24219289, ECO:0000269|PubMed:34516797}. Chromosome {ECO:0000269|PubMed:20813266}. Note=Found predominantly at the fibrillar center. {ECO:0000269|PubMed:24219289}."
Q96BY7,,,,SUBCELLULAR LOCATION: Preautophagosomal structure membrane {ECO:0000269|PubMed:22219374}; Peripheral membrane protein {ECO:0000269|PubMed:22219374}. Lipid droplet {ECO:0000269|PubMed:22219374}. Endoplasmic reticulum membrane {ECO:0000250|UniProtKB:P53855}; Peripheral membrane protein {ECO:0000250|UniProtKB:P53855}.
Q96EK5,,,,"SUBCELLULAR LOCATION: Cytoplasm, cytoskeleton {ECO:0000269|PubMed:16225668, ECO:0000269|PubMed:20621975, ECO:0000269|PubMed:23427148}."
Q96EY5,,,,"SUBCELLULAR LOCATION: Cytoplasm. Nucleus. Endosome. Cytoplasm, cytoskeleton, microtubule organizing center, centrosome. Late endosome membrane {ECO:0000305}; Peripheral membrane protein {ECO:0000305}. Note=Colocalizes with F-actin. Some fraction may be nuclear."
Q96GC9,,"TRANSMEM 44..64; /note=""Helical""; /evidence=""ECO:0000255""; TRANSMEM 78..98; /note=""Helical""; /evidence=""ECO:0000255""; TRANSMEM 110..130; /note=""Helical""; /evidence=""ECO:0000255""; TRANSMEM 251..271; /note=""Helical""; /evidence=""ECO:0000255""; TRANSMEM 274..294; /note=""Helical""; /evidence=""ECO:0000255""; TRANSMEM 306..326; /note=""Helical""; /evidence=""ECO:0000255""; TRANSMEM 364..384; /note=""Helical""; /evidence=""ECO:0000255""","TOPO_DOM 2..43; /note=""Cytoplasmic""; /evidence=""ECO:0000255""; TOPO_DOM 65..77; /note=""Extracellular""; /evidence=""ECO:0000255""; TOPO_DOM 99..109; /note=""Cytoplasmic""; /evidence=""ECO:0000255""; TOPO_DOM 131..250; /note=""Extracellular""; /evidence=""ECO:0000255""; TOPO_DOM 272..273; /note=""Cytoplasmic""; /evidence=""ECO:0000255""; TOPO_DOM 295..305; /note=""Extracellular""; /evidence=""ECO:0000255""; TOPO_DOM 327..363; /note=""Cytoplasmic""; /evidence=""ECO:0000255""; TOPO_DOM 385..406; /note=""Extracellular""; /evidence=""ECO:0000255""","SUBCELLULAR LOCATION: Endoplasmic reticulum-Golgi intermediate compartment membrane {ECO:0000250|UniProtKB:Q91ZQ0}; Multi-pass membrane protein {ECO:0000255}. Cell membrane {ECO:0000269|PubMed:17724469}; Multi-pass membrane protein {ECO:0000255}. Vacuole membrane {ECO:0000250|UniProtKB:Q91ZQ0}; Multi-pass membrane protein {ECO:0000255}. Endoplasmic reticulum membrane {ECO:0000269|PubMed:17724469, ECO:0000269|PubMed:28890335}; Multi-pass membrane protein {ECO:0000255}."
Q96GZ6,,"TRANSMEM 67..87; /note=""Helical""; /evidence=""ECO:0000255""; TRANSMEM 152..172; /note=""Helical""; /evidence=""ECO:0000255""; TRANSMEM 189..209; /note=""Helical""; /evidence=""ECO:0000255""; TRANSMEM 220..240; /note=""Helical""; /evidence=""ECO:0000255""; TRANSMEM 252..272; /note=""Helical""; /evidence=""ECO:0000255""; TRANSMEM 284..304; /note=""Helical""; /evidence=""ECO:0000255""; TRANSMEM 314..334; /note=""Helical""; /evidence=""ECO:0000255""; TRANSMEM 377..397; /note=""Helical""; /evidence=""ECO:0000255""; TRANSMEM 406..426; /note=""Helical""; /evidence=""ECO:0000255""; TRANSMEM 482..502; /note=""Helical""; /evidence=""ECO:0000255""",,SUBCELLULAR LOCATION: Mitochondrion inner membrane {ECO:0000269|PubMed:27302215}; Multi-pass membrane protein {ECO:0000255}.
Q96H20,,,,SUBCELLULAR LOCATION: Cytoplasm. Endosome membrane. Nucleus {ECO:0000305}. Late endosome membrane. Note=Recruited to the endosome membrane to participate in vesicle formation.
Q96IW7,,"TRANSMEM 188..208; /note=""Helical""; /evidence=""ECO:0000255""; TRANSMEM 227..247; /note=""Helical""; /evidence=""ECO:0000255""; TRANSMEM 254..271; /note=""Helical""; /evidence=""ECO:0000255""; TRANSMEM 275..295; /note=""Helical""; /evidence=""ECO:0000255""","TOPO_DOM 2..187; /note=""Cytoplasmic""; /evidence=""ECO:0000255""; TOPO_DOM 209..226; /note=""Lumenal""; /evidence=""ECO:0000255""; TOPO_DOM 248..253; /note=""Cytoplasmic""; /evidence=""ECO:0000255""; TOPO_DOM 272..274; /note=""Lumenal""; /evidence=""ECO:0000255""; TOPO_DOM 296..307; /note=""Cytoplasmic""; /evidence=""ECO:0000255""",SUBCELLULAR LOCATION: Endoplasmic reticulum membrane {ECO:0000250}; Multi-pass membrane protein {ECO:0000250}.
Q96JC1,,,,"SUBCELLULAR LOCATION: Cytoplasm. Lysosome membrane {ECO:0000269|PubMed:11448994, ECO:0000269|PubMed:17897319, ECO:0000269|PubMed:23167963}; Peripheral membrane protein {ECO:0000305|PubMed:11448994}. Late endosome membrane {ECO:0000269|PubMed:11448994, ECO:0000269|PubMed:23167963}; Peripheral membrane protein {ECO:0000305|PubMed:11448994}. Note=Colocalizes with TGFBR1 and TGFBR2 in cytoplasmic vesicular structures and most prominently in cortical vesicles. {ECO:0000269|PubMed:12941698}.; SUBCELLULAR LOCATION: Note=(Microbial infection) Sequestrated at the late endosome by SARS coronavirus-2/SARS-CoV-2 ORF3A protein. {ECO:0000269|PubMed:33422265}."
Q92630,,,,"SUBCELLULAR LOCATION: Cytoplasm {ECO:0000269|PubMed:17349958, ECO:0000269|PubMed:18599021}. Nucleus {ECO:0000269|PubMed:17349958, ECO:0000269|PubMed:18539531, ECO:0000269|PubMed:18599021, ECO:0000269|PubMed:19965871}. Note=Translocates into the nucleus following DNA damage. {ECO:0000269|PubMed:17349958}."
Q93050,,"TRANSMEM 389..407; /note=""Helical""; /evidence=""ECO:0000255""; TRANSMEM 410..426; /note=""Helical""; /evidence=""ECO:0000255""; TRANSMEM 442..471; /note=""Helical""; /evidence=""ECO:0000255""; TRANSMEM 535..554; /note=""Helical""; /evidence=""ECO:0000255""; TRANSMEM 573..593; /note=""Helical""; /evidence=""ECO:0000255""; TRANSMEM 639..658; /note=""Helical""; /evidence=""ECO:0000255""; TRANSMEM 725..749; /note=""Helical""; /evidence=""ECO:0000255""; TRANSMEM 771..809; /note=""Helical""; /evidence=""ECO:0000255""","TOPO_DOM 1..388; /note=""Cytoplasmic""; /evidence=""ECO:0000255""; TOPO_DOM 408..409; /note=""Vacuolar""; /evidence=""ECO:0000255""; TOPO_DOM 427..441; /note=""Cytoplasmic""; /evidence=""ECO:0000255""; TOPO_DOM 472..534; /note=""Vacuolar""; /evidence=""ECO:0000255""; TOPO_DOM 555..572; /note=""Cytoplasmic""; /evidence=""ECO:0000255""; TOPO_DOM 594..638; /note=""Vacuolar""; /evidence=""ECO:0000255""; TOPO_DOM 659..724; /note=""Cytoplasmic""; /evidence=""ECO:0000255""; TOPO_DOM 750..770; /note=""Vacuolar""; /evidence=""ECO:0000255""; TOPO_DOM 810..837; /note=""Cytoplasmic""; /evidence=""ECO:0000255""","SUBCELLULAR LOCATION: Cytoplasmic vesicle, clathrin-coated vesicle membrane {ECO:0000250|UniProtKB:P25286}; Multi-pass membrane protein {ECO:0000255}. Cytoplasmic vesicle, secretory vesicle, synaptic vesicle membrane {ECO:0000250|UniProtKB:P25286}; Multi-pass membrane protein {ECO:0000255}. Melanosome {ECO:0000269|PubMed:12643545, ECO:0000269|PubMed:17081065}. Note=Identified by mass spectrometry in melanosome fractions from stage I to stage IV. {ECO:0000269|PubMed:12643545, ECO:0000269|PubMed:17081065}."
Q96A33,"SIGNAL 1..20; /evidence=""ECO:0000255""","TRANSMEM 136..155; /note=""Helical""; /evidence=""ECO:0000255""","TOPO_DOM 21..135; /note=""Cytoplasmic""; /evidence=""ECO:0000250|UniProtKB:A0A8I3P7X4""; TOPO_DOM 156..483; /note=""Lumenal""; /evidence=""ECO:0000250|UniProtKB:A0A8I3P7X4""","SUBCELLULAR LOCATION: Endoplasmic reticulum membrane {ECO:0000269|PubMed:25009997, ECO:0000269|PubMed:30401460, ECO:0000269|PubMed:32814900}; Single-pass type I membrane protein {ECO:0000255}. Rough endoplasmic reticulum membrane {ECO:0000250|UniProtKB:Q9D024}; Single-pass type I membrane protein {ECO:0000255}."
Q96EV2,,,,SUBCELLULAR LOCATION: Nucleus {ECO:0000269|PubMed:35589130}. Cytoplasm {ECO:0000269|PubMed:35589130}. Note=Localizes predominantly to the nucleus. {ECO:0000269|PubMed:35589130}.
Q96H55,,,,"SUBCELLULAR LOCATION: Mitochondrion outer membrane {ECO:0000269|PubMed:19932026, ECO:0000269|PubMed:23568824, ECO:0000269|PubMed:25447992, ECO:0000269|PubMed:26659663, ECO:0000269|PubMed:27126804}; Peripheral membrane protein {ECO:0000269|PubMed:27126804}. Cytoplasm, cytoskeleton {ECO:0000269|PubMed:19932026}."
Q92993,,,,"SUBCELLULAR LOCATION: Nucleus {ECO:0000269|PubMed:11262386, ECO:0000269|PubMed:11416127, ECO:0000269|PubMed:12551922, ECO:0000269|PubMed:17360565, ECO:0000269|PubMed:17704809, ECO:0000269|PubMed:17996965, ECO:0000269|PubMed:19308289, ECO:0000269|PubMed:25301942, ECO:0000269|PubMed:33938178}. Chromosome {ECO:0000269|PubMed:25560918, ECO:0000269|PubMed:27153538, ECO:0000269|PubMed:29335245, ECO:0000269|PubMed:33076429}. Cytoplasm {ECO:0000269|PubMed:25301942}. Chromosome, centromere, kinetochore {ECO:0000269|PubMed:26829474}. Cytoplasm, cytoskeleton, spindle pole {ECO:0000269|PubMed:34608293}. Nucleus, nucleolus {ECO:0000269|PubMed:16387653}. Cytoplasm, perinuclear region {ECO:0000269|PubMed:11262386}. Note=Upon stimulation with EDN1, it is exported from the nucleus to the perinuclear region and UV irradiation induces translocation into punctuate subnuclear structures named nuclear bodies (PubMed:11262386). Transiently localizes to kinetochores in early mitosis (PubMed:26829474). Localizes to spindle poles when chromosomes align during metaphase (PubMed:34608293). Localizes in the cytoplasm and nucleus of round spermatids (By similarity). {ECO:0000250|UniProtKB:Q8CHK4, ECO:0000269|PubMed:11262386, ECO:0000269|PubMed:26829474, ECO:0000269|PubMed:34608293}.; SUBCELLULAR LOCATION: Cytoplasm {ECO:0000269|PubMed:37478852}. Note=(Microbial infection) Relocalizes from the nucleus to zika virus replication complexes in the cytoplasm. {ECO:0000269|PubMed:37478852}."
Q969M3,,"TRANSMEM 125..145; /note=""Helical""; /evidence=""ECO:0000255""; TRANSMEM 147..167; /note=""Helical""; /evidence=""ECO:0000255""; TRANSMEM 174..194; /note=""Helical""; /evidence=""ECO:0000255""; TRANSMEM 197..217; /note=""Helical""; /evidence=""ECO:0000255""; TRANSMEM 237..257; /note=""Helical""; /evidence=""ECO:0000255""","TOPO_DOM 1..124; /note=""Cytoplasmic""; /evidence=""ECO:0000305|PubMed:27999994""; TOPO_DOM 146; /note=""Lumenal""; /evidence=""ECO:0000305""; TOPO_DOM 168..173; /note=""Cytoplasmic""; /evidence=""ECO:0000305""; TOPO_DOM 195..196; /note=""Lumenal""; /evidence=""ECO:0000305""; TOPO_DOM 218..236; /note=""Cytoplasmic""; /evidence=""ECO:0000305""","SUBCELLULAR LOCATION: Endoplasmic reticulum membrane {ECO:0000250|UniProtKB:Q9EQQ2}; Multi-pass membrane protein. Golgi apparatus, cis-Golgi network membrane {ECO:0000269|PubMed:27999994}; Multi-pass membrane protein. Cytoplasmic vesicle, COPII-coated vesicle {ECO:0000250|UniProtKB:Q5XID0}. Note=Enriched at the endoplasmic reticulum exit sites (By similarity). Incorporated into COPII-coated vesicles (By similarity). {ECO:0000250|UniProtKB:Q5XID0, ECO:0000250|UniProtKB:Q9EQQ2}."
Q969G3,,,,"SUBCELLULAR LOCATION: Nucleus {ECO:0000255|PROSITE-ProRule:PRU00267, ECO:0000269|PubMed:12192000}."
Q96BD0,,"TRANSMEM 104..124; /note=""Helical; Name=1""; /evidence=""ECO:0000255""; TRANSMEM 144..164; /note=""Helical; Name=2""; /evidence=""ECO:0000255""; TRANSMEM 171..195; /note=""Helical; Name=3""; /evidence=""ECO:0000255""; TRANSMEM 223..253; /note=""Helical; Name=4""; /evidence=""ECO:0000255""; TRANSMEM 273..293; /note=""Helical; Name=5""; /evidence=""ECO:0000255""; TRANSMEM 308..332; /note=""Helical; Name=6""; /evidence=""ECO:0000255""; TRANSMEM 379..400; /note=""Helical; Name=7""; /evidence=""ECO:0000255""; TRANSMEM 421..444; /note=""Helical; Name=8""; /evidence=""ECO:0000255""; TRANSMEM 449..471; /note=""Helical; Name=9""; /evidence=""ECO:0000255""; TRANSMEM 581..603; /note=""Helical; Name=10""; /evidence=""ECO:0000255""; TRANSMEM 613..638; /note=""Helical; Name=11""; /evidence=""ECO:0000255""; TRANSMEM 672..689; /note=""Helical; Name=12""; /evidence=""ECO:0000255""","TOPO_DOM 1..103; /note=""Cytoplasmic""; /evidence=""ECO:0000255""; TOPO_DOM 125..143; /note=""Extracellular""; /evidence=""ECO:0000255""; TOPO_DOM 165..170; /note=""Cytoplasmic""; /evidence=""ECO:0000255""; TOPO_DOM 196..222; /note=""Extracellular""; /evidence=""ECO:0000255""; TOPO_DOM 254..272; /note=""Cytoplasmic""; /evidence=""ECO:0000255""; TOPO_DOM 294..307; /note=""Extracellular""; /evidence=""ECO:0000255""; TOPO_DOM 333..378; /note=""Cytoplasmic""; /evidence=""ECO:0000255""; TOPO_DOM 401..420; /note=""Extracellular""; /evidence=""ECO:0000255""; TOPO_DOM 445..448; /note=""Cytoplasmic""; /evidence=""ECO:0000255""; TOPO_DOM 472..580; /note=""Extracellular""; /evidence=""ECO:0000255""; TOPO_DOM 604..612; /note=""Cytoplasmic""; /evidence=""ECO:0000255""; TOPO_DOM 639..671; /note=""Extracellular""; /evidence=""ECO:0000255""; TOPO_DOM 690..722; /note=""Cytoplasmic""; /evidence=""ECO:0000255""",SUBCELLULAR LOCATION: Cell membrane {ECO:0000305|PubMed:30343886}; Multi-pass membrane protein {ECO:0000255}.
Q96IZ5,,,,
Q92845,,,,
Q96AC6,,,,"SUBCELLULAR LOCATION: Cytoplasm, cytoskeleton {ECO:0000305}."
Q96FV2,,,,
Q92664,,,,SUBCELLULAR LOCATION: Nucleus.
Q96K37,,"TRANSMEM 50..70; /note=""Helical""; /evidence=""ECO:0000255""; TRANSMEM 111..131; /note=""Helical""; /evidence=""ECO:0000255""; TRANSMEM 133..153; /note=""Helical""; /evidence=""ECO:0000255""; TRANSMEM 165..184; /note=""Helical""; /evidence=""ECO:0000255""; TRANSMEM 188..207; /note=""Helical""; /evidence=""ECO:0000255""; TRANSMEM 222..242; /note=""Helical""; /evidence=""ECO:0000255""; TRANSMEM 252..274; /note=""Helical""; /evidence=""ECO:0000255""; TRANSMEM 282..303; /note=""Helical""; /evidence=""ECO:0000255""; TRANSMEM 312..332; /note=""Helical""; /evidence=""ECO:0000255""",,SUBCELLULAR LOCATION: Membrane {ECO:0000305}; Multi-pass membrane protein {ECO:0000305}.
Q96AT1,,,,
Q96H35,,,,
Q96KG9,,,,"SUBCELLULAR LOCATION: Cytoplasm, cytoskeleton, microtubule organizing center, centrosome {ECO:0000269|PubMed:18556652}. Endoplasmic reticulum-Golgi intermediate compartment {ECO:0000269|PubMed:18556652}. Golgi apparatus, cis-Golgi network {ECO:0000269|PubMed:18556652}. Note=Localized to the Endoplasmic reticulum-Golgi intermediate and cis-Golgi in an ARF1-independent manner.; SUBCELLULAR LOCATION: [Isoform 1]: Cytoplasm. Note=Cytoplasmic throughout the cell cycle.; SUBCELLULAR LOCATION: [Isoform 2]: Cytoplasm. Note=Cytoplasmic throughout the cell cycle.; SUBCELLULAR LOCATION: [Isoform 3]: Cytoplasm. Cytoplasm, cytoskeleton, microtubule organizing center, centrosome. Note=Cytoplasmic during interphase and centrosomal during mitosis, it localizes to the centrosomes in a microtubule-independent manner.; SUBCELLULAR LOCATION: [Isoform 6]: Nucleus {ECO:0000269|PubMed:15504359}."
Q96PK6,,,,"SUBCELLULAR LOCATION: Nucleus {ECO:0000269|PubMed:25385835}. Nucleus, nucleolus {ECO:0000269|PubMed:11790299}. Cytoplasm {ECO:0000269|PubMed:25385835}. Note=In punctate subnuclear structures often located adjacent to splicing speckles, called paraspeckles (PubMed:11790299). Cytoplasmic localization is crucial for its function in suppressing the formation of aberrant centriolar protein complexes (PubMed:25385835). {ECO:0000269|PubMed:11790299, ECO:0000269|PubMed:25385835}."
Q99615,,,,"SUBCELLULAR LOCATION: Cytoplasm {ECO:0000269|PubMed:11573955, ECO:0000269|PubMed:12853476}. Nucleus {ECO:0000269|PubMed:11573955}. Cytoplasm, cytoskeleton {ECO:0000250|UniProtKB:Q9QYI3}. Note=Colocalizes with NR1I3 to microtubules. {ECO:0000250|UniProtKB:Q9QYI3}."
Q99759,,,,
Q9BQ61,,,,
Q9BRK0,,"TRANSMEM 1..21; /note=""Helical""; /evidence=""ECO:0000255""; TRANSMEM 35..55; /note=""Helical""; /evidence=""ECO:0000255""",,SUBCELLULAR LOCATION: Membrane {ECO:0000250}; Multi-pass membrane protein {ECO:0000250}.
Q9BS91,,"TRANSMEM 9..29; /note=""Helical""; /evidence=""ECO:0000255""; TRANSMEM 54..74; /note=""Helical""; /evidence=""ECO:0000255""; TRANSMEM 94..116; /note=""Helical""; /evidence=""ECO:0000255""; TRANSMEM 120..142; /note=""Helical""; /evidence=""ECO:0000255""; TRANSMEM 148..168; /note=""Helical""; /evidence=""ECO:0000255""; TRANSMEM 229..249; /note=""Helical""; /evidence=""ECO:0000255""; TRANSMEM 264..284; /note=""Helical""; /evidence=""ECO:0000255""; TRANSMEM 304..324; /note=""Helical""; /evidence=""ECO:0000255""; TRANSMEM 331..351; /note=""Helical""; /evidence=""ECO:0000255""; TRANSMEM 355..375; /note=""Helical""; /evidence=""ECO:0000255""","TOPO_DOM 1..8; /note=""Cytoplasmic""; /evidence=""ECO:0000269|PubMed:30641943""; TOPO_DOM 30..53; /note=""Lumenal""; /evidence=""ECO:0000269|PubMed:30641943""; TOPO_DOM 75..93; /note=""Cytoplasmic""; /evidence=""ECO:0000269|PubMed:30641943""; TOPO_DOM 117..119; /note=""Lumenal""; /evidence=""ECO:0000269|PubMed:30641943""; TOPO_DOM 143..147; /note=""Cytoplasmic""; /evidence=""ECO:0000269|PubMed:30641943""; TOPO_DOM 169..228; /note=""Lumenal""; /evidence=""ECO:0000269|PubMed:30641943""; TOPO_DOM 250..263; /note=""Cytoplasmic""; /evidence=""ECO:0000269|PubMed:30641943""; TOPO_DOM 285..303; /note=""Lumenal""; /evidence=""ECO:0000269|PubMed:30641943""; TOPO_DOM 325..330; /note=""Cytoplasmic""; /evidence=""ECO:0000269|PubMed:30641943""; TOPO_DOM 352..354; /note=""Lumenal""; /evidence=""ECO:0000269|PubMed:30641943""; TOPO_DOM 376..424; /note=""Cytoplasmic""; /evidence=""ECO:0000269|PubMed:30641943""",SUBCELLULAR LOCATION: Golgi apparatus membrane {ECO:0000269|PubMed:30641943}; Multi-pass membrane protein {ECO:0000255}.
Q9BSA9,,"TRANSMEM 34..56; /note=""Helical; Name=TM1-1""; /evidence=""ECO:0000305|PubMed:32228865, ECO:0007744|PDB:6WC9, ECO:0007744|PDB:6WCA, ECO:0007744|PDB:6WCB, ECO:0007744|PDB:6WCC""; TRANSMEM 78..100; /note=""Helical; Name=TM2-1""; /evidence=""ECO:0000305|PubMed:32228865, ECO:0007744|PDB:6WC9, ECO:0007744|PDB:6WCA, ECO:0007744|PDB:6WCB, ECO:0007744|PDB:6WCC""; TRANSMEM 107..128; /note=""Helical; Name=TM3-1""; /evidence=""ECO:0000305|PubMed:32228865, ECO:0007744|PDB:6WC9, ECO:0007744|PDB:6WCA, ECO:0007744|PDB:6WCB, ECO:0007744|PDB:6WCC""; TRANSMEM 139..160; /note=""Helical; Name=TM4-1""; /evidence=""ECO:0000305|PubMed:32228865, ECO:0007744|PDB:6WC9, ECO:0007744|PDB:6WCA, ECO:0007744|PDB:6WCB, ECO:0007744|PDB:6WCC""; TRANSMEM 185..205; /note=""Helical; Name=TM5-1""; /evidence=""ECO:0000255""; TRANSMEM 211..230; /note=""Helical; Name=TM6-1""; /evidence=""ECO:0000255""; TRANSMEM 258..282; /note=""Helical; Name=TM1-2""; /evidence=""ECO:0000305|PubMed:32228865, ECO:0007744|PDB:6WC9, ECO:0007744|PDB:6WCA, ECO:0007744|PDB:6WCB, ECO:0007744|PDB:6WCC""; TRANSMEM 310..332; /note=""Helical; Name=TM2-2""; /evidence=""ECO:0000305|PubMed:32228865, ECO:0007744|PDB:6WC9, ECO:0007744|PDB:6WCA, ECO:0007744|PDB:6WCB, ECO:0007744|PDB:6WCC""; TRANSMEM 339..360; /note=""Helical; Name=TM3-2""; /evidence=""ECO:0000305|PubMed:32228865, ECO:0007744|PDB:6WC9, ECO:0007744|PDB:6WCA, ECO:0007744|PDB:6WCB, ECO:0007744|PDB:6WCC""; TRANSMEM 376..396; /note=""Helical; Name=TM4-2""; /evidence=""ECO:0000305|PubMed:32228865, ECO:0007744|PDB:6WC9, ECO:0007744|PDB:6WCA, ECO:0007744|PDB:6WCB, ECO:0007744|PDB:6WCC""; TRANSMEM 417..440; /note=""Helical; Name=TM5-2""; /evidence=""ECO:0000305|PubMed:32228865, ECO:0007744|PDB:6WC9, ECO:0007744|PDB:6WCA, ECO:0007744|PDB:6WCB, ECO:0007744|PDB:6WCC""; TRANSMEM 443..469; /note=""Helical; Name=TM6-2""; /evidence=""ECO:0000305|PubMed:32228865, ECO:0007744|PDB:6WC9, ECO:0007744|PDB:6WCA, ECO:0007744|PDB:6WCB, ECO:0007744|PDB:6WCC""","TOPO_DOM 1..33; /note=""Cytoplasmic""; /evidence=""ECO:0000305|PubMed:26317472""; TOPO_DOM 57..77; /note=""Lumenal""; /evidence=""ECO:0000305""; TOPO_DOM 101..106; /note=""Cytoplasmic""; /evidence=""ECO:0000305""; TOPO_DOM 129..138; /note=""Lumenal""; /evidence=""ECO:0000305""; TOPO_DOM 161..184; /note=""Cytoplasmic""; /evidence=""ECO:0000305""; TOPO_DOM 206..210; /note=""Lumenal""; /evidence=""ECO:0000305""; TOPO_DOM 231..257; /note=""Cytoplasmic""; /evidence=""ECO:0000305""; TOPO_DOM 283..309; /note=""Lumenal""; /evidence=""ECO:0000305""; TOPO_DOM 333..338; /note=""Cytoplasmic""; /evidence=""ECO:0000305""; TOPO_DOM 361..375; /note=""Lumenal""; /evidence=""ECO:0000305""; TOPO_DOM 397..416; /note=""Cytoplasmic""; /evidence=""ECO:0000305""; TOPO_DOM 441..442; /note=""Lumenal""; /evidence=""ECO:0000305""; TOPO_DOM 470..504; /note=""Cytoplasmic""; /evidence=""ECO:0000305|PubMed:26317472""","SUBCELLULAR LOCATION: Endosome membrane {ECO:0000269|PubMed:26317472, ECO:0000269|PubMed:32228865}; Multi-pass membrane protein {ECO:0000269|PubMed:32228865}. Lysosome membrane {ECO:0000269|PubMed:26317472, ECO:0000269|PubMed:31261387, ECO:0000269|PubMed:31658403, ECO:0000269|PubMed:32228865}; Multi-pass membrane protein {ECO:0000269|PubMed:32228865}."
Q96KC8,"SIGNAL 1..47; /evidence=""ECO:0000255""","TRANSMEM 154..174; /note=""Helical""; /evidence=""ECO:0000255""","TOPO_DOM 48..153; /note=""Lumenal""; /evidence=""ECO:0000250""; TOPO_DOM 175..554; /note=""Cytoplasmic""; /evidence=""ECO:0000250""",SUBCELLULAR LOCATION: Endoplasmic reticulum membrane {ECO:0000250}; Single-pass type I membrane protein {ECO:0000250}. Nucleus membrane; Single-pass type I membrane protein. Microsome membrane {ECO:0000250}; Single-pass type I membrane protein {ECO:0000250}.
Q96L34,,,,"SUBCELLULAR LOCATION: Cytoplasm, cytoskeleton, microtubule organizing center, centrosome {ECO:0000269|PubMed:14594945}. Cytoplasm, cytoskeleton, microtubule organizing center {ECO:0000269|PubMed:14594945, ECO:0000269|PubMed:28656979}. Cytoplasm, cytoskeleton, cilium basal body {ECO:0000269|PubMed:23400999}. Cytoplasm, cytoskeleton, cilium axoneme {ECO:0000269|PubMed:23400999}. Cytoplasm {ECO:0000269|PubMed:23400999, ECO:0000269|PubMed:23666762}. Cell projection, dendrite {ECO:0000269|PubMed:23666762}. Note=Localized at the tips of neurite-like processes in differentiated neuroblast cells. Detected in the cytoplasm and neuropil of the hippocampus. {ECO:0000269|PubMed:14594945, ECO:0000269|PubMed:23666762}."
Q96L92,,,,"SUBCELLULAR LOCATION: Early endosome membrane {ECO:0000269|PubMed:25851603}; Peripheral membrane protein. Cytoplasm, cytosol. Note=Localizes to immunological synapse in T-cells. In T-cells, recruited from the cytosol to sorting endosomes by phosphoinositide-3-kinase products."
Q96LT7,,,,"SUBCELLULAR LOCATION: Cytoplasm {ECO:0000269|PubMed:21944778, ECO:0000269|PubMed:27037575, ECO:0000269|PubMed:27193190, ECO:0000269|PubMed:37821429}. Nucleus {ECO:0000269|PubMed:21944779, ECO:0000269|PubMed:27037575}. Cytoplasm, P-body {ECO:0000269|PubMed:27037575}. Cytoplasm, Stress granule {ECO:0000269|PubMed:27037575}. Endosome {ECO:0000269|PubMed:24549040}. Lysosome {ECO:0000269|PubMed:24549040, ECO:0000269|PubMed:27559131}. Cytoplasmic vesicle, autophagosome {ECO:0000269|PubMed:24549040}. Autolysosome {ECO:0000269|PubMed:37821429}. Secreted {ECO:0000269|PubMed:24549040}. Cell projection, axon {ECO:0000269|PubMed:27723745}. Cell projection, growth cone {ECO:0000269|PubMed:27723745}. Perikaryon {ECO:0000250|UniProtKB:Q6DFW0}. Note=Detected in the cytoplasm of neurons from brain tissue (PubMed:21944778). Detected in the nucleus in fibroblasts (PubMed:21944779). During corticogenesis, transitions from being predominantly cytoplasmic to a more even nucleocytoplasmic distribution (By similarity). Majorly localized in cytosol under basal conditions (PubMed:37821429). Majorly gathered on autolysosomes structures under autophagy-induced conditions (PubMed:37821429). {ECO:0000250|UniProtKB:Q6DFW0, ECO:0000269|PubMed:21944778, ECO:0000269|PubMed:21944779, ECO:0000269|PubMed:27037575, ECO:0000269|PubMed:37821429}.; SUBCELLULAR LOCATION: [Isoform 1]: Perikaryon {ECO:0000269|PubMed:26174152}. Cell projection, dendrite {ECO:0000269|PubMed:26174152}. Presynapse {ECO:0000250|UniProtKB:Q6DFW0}. Postsynapse {ECO:0000250|UniProtKB:Q6DFW0}. Note=Expressed diffusely throughout the cytoplasm and dendritic processes of cerebellar Purkinje cells. Also expressed diffusely throughout the cytoplasm of spinal motor neurons. {ECO:0000269|PubMed:26174152}.; SUBCELLULAR LOCATION: [Isoform 2]: Nucleus membrane {ECO:0000269|PubMed:26174152}; Peripheral membrane protein {ECO:0000305}. Nucleus {ECO:0000269|PubMed:26174152}. Note=Detected at the nuclear membrane of cerebellar Purkinje cells and spinal motor neurons. Also shows diffuse nuclear expression in spinal motor neurons. {ECO:0000269|PubMed:26174152}."
Q96P70,,,,SUBCELLULAR LOCATION: Cytoplasm {ECO:0000269|PubMed:11823430}. Nucleus {ECO:0000269|PubMed:11823430}.
Q96RU3,,,,"SUBCELLULAR LOCATION: Cytoplasm. Cytoplasm, cytoskeleton. Cytoplasm, cell cortex. Lysosome. Cytoplasmic vesicle. Cell membrane; Peripheral membrane protein; Cytoplasmic side. Membrane, clathrin-coated pit. Note=Enriched in cortical regions coincident with F-actin. Also localizes to endocytic vesicles and lysosomes."
Q99436,,,,"SUBCELLULAR LOCATION: Cytoplasm {ECO:0000269|PubMed:12181345, ECO:0000269|PubMed:18549262, ECO:0000269|PubMed:34711951}. Nucleus {ECO:0000269|PubMed:12181345, ECO:0000269|PubMed:18549262, ECO:0000269|PubMed:34711951}. Note=Translocated from the cytoplasm into the nucleus following interaction with AKIRIN2, which bridges the proteasome with the nuclear import receptor IPO9. {ECO:0000269|PubMed:34711951}."
Q99460,,,,
Q99570,,,,"SUBCELLULAR LOCATION: Late endosome {ECO:0000269|PubMed:14617358}. Cytoplasmic vesicle, autophagosome {ECO:0000305}. Membrane {ECO:0000305}; Lipid-anchor {ECO:0000305}. Note=As component of the PI3K complex I localized to pre-autophagosome structures. As component of the PI3K complex II localized predominantly to endosomes. Localizes also to discrete punctae along the ciliary axoneme (By similarity). {ECO:0000250|UniProtKB:Q8VD65, ECO:0000305}."
Q99626,,,,SUBCELLULAR LOCATION: Nucleus {ECO:0000250|UniProtKB:P43241}.
Q99638,,,,SUBCELLULAR LOCATION: Nucleus {ECO:0000269|PubMed:12628935}.
Q99661,,,,"SUBCELLULAR LOCATION: Cytoplasm, cytoskeleton {ECO:0000269|PubMed:19632184, ECO:0000269|PubMed:21820309, ECO:0000269|PubMed:23891108}. Nucleus {ECO:0000250|UniProtKB:P70096}. Chromosome, centromere {ECO:0000269|PubMed:14960279, ECO:0000269|PubMed:17485487}. Chromosome, centromere, kinetochore {ECO:0000269|PubMed:14960279, ECO:0000269|PubMed:17485487, ECO:0000269|PubMed:23891108}. Note=Associates with the microtubule network at the growing distal tip (the plus-end) of microtubules, probably through interaction with MTUS2/TIP150 and MAPRE1 (By similarity). Association with microtubule plus ends is also mediated by interaction with KIF18B. Centromeric localization requires the presence of BUB1 and SGO2. {ECO:0000250|UniProtKB:P70096, ECO:0000269|PubMed:17485487, ECO:0000269|PubMed:21820309}."
Q99816,,,,"SUBCELLULAR LOCATION: Cytoplasm {ECO:0000269|PubMed:17853893}. Early endosome membrane {ECO:0000269|PubMed:23166352}; Peripheral membrane protein {ECO:0000305|PubMed:23166352}; Cytoplasmic side {ECO:0000305|PubMed:23166352}. Late endosome membrane {ECO:0000269|PubMed:11916981, ECO:0000269|PubMed:17229889}; Peripheral membrane protein. Cytoplasm, cytoskeleton, microtubule organizing center, centrosome {ECO:0000269|PubMed:17853893}. Midbody, Midbody ring {ECO:0000269|PubMed:17556548, ECO:0000269|PubMed:17853893}. Nucleus {ECO:0000269|PubMed:17229889}. Note=Mainly cytoplasmic. Membrane-associated when active and soluble when inactive. Nuclear localization is cell cycle-dependent. Interaction with CEP55 is required for localization to the midbody during cytokinesis. {ECO:0000269|PubMed:17556548, ECO:0000269|PubMed:17853893}."
Q9BS18,,,,SUBCELLULAR LOCATION: Nucleus {ECO:0000305}.
Q96LL9,,"TRANSMEM 208..225; /note=""Helical""; /evidence=""ECO:0000255""",,SUBCELLULAR LOCATION: Mitochondrion inner membrane {ECO:0000269|PubMed:30318146}; Single-pass membrane protein {ECO:0000255}.
Q96M94,,,,SUBCELLULAR LOCATION: Nucleus {ECO:0000269|PubMed:27561354}.
Q96Q05,,,,"SUBCELLULAR LOCATION: Golgi apparatus, cis-Golgi network {ECO:0000250}. Endoplasmic reticulum {ECO:0000250}. Cytoplasm {ECO:0000250}. Note=Processes and cell bodies of neurons. {ECO:0000250}."
Q96QT4,,"TRANSMEM 851..876; /note=""Helical; Name=1""; /evidence=""ECO:0000250|UniProtKB:Q923J1""; TRANSMEM 883..904; /note=""Helical; Name=2""; /evidence=""ECO:0000250|UniProtKB:Q923J1""; TRANSMEM 924..943; /note=""Helical; Name=3""; /evidence=""ECO:0000250|UniProtKB:Q923J1""; TRANSMEM 957..980; /note=""Helical; Name=4""; /evidence=""ECO:0000250|UniProtKB:Q923J1""; TRANSMEM 1000..1023; /note=""Helical; Name=5""; /evidence=""ECO:0000250|UniProtKB:Q923J1""; TRANSMEM 1070..1098; /note=""Helical; Name=6""; /evidence=""ECO:0000250|UniProtKB:Q923J1""","TOPO_DOM 1..850; /note=""Cytoplasmic""; /evidence=""ECO:0000305""; TOPO_DOM 877..882; /note=""Extracellular""; /evidence=""ECO:0000305""; TOPO_DOM 905..923; /note=""Cytoplasmic""; /evidence=""ECO:0000305""; TOPO_DOM 944..956; /note=""Extracellular""; /evidence=""ECO:0000305""; TOPO_DOM 981..999; /note=""Cytoplasmic""; /evidence=""ECO:0000305""; TOPO_DOM 1024..1025; /note=""Extracellular""; /evidence=""ECO:0000305""; TOPO_DOM 1067..1069; /note=""Extracellular""; /evidence=""ECO:0000305""; TOPO_DOM 1099..1865; /note=""Cytoplasmic""; /evidence=""ECO:0000305""","SUBCELLULAR LOCATION: Cell membrane {ECO:0000269|PubMed:24316671, ECO:0000269|PubMed:35561741}; Multi-pass membrane protein {ECO:0000250|UniProtKB:Q923J1}. Cytoplasmic vesicle membrane {ECO:0000250|UniProtKB:Q923J1}; Multi-pass membrane protein {ECO:0000250|UniProtKB:Q923J1}. Note=Localized largely in intracellular Zn(2+)-storage vesicles. {ECO:0000250|UniProtKB:Q923J1}.; SUBCELLULAR LOCATION: [TRPM7 kinase, cleaved form]: Nucleus {ECO:0000250|UniProtKB:Q923J1}."
Q99640,,,,SUBCELLULAR LOCATION: Endoplasmic reticulum membrane {ECO:0000269|PubMed:9001210}; Peripheral membrane protein {ECO:0000269|PubMed:9001210}. Golgi apparatus membrane {ECO:0000269|PubMed:9001210}; Peripheral membrane protein {ECO:0000269|PubMed:9001210}.
Q99719,,,,"SUBCELLULAR LOCATION: Cytoplasm {ECO:0000250}. Cytoplasm, cytoskeleton {ECO:0000250}. Note=In platelets, found in areas surrounding alpha-granules."
Q99747,,,,SUBCELLULAR LOCATION: Membrane {ECO:0000250|UniProtKB:P81127}; Peripheral membrane protein {ECO:0000250|UniProtKB:P81127}. Golgi apparatus {ECO:0000250|UniProtKB:Q9CWZ7}.
Q99848,,,,"SUBCELLULAR LOCATION: Nucleus, nucleolus {ECO:0000269|PubMed:19170763, ECO:0000269|PubMed:2879624}. Note=Associated with the nucleolus in an RNA-dependent manner."
Q9BQI3,,,,
Q9BRG1,,,,"SUBCELLULAR LOCATION: Cytoplasm. Endosome membrane. Nucleus, nucleoplasm. Note=Distributes diffusely throughout the cytoplasm and nucleoplasm, but exhibits a punctate distribution on coexpression with CHMP6."
Q9BRS2,,,,"SUBCELLULAR LOCATION: Cytoplasm, cytosol {ECO:0000269|PubMed:21081503}."
Q96N66,,"TRANSMEM 6..22; /note=""Helical""; /evidence=""ECO:0000305|PubMed:30959108""; TRANSMEM 34..57; /note=""Helical""; /evidence=""ECO:0000305|PubMed:30959108""; TRANSMEM 74..93; /note=""Helical""; /evidence=""ECO:0000305|PubMed:30959108""; TRANSMEM 195..212; /note=""Helical""; /evidence=""ECO:0000305|PubMed:30959108""; TRANSMEM 232..261; /note=""Helical""; /evidence=""ECO:0000305|PubMed:30959108""; TRANSMEM 427..447; /note=""Helical""; /evidence=""ECO:0000305|PubMed:30959108""","TOPO_DOM 1..5; /note=""Cytoplasmic""; /evidence=""ECO:0000305|PubMed:30959108""; TOPO_DOM 23..33; /note=""Lumenal""; /evidence=""ECO:0000305|PubMed:30959108""; TOPO_DOM 58..73; /note=""Cytoplasmic""; /evidence=""ECO:0000305|PubMed:30959108""; TOPO_DOM 94..194; /note=""Lumenal""; /evidence=""ECO:0000305|PubMed:30959108""; TOPO_DOM 213..231; /note=""Cytoplasmic""; /evidence=""ECO:0000305|PubMed:30959108""; TOPO_DOM 262..426; /note=""Lumenal""; /evidence=""ECO:0000305|PubMed:30959108""; TOPO_DOM 448..472; /note=""Cytoplasmic""; /evidence=""ECO:0000305|PubMed:30959108""","SUBCELLULAR LOCATION: Endoplasmic reticulum membrane {ECO:0000269|PubMed:23510452, ECO:0000269|PubMed:30959108}; Multi-pass membrane protein {ECO:0000305|PubMed:30959108}. Note=Localized in specific membrane structures termed mitochondria-associated membranes (MAMs) which connect the endoplasmic reticulum (ER) and the mitochondria. {ECO:0000269|PubMed:23510452}."
Q96Q15,,,,SUBCELLULAR LOCATION: Nucleus {ECO:0000269|PubMed:15175154}. Cytoplasm {ECO:0000269|PubMed:15175154}. Note=Present in the chromatoid body. {ECO:0000250|UniProtKB:Q8BKX6}.
Q96QK1,,,,"SUBCELLULAR LOCATION: Cytoplasm. Membrane; Peripheral membrane protein. Endosome {ECO:0000269|PubMed:15078903, ECO:0000269|PubMed:28892079}. Early endosome {ECO:0000305}. Late endosome {ECO:0000305}. Note=Localizes to tubular profiles adjacent to endosomes. {ECO:0000269|PubMed:15078903}."
Q96S21,,,,"SUBCELLULAR LOCATION: Cell membrane {ECO:0000305}; Lipid-anchor {ECO:0000305}; Cytoplasmic side {ECO:0000305}. Cytoplasm, cytosol {ECO:0000269|PubMed:35512830}. Golgi apparatus membrane {ECO:0000269|PubMed:35512830}. Note=Mostly localized in the cytosol and also with actin ruffles. {ECO:0000269|PubMed:35512830}."
Q96S59,,,,"SUBCELLULAR LOCATION: Cytoplasm {ECO:0000269|PubMed:11470507, ECO:0000269|PubMed:14511641, ECO:0000269|PubMed:15381419, ECO:0000269|PubMed:15558019, ECO:0000269|PubMed:17467196, ECO:0000269|PubMed:18222118, ECO:0000269|PubMed:24143168}. Nucleus {ECO:0000269|PubMed:11470507, ECO:0000269|PubMed:14511641, ECO:0000269|PubMed:15381419, ECO:0000269|PubMed:15558019, ECO:0000269|PubMed:17467196, ECO:0000269|PubMed:18222118}. Cell membrane {ECO:0000269|PubMed:14722085}; Peripheral membrane protein {ECO:0000269|PubMed:14722085}. Note=The unphosphorylated form is predominantly cytoplasmic. A phosphorylated form is associated with the plasma membrane. {ECO:0000269|PubMed:14722085}."
Q96SN7,,"TRANSMEM 66..83; /note=""Helical""; /evidence=""ECO:0000255""; TRANSMEM 94..114; /note=""Helical""; /evidence=""ECO:0000255""; TRANSMEM 148..168; /note=""Helical""; /evidence=""ECO:0000255""; TRANSMEM 196..216; /note=""Helical""; /evidence=""ECO:0000255""",,SUBCELLULAR LOCATION: Cell membrane {ECO:0000269|PubMed:17452328}; Multi-pass membrane protein {ECO:0000255}. Note=Colocalizes with STIM1 upon store depletion. {ECO:0000269|PubMed:19706554}.
Q96SY0,,,,SUBCELLULAR LOCATION: Nucleus {ECO:0000269|PubMed:39032490}.
Q96T37,,,,"SUBCELLULAR LOCATION: Nucleus speckle {ECO:0000269|PubMed:19586903, ECO:0000269|PubMed:24100041}. Nucleus, nucleoplasm {ECO:0000269|PubMed:17001072, ECO:0000269|PubMed:19786495, ECO:0000269|PubMed:24100041}. Nucleus envelope {ECO:0000269|PubMed:19586903}. Nucleus membrane {ECO:0000269|PubMed:19786495}; Peripheral membrane protein {ECO:0000269|PubMed:19786495}. Note=Colocalizes at the nuclear pore with DBP5 and NXF1. {ECO:0000269|PubMed:19786495}."
Q99541,,,,"SUBCELLULAR LOCATION: Membrane {ECO:0000250|UniProtKB:P43883}; Peripheral membrane protein {ECO:0000250|UniProtKB:P43883}. Lipid droplet {ECO:0000269|PubMed:34077757, ECO:0000305|PubMed:26357594}."
Q99543,,,,"SUBCELLULAR LOCATION: Nucleus {ECO:0000269|PubMed:21179169}. Cytoplasm, cytosol {ECO:0000269|PubMed:16002468, ECO:0000269|PubMed:21179169}."
Q99622,,,,SUBCELLULAR LOCATION: Cytoplasm {ECO:0000269|PubMed:23453666}.
Q99933,,,,"SUBCELLULAR LOCATION: [Isoform 1]: Nucleus. Cytoplasm. Note=Isoform 1 localizes predominantly to the nucleus.; SUBCELLULAR LOCATION: [Isoform 2]: Cytoplasm. Nucleus. Note=Isoform 2 localizes to the cytoplasm and shuttles into the nucleus in response to heat shock.; SUBCELLULAR LOCATION: [Isoform 4]: Cytoplasm. Nucleus. Note=Isoform 4 localizes predominantly to the cytoplasm. The cellular background in which it is expressed can influence whether it resides primarily in the cytoplasm or is also found in the nucleus. In the presence of BCL2, localizes to intracellular membranes (what appears to be the nuclear envelope and perinuclear membranes) as well as punctate cytosolic structures suggestive of mitochondria."
Q99986,,,,"SUBCELLULAR LOCATION: Nucleus {ECO:0000269|PubMed:10951572, ECO:0000269|PubMed:14645249, ECO:0000269|PubMed:15105425, ECO:0000269|PubMed:16704422, ECO:0000269|PubMed:18617507, ECO:0000269|PubMed:31090908}. Cytoplasm {ECO:0000269|PubMed:18617507, ECO:0000269|PubMed:31090908}. Nucleus, Cajal body {ECO:0000269|PubMed:21920476}. Note=Enriched on chromatin during mitosis. {ECO:0000269|PubMed:35390161}."
Q9BRK4,,,,"SUBCELLULAR LOCATION: Cytoplasm. Cytoplasm, cytoskeleton, microtubule organizing center, centrosome. Note=Localized to the centrosome throughout the cell cycle. Localized to the midbody in cells undergoing cytokinesis."
Q9BSB4,,,,"SUBCELLULAR LOCATION: Cytoplasm {ECO:0000269|PubMed:19597335}. Preautophagosomal structure {ECO:0000269|PubMed:19597335}. Note=Under starvation conditions, it is localized to puncate structures primarily representing the isolation membrane; the isolation membrane sequesters a portion of the cytoplasm resulting in autophagosome formation. {ECO:0000269|PubMed:19597335}."
Q96KB5,,,,
Q96NT5,,"TRANSMEM 26..44; /note=""Helical; Name=TM1""; /evidence=""ECO:0000250|UniProtKB:F1NJ67""; TRANSMEM 83..108; /note=""Helical; Name=TM2""; /evidence=""ECO:0000250|UniProtKB:F1NJ67""; TRANSMEM 113..135; /note=""Helical; Name=TM3""; /evidence=""ECO:0000250|UniProtKB:F1NJ67""; TRANSMEM 141..154; /note=""Helical; Name=TM4""; /evidence=""ECO:0000250|UniProtKB:F1NJ67""; TRANSMEM 178..203; /note=""Helical; Name=TM5""; /evidence=""ECO:0000250|UniProtKB:F1NJ67""; TRANSMEM 209..227; /note=""Helical; Name=TM6""; /evidence=""ECO:0000250|UniProtKB:F1NJ67""; TRANSMEM 267..289; /note=""Helical; Name=TM7""; /evidence=""ECO:0000250|UniProtKB:F1NJ67""; TRANSMEM 303..325; /note=""Helical; Name=TM8""; /evidence=""ECO:0000250|UniProtKB:F1NJ67""; TRANSMEM 332..351; /note=""Helical; Name=TM9""; /evidence=""ECO:0000250|UniProtKB:F1NJ67""; TRANSMEM 356..376; /note=""Helical; Name=TM10""; /evidence=""ECO:0000250|UniProtKB:F1NJ67""; TRANSMEM 389..414; /note=""Helical; Name=TM11""; /evidence=""ECO:0000250|UniProtKB:F1NJ67""; TRANSMEM 423..441; /note=""Helical; Name=TM12""; /evidence=""ECO:0000250|UniProtKB:F1NJ67""","TOPO_DOM 1..25; /note=""Cytoplasmic""; /evidence=""ECO:0000250|UniProtKB:F1NJ67""; TOPO_DOM 45..82; /note=""Extracellular""; /evidence=""ECO:0000250|UniProtKB:F1NJ67""; TOPO_DOM 109..112; /note=""Cytoplasmic""; /evidence=""ECO:0000250|UniProtKB:F1NJ67""; TOPO_DOM 136..140; /note=""Extracellular""; /evidence=""ECO:0000250|UniProtKB:F1NJ67""; TOPO_DOM 155..177; /note=""Cytoplasmic""; /evidence=""ECO:0000250|UniProtKB:F1NJ67""; TOPO_DOM 204..208; /note=""Extracellular""; /evidence=""ECO:0000250|UniProtKB:F1NJ67""; TOPO_DOM 228..266; /note=""Cytoplasmic""; /evidence=""ECO:0000250|UniProtKB:F1NJ67""; TOPO_DOM 290..302; /note=""Extracellular""; /evidence=""ECO:0000250|UniProtKB:F1NJ67""; TOPO_DOM 326..331; /note=""Cytoplasmic""; /evidence=""ECO:0000250|UniProtKB:F1NJ67""; TOPO_DOM 352..355; /note=""Extracellular""; /evidence=""ECO:0000250|UniProtKB:F1NJ67""; TOPO_DOM 377..388; /note=""Cytoplasmic""; /evidence=""ECO:0000250|UniProtKB:F1NJ67""; TOPO_DOM 415..422; /note=""Extracellular""; /evidence=""ECO:0000250|UniProtKB:F1NJ67""; TOPO_DOM 442..459; /note=""Cytoplasmic""; /evidence=""ECO:0000250|UniProtKB:F1NJ67""","SUBCELLULAR LOCATION: Cell membrane {ECO:0000269|PubMed:17156779, ECO:0000269|PubMed:17446347, ECO:0000269|PubMed:18405659, ECO:0000269|PubMed:23601781, ECO:0000269|PubMed:25053408, ECO:0000269|PubMed:25504888, ECO:0000269|PubMed:29344585, ECO:0000269|PubMed:30858177, ECO:0000269|PubMed:34619546}; Multi-pass membrane protein {ECO:0000269|PubMed:25053408}. Apical cell membrane {ECO:0000269|PubMed:16143108, ECO:0000269|PubMed:17129779, ECO:0000269|PubMed:17475902}; Multi-pass membrane protein {ECO:0000269|PubMed:25053408}. Basolateral cell membrane {ECO:0000269|PubMed:19074442}; Multi-pass membrane protein {ECO:0000269|PubMed:25053408}. Endosome membrane {ECO:0000305|PubMed:19074442}; Multi-pass membrane protein {ECO:0000269|PubMed:25053408}. Cytoplasm {ECO:0000250|UniProtKB:Q6PEM8}. Note=Localizes to the apical membrane of intestinal cells in iron-deficient cells, while it resides in the cytoplasm in iron-replete cells (By similarity). Localizes to the basolateral membrane of choroid plexus (PubMed:19074442). {ECO:0000250|UniProtKB:Q6PEM8, ECO:0000269|PubMed:19074442}."
Q96NW4,,,,"SUBCELLULAR LOCATION: Early endosome {ECO:0000269|PubMed:16525121, ECO:0000269|PubMed:24856514}. Late endosome {ECO:0000269|PubMed:23104059}. Cytoplasmic vesicle membrane {ECO:0000269|PubMed:23104059}. Lysosome {ECO:0000269|PubMed:23104059}. Cell membrane {ECO:0000269|PubMed:23104059}. Melanosome {ECO:0000250|UniProtKB:Q3UMR0}. Note=Colocalizes with VAMP7 in transport vesicles in the shaft of hippocampal neurons (By similarity). {ECO:0000250|UniProtKB:Q3UMR0}."
Q96Q42,,,,
Q96QU8,,,,SUBCELLULAR LOCATION: Nucleus {ECO:0000269|PubMed:14592989}. Cytoplasm {ECO:0000269|PubMed:14592989}. Note=Shuttles between the nucleus and the cytoplasm. {ECO:0000269|PubMed:14592989}.
Q96SB4,,,,"SUBCELLULAR LOCATION: [Isoform 2]: Cytoplasm. Nucleus. Nucleus matrix. Microsome. Note=Shuttles between the nucleus and the cytoplasm. Inhibition of the Hsp90 ATPase activity, osmotic stress and interaction with HHV-1 ICP27 protein can induce its translocation to the nucleus. KAT5/TIP60 inhibits its nuclear translocation.; SUBCELLULAR LOCATION: [Isoform 1]: Cytoplasm. Nucleus matrix. Microsome. Note=Mainly localized in the microsomal fraction and the cytoplasm, and to a lesser extent in the nuclear matrix.; SUBCELLULAR LOCATION: Cytoplasm {ECO:0000269|PubMed:28076779}. Nucleus, nucleoplasm {ECO:0000269|PubMed:28076779}. Nucleus speckle {ECO:0000269|PubMed:28076779}. Chromosome {ECO:0000269|PubMed:28076779}. Note=Preferentially localizes to the promoter of gene coding regions. {ECO:0000269|PubMed:28076779}."
Q99832,,,,SUBCELLULAR LOCATION: Cytoplasm {ECO:0000250|UniProtKB:P80313}.
Q9BQ70,,,,"SUBCELLULAR LOCATION: Nucleus {ECO:0000269|PubMed:16574069, ECO:0000269|PubMed:18068114}. Cytoplasm, cytosol {ECO:0000269|PubMed:18068114}. Note=Mainly nuclear. {ECO:0000269|PubMed:18068114}."
Q9BR76,,,,"SUBCELLULAR LOCATION: Cytoplasm, cytoskeleton {ECO:0000269|PubMed:16027158}. Cytoplasm, cytoskeleton, stress fiber {ECO:0000269|PubMed:16027158}. Note=Localized to the leading edge in fibroblasts, as well as weakly along actin stress fibers. {ECO:0000269|PubMed:16027158}."
Q96Q89,,,,"SUBCELLULAR LOCATION: Nucleus {ECO:0000269|PubMed:12740395, ECO:0000269|PubMed:17409436}. Cytoplasm, cytoskeleton, microtubule organizing center, centrosome {ECO:0000269|PubMed:11470801}. Nucleus, nucleolus {ECO:0000269|PubMed:11470801}. Nucleus, nucleoplasm {ECO:0000269|PubMed:11470801}. Cytoplasm, cytoskeleton, spindle {ECO:0000269|PubMed:11470801, ECO:0000269|PubMed:12740395}. Cytoplasm, cytoskeleton, spindle pole {ECO:0000269|PubMed:11470801}. Midbody {ECO:0000269|PubMed:12740395, ECO:0000269|PubMed:17409436}. Cell projection, axon {ECO:0000250|UniProtKB:Q80WE4}. Cell projection, growth cone {ECO:0000250|UniProtKB:Q80WE4}. Note=Localizes mainly in the nucleus during interphase although it is also detected in the cytoplasm without clear association with microtubules (PubMed:12740395). Localized to the central spindle during cytokinetic furrowing and with the midbody during abscission (PubMed:12740395, PubMed:17409436). A 2-3 fold expression increase is seen as cells progress from G1 to G2/M phase (PubMed:12740395). During prophase and metaphase it is found throughout the cytoplasm and at anaphase accumulates at the midplan of the cell and forms a distinct band extending across the spindle midzone (PubMed:12740395). At anaphase it is concentrated in the midbody (PubMed:12740395). Colocalized partially along microtubules in primary neurons. Colocalized with SHTN1 along microtubules to the tip of the growing cone in primary hippocampal neurons. Localized in midbodies between dividing radial progenitors in the ventricular zone (By similarity). Colocalized with PRC1 in the nucleus of bladder carcinoma cells at the interphase. Colocalized with PRC1 in bladder carcinoma cells at prophase, metaphase, early anaphase, at the midzone in late anaphase and at the contractile ring in telophase (PubMed:17409436). {ECO:0000250|UniProtKB:Q80WE4, ECO:0000269|PubMed:12740395, ECO:0000269|PubMed:17409436}."
Q9BRV3,,"TRANSMEM 3..23; /note=""Helical; Name=1""; /evidence=""ECO:0000255""; TRANSMEM 42..62; /note=""Helical; Name=2""; /evidence=""ECO:0000255""; TRANSMEM 68..88; /note=""Helical; Name=3""; /evidence=""ECO:0000255""; TRANSMEM 96..116; /note=""Helical; Name=4""; /evidence=""ECO:0000255""; TRANSMEM 129..149; /note=""Helical; Name=5""; /evidence=""ECO:0000255""; TRANSMEM 160..180; /note=""Helical; Name=6""; /evidence=""ECO:0000255""; TRANSMEM 186..206; /note=""Helical; Name=7""; /evidence=""ECO:0000255""",,SUBCELLULAR LOCATION: Golgi apparatus membrane {ECO:0000269|PubMed:21107422}; Multi-pass membrane protein {ECO:0000269|PubMed:21107422}. Cell membrane {ECO:0000269|PubMed:21107422}; Multi-pass membrane protein {ECO:0000269|PubMed:21107422}. Note=May also localize to the endoplasmic reticulum. {ECO:0000250}.
Q96PE3,,,,"SUBCELLULAR LOCATION: Early endosome membrane {ECO:0000269|PubMed:15716355}. Recycling endosome membrane {ECO:0000269|PubMed:15716355}. Cell membrane {ECO:0000269|PubMed:15716355}. Nucleus {ECO:0000269|PubMed:30071275}. Cytoplasm {ECO:0000269|PubMed:30071275}. Postsynaptic density {ECO:0000250|UniProtKB:Q9EPW0}. Note=Translocates to the plasma membrane upon EGF stimulation (PubMed:15716355). Shuttles between the cytoplasm and the nucleus, depending on the cell cycle stage, with highest amounts detected in the nucleus during the G0/G1phase (PubMed:30071275). {ECO:0000269|PubMed:15716355, ECO:0000269|PubMed:30071275}."
Q96QD8,,"TRANSMEM 77..96; /note=""Helical""; /evidence=""ECO:0000255""; TRANSMEM 103..123; /note=""Helical""; /evidence=""ECO:0000250|UniProtKB:Q9JHE5, ECO:0000255""; TRANSMEM 159..177; /note=""Helical""; /evidence=""ECO:0000250|UniProtKB:Q9JHE5, ECO:0000255""; TRANSMEM 189..209; /note=""Helical""; /evidence=""ECO:0000250|UniProtKB:Q9JHE5, ECO:0000255""; TRANSMEM 218..238; /note=""Helical""; /evidence=""ECO:0000250|UniProtKB:Q9JHE5, ECO:0000255""; TRANSMEM 293..313; /note=""Helical""; /evidence=""ECO:0000250|UniProtKB:Q9JHE5, ECO:0000255""; TRANSMEM 330..350; /note=""Helical""; /evidence=""ECO:0000255""; TRANSMEM 372..392; /note=""Helical""; /evidence=""ECO:0000255""; TRANSMEM 414..434; /note=""Helical""; /evidence=""ECO:0000255""; TRANSMEM 437..457; /note=""Helical""; /evidence=""ECO:0000250|UniProtKB:Q9JHE5, ECO:0000255""; TRANSMEM 473..495; /note=""Helical""; /evidence=""ECO:0000250|UniProtKB:Q9JHE5, ECO:0000255""","TOPO_DOM 1..76; /note=""Cytoplasmic""; /evidence=""ECO:0000250|UniProtKB:Q9JHE5, ECO:0000255""; TOPO_DOM 97..102; /note=""Extracellular""; /evidence=""ECO:0000250|UniProtKB:Q9JHE5, ECO:0000255""; TOPO_DOM 124..158; /note=""Cytoplasmic""; /evidence=""ECO:0000250|UniProtKB:Q9JHE5, ECO:0000255""; TOPO_DOM 178..188; /note=""Extracellular""; /evidence=""ECO:0000255""; TOPO_DOM 210..217; /note=""Cytoplasmic""; /evidence=""ECO:0000250|UniProtKB:Q9JHE5, ECO:0000255""; TOPO_DOM 239..292; /note=""Extracellular""; /evidence=""ECO:0000250|UniProtKB:Q9JHE5, ECO:0000255""; TOPO_DOM 314..329; /note=""Cytoplasmic""; /evidence=""ECO:0000250|UniProtKB:Q9JHE5, ECO:0000255""; TOPO_DOM 351..371; /note=""Extracellular""; /evidence=""ECO:0000250|UniProtKB:Q9JHE5, ECO:0000255""; TOPO_DOM 393..413; /note=""Cytoplasmic""; /evidence=""ECO:0000250|UniProtKB:Q9JHE5, ECO:0000255""; TOPO_DOM 435..436; /note=""Extracellular""; /evidence=""ECO:0000250|UniProtKB:Q9JHE5, ECO:0000255""; TOPO_DOM 458..472; /note=""Cytoplasmic""; /evidence=""ECO:0000255""; TOPO_DOM 496..506; /note=""Extracellular""; /evidence=""ECO:0000250|UniProtKB:Q9JHE5, ECO:0000255""","SUBCELLULAR LOCATION: Cell membrane {ECO:0000250|UniProtKB:Q9JHE5}; Multi-pass membrane protein {ECO:0000250|UniProtKB:Q9JHE5}. Note=Insulin promotes recruitment to the plasma membrane from a pool localized in the trans-Golgi network or endosomes. Enriched in the somatodendritic compartment of neurons, it is also detected at the axonal shaft but excluded from the nerve terminal. {ECO:0000250|UniProtKB:Q9JHE5}."
Q96RN5,,,,SUBCELLULAR LOCATION: Cytoplasm. Nucleus.
Q99808,,"TRANSMEM 15..36; /note=""Helical; Name=1""; /evidence=""ECO:0000269|PubMed:31235912, ECO:0007744|PDB:6OB6""; TRANSMEM 80..103; /note=""Helical; Name=2""; /evidence=""ECO:0000269|PubMed:31235912, ECO:0007744|PDB:6OB6""; TRANSMEM 109..131; /note=""Helical; Name=3""; /evidence=""ECO:0000269|PubMed:31235912, ECO:0007744|PDB:6OB6""; TRANSMEM 141..163; /note=""Helical; Name=4""; /evidence=""ECO:0000269|PubMed:31235912, ECO:0007744|PDB:6OB6""; TRANSMEM 173..194; /note=""Helical; Name=5""; /evidence=""ECO:0000269|PubMed:31235912, ECO:0007744|PDB:6OB6""; TRANSMEM 203..224; /note=""Helical; Name=6""; /evidence=""ECO:0000269|PubMed:31235912, ECO:0007744|PDB:6OB6""; TRANSMEM 289..312; /note=""Helical; Name=7""; /evidence=""ECO:0000269|PubMed:31235912, ECO:0007744|PDB:6OB6""; TRANSMEM 329..350; /note=""Helical; Name=8""; /evidence=""ECO:0000269|PubMed:31235912, ECO:0007744|PDB:6OB6""; TRANSMEM 359..377; /note=""Helical; Name=9""; /evidence=""ECO:0000269|PubMed:31235912, ECO:0007744|PDB:6OB6""; TRANSMEM 394..416; /note=""Helical; Name=10""; /evidence=""ECO:0000269|PubMed:31235912, ECO:0007744|PDB:6OB6""; TRANSMEM 431..450; /note=""Helical; Name=11""; /evidence=""ECO:0000269|PubMed:31235912, ECO:0007744|PDB:6OB6""","TOPO_DOM 2..14; /note=""Cytoplasmic""; /evidence=""ECO:0000269|PubMed:11584005""; TOPO_DOM 37..79; /note=""Extracellular""; /evidence=""ECO:0000269|PubMed:11584005""; TOPO_DOM 104..108; /note=""Cytoplasmic""; /evidence=""ECO:0000269|PubMed:11584005""; TOPO_DOM 132..140; /note=""Extracellular""; /evidence=""ECO:0000269|PubMed:11584005""; TOPO_DOM 164..172; /note=""Cytoplasmic""; /evidence=""ECO:0000305""; TOPO_DOM 195..202; /note=""Extracellular""; /evidence=""ECO:0000269|PubMed:11584005""; TOPO_DOM 225..288; /note=""Cytoplasmic""; /evidence=""ECO:0000269|PubMed:11584005""; TOPO_DOM 313..328; /note=""Extracellular""; /evidence=""ECO:0000269|PubMed:11584005""; TOPO_DOM 351..358; /note=""Cytoplasmic""; /evidence=""ECO:0000269|PubMed:11584005""; TOPO_DOM 378..393; /note=""Extracellular""; /evidence=""ECO:0000305""; TOPO_DOM 417..430; /note=""Cytoplasmic""; /evidence=""ECO:0000305""; TOPO_DOM 451..456; /note=""Extracellular""; /evidence=""ECO:0000269|PubMed:11584005""","SUBCELLULAR LOCATION: Basolateral cell membrane {ECO:0000269|PubMed:12527552, ECO:0000269|PubMed:23639800}; Multi-pass membrane protein {ECO:0000305}. Apical cell membrane {ECO:0000269|PubMed:12527552}; Multi-pass membrane protein {ECO:0000305}. Cell membrane {ECO:0000269|PubMed:11584005, ECO:0000269|PubMed:15501974, ECO:0000269|PubMed:23219802, ECO:0000269|PubMed:26406980}; Multi-pass membrane protein {ECO:0000305}. Note=Localized to the basolateral membrane of Sertoli cells (PubMed:23639800). Localized to the cell membrane of erythrocytes (PubMed:11584005, PubMed:23219802). {ECO:0000269|PubMed:11584005, ECO:0000269|PubMed:12527552, ECO:0000269|PubMed:23219802, ECO:0000269|PubMed:23639800}."
Q96RG2,,,,SUBCELLULAR LOCATION: Cytoplasm {ECO:0000269|PubMed:17595531}. Nucleus {ECO:0000269|PubMed:17595531}. Note=Localizes in the nucleus of testis germ cells and in the midpiece of sperm tails.
Q99961,,,,"SUBCELLULAR LOCATION: Cytoplasm {ECO:0000250}. Early endosome membrane {ECO:0000250}; Peripheral membrane protein {ECO:0000250}. Cell projection, podosome {ECO:0000269|PubMed:23285027}. Note=Associated with postsynaptic endosomes in hippocampal neurons. {ECO:0000250}."
Q9BQQ3,,,,"SUBCELLULAR LOCATION: Golgi apparatus, cis-Golgi network membrane {ECO:0000269|PubMed:11781572}; Peripheral membrane protein {ECO:0000305}; Cytoplasmic side {ECO:0000305}. Endoplasmic reticulum-Golgi intermediate compartment membrane {ECO:0000269|PubMed:11781572}."
Q99439,,,,
Q99755,,,,"SUBCELLULAR LOCATION: Cell membrane {ECO:0000269|PubMed:19158393}. Cytoplasm {ECO:0000250|UniProtKB:P70182}. Nucleus {ECO:0000269|PubMed:15157668}. Nucleus speckle {ECO:0000269|PubMed:18288197}. Cell projection, ruffle {ECO:0000269|PubMed:20660631}. Cell projection, lamellipodium {ECO:0000269|PubMed:15157668}. Note=Colocalizes with RAC1 at actin-rich membrane ruffles (PubMed:20660631). Localizes to nuclear speckles and associates with TUT1 to regulate polyadenylation of selected mRNAs (PubMed:18288197). {ECO:0000269|PubMed:18288197, ECO:0000269|PubMed:20660631}."
Q96P47,,,,"SUBCELLULAR LOCATION: Cytoplasm {ECO:0000269|PubMed:16461359}. Note=In cells upon oxidative stress or in brains of Machado-Joseph disease patients, translocates to PML nuclear bodies."
Q99612,,,,SUBCELLULAR LOCATION: Nucleus.
Q9BQG0,,,,"SUBCELLULAR LOCATION: Cytoplasm {ECO:0000269|PubMed:12429849}. Nucleus {ECO:0000269|PubMed:12429849}. Nucleus, nucleolus {ECO:0000269|PubMed:12429849}. Note=Shuttles between the nucleus and cytoplasm. Nuclear import may be mediated by KPNA2, while export appears to depend partially on XPO1/CRM1 (By similarity). Predominantly nucleolar. {ECO:0000250|UniProtKB:Q7TPV4}."
Q9BRL7,,"TRANSMEM 184..204; /note=""Helical""; /evidence=""ECO:0000255""; TRANSMEM 224..244; /note=""Helical""; /evidence=""ECO:0000255""; TRANSMEM 249..269; /note=""Helical""; /evidence=""ECO:0000255""; TRANSMEM 271..291; /note=""Helical""; /evidence=""ECO:0000255""","TOPO_DOM 1..183; /note=""Cytoplasmic""; /evidence=""ECO:0000255""; TOPO_DOM 205..223; /note=""Lumenal""; /evidence=""ECO:0000255""; TOPO_DOM 245..248; /note=""Cytoplasmic""; /evidence=""ECO:0000255""; TOPO_DOM 270; /note=""Lumenal""; /evidence=""ECO:0000255""; TOPO_DOM 292..303; /note=""Cytoplasmic""; /evidence=""ECO:0000255""",SUBCELLULAR LOCATION: Endoplasmic reticulum membrane {ECO:0000269|PubMed:9501016}; Multi-pass membrane protein {ECO:0000269|PubMed:9501016}.
Q96RR4,,,,"SUBCELLULAR LOCATION: Nucleus {ECO:0000269|PubMed:21957496}. Cytoplasm {ECO:0000269|PubMed:21957496}. Cell projection, neuron projection {ECO:0000269|PubMed:21957496}. Note=Predominantly nuclear in unstimulated cells, relocalizes into cytoplasm and neurites after forskolin induction. {ECO:0000269|PubMed:21957496}."
Q9BQC3,,,,
Q96N67,,,,"SUBCELLULAR LOCATION: Cell projection, axon {ECO:0000269|PubMed:16982419}. Note=Enriched in the developing axons of hippocampal neurons."
Q96PU5,,,,"SUBCELLULAR LOCATION: Cytoplasm {ECO:0000269|PubMed:15496141, ECO:0000269|PubMed:18819914, ECO:0000269|PubMed:27694961}. Golgi apparatus {ECO:0000269|PubMed:26363003}. Endosome, multivesicular body {ECO:0000269|PubMed:26363003}. Note=May be recruited to exosomes by NDFIP1."
Q96P50,,,,
Q9BRJ6,,,,"SUBCELLULAR LOCATION: Secreted {ECO:0000269|PubMed:38503280}. Note=Secreted via exosomes, secretion is induced by feeding and cholesterol absorption. {ECO:0000269|PubMed:38503280}."
Q96KC2,,,,
Q9BRY0,,"TRANSMEM 4..24; /note=""Helical""; /evidence=""ECO:0000255""; TRANSMEM 43..63; /note=""Helical""; /evidence=""ECO:0000255""; TRANSMEM 86..106; /note=""Helical""; /evidence=""ECO:0000255""; TRANSMEM 170..190; /note=""Helical""; /evidence=""ECO:0000255""; TRANSMEM 197..217; /note=""Helical""; /evidence=""ECO:0000255""; TRANSMEM 230..250; /note=""Helical""; /evidence=""ECO:0000255""; TRANSMEM 263..283; /note=""Helical""; /evidence=""ECO:0000255""; TRANSMEM 293..313; /note=""Helical""; /evidence=""ECO:0000255""","TOPO_DOM 1..3; /note=""Extracellular""; /evidence=""ECO:0000255""; TOPO_DOM 25..42; /note=""Cytoplasmic""; /evidence=""ECO:0000255""; TOPO_DOM 64..85; /note=""Extracellular""; /evidence=""ECO:0000255""; TOPO_DOM 107..169; /note=""Cytoplasmic""; /evidence=""ECO:0000255""; TOPO_DOM 191..196; /note=""Extracellular""; /evidence=""ECO:0000255""; TOPO_DOM 218..229; /note=""Cytoplasmic""; /evidence=""ECO:0000255""; TOPO_DOM 251..262; /note=""Extracellular""; /evidence=""ECO:0000255""; TOPO_DOM 284..292; /note=""Cytoplasmic""; /evidence=""ECO:0000255""; TOPO_DOM 314; /note=""Extracellular""; /evidence=""ECO:0000255""","SUBCELLULAR LOCATION: Cell membrane {ECO:0000250|UniProtKB:Q99K24}; Multi-pass membrane protein {ECO:0000255}. Apical cell membrane {ECO:0000250|UniProtKB:Q99K24}; Multi-pass membrane protein {ECO:0000255}. Note=Localized primarily at the cell surface but also found in a perinuclear compartment in HC11 cells. In mammary epithelial cell, localized primary to the apical membrane. {ECO:0000250|UniProtKB:Q99K24}."
Q9BUE0,,,,SUBCELLULAR LOCATION: Nucleus {ECO:0000305}.
Q9BVS4,,,,"SUBCELLULAR LOCATION: Cytoplasm {ECO:0000269|PubMed:16037817, ECO:0000269|PubMed:19564402}. Note=Exported out of the nucleus via its NES in a XPO1-dependent manner. {ECO:0000269|PubMed:19564402}."
Q9BXF3,,,,SUBCELLULAR LOCATION: Nucleus {ECO:0000269|PubMed:25593309}.
Q9BY78,,"TRANSMEM 24..44; /note=""Helical""; /evidence=""ECO:0000255""; TRANSMEM 60..80; /note=""Helical""; /evidence=""ECO:0000255""; TRANSMEM 147..169; /note=""Helical""; /evidence=""ECO:0000255""; TRANSMEM 183..203; /note=""Helical""; /evidence=""ECO:0000255""; TRANSMEM 220..240; /note=""Helical""; /evidence=""ECO:0000255""",,"SUBCELLULAR LOCATION: Endoplasmic reticulum membrane {ECO:0000269|PubMed:25254379, ECO:0000269|PubMed:27368102, ECO:0000269|PubMed:32614325}; Multi-pass membrane protein {ECO:0000255}."
Q9BZL6,,,,"SUBCELLULAR LOCATION: Cytoplasm {ECO:0000269|PubMed:17962809}. Cell membrane {ECO:0000250|UniProtKB:Q15139}. Nucleus {ECO:0000269|PubMed:17962809}. Golgi apparatus, trans-Golgi network {ECO:0000269|PubMed:18262756}. Note=Translocation to the cell membrane is required for kinase activation. Accumulates in the nucleus upon CK1-mediated phosphorylation after activation of G protein-coupled receptors. Nuclear accumulation is regulated by blocking nuclear export of active PRKD2 rather than by increasing import. {ECO:0000269|PubMed:17962809}."
Q9C0C7,,,,"SUBCELLULAR LOCATION: Endoplasmic reticulum {ECO:0000269|PubMed:20921139}. Cytoplasm, cytoskeleton {ECO:0000269|PubMed:20921139}. Cytoplasmic vesicle, autophagosome {ECO:0000250|UniProtKB:A2AH22}. Mitochondrion {ECO:0000269|PubMed:21358617, ECO:0000269|PubMed:25215947}. Cytoplasm, cytosol {ECO:0000250|UniProtKB:A2AH22}. Nucleus {ECO:0000269|PubMed:32616651}. Cell junction, focal adhesion {ECO:0000250|UniProtKB:A2AH22}. Note=Localizes to the cytoskeleton in absence of autophagy induction (PubMed:20921139). Upon autophagy induction, AMBRA1 relocalizes to the endoplasmic reticulum to enable autophagosome nucleation (PubMed:20921139). Partially localizes at mitochondria in normal conditions (PubMed:21358617). Also localizes to discrete punctae along the ciliary axoneme (By similarity). {ECO:0000250|UniProtKB:A2AH22, ECO:0000269|PubMed:20921139, ECO:0000269|PubMed:21358617}."
Q9GZZ9,,,,"SUBCELLULAR LOCATION: Cytoplasm {ECO:0000269|PubMed:18442052, ECO:0000269|PubMed:26872069}. Nucleus {ECO:0000269|PubMed:18442052}. Endoplasmic reticulum membrane {ECO:0000269|PubMed:30990354}. Golgi apparatus {ECO:0000269|PubMed:26872069}. Note=Localizes mainly in the cytoplasm, while it localizes to the nucleus in presence of SUMO2 (PubMed:18442052). Interaction with GABARAPL2 promotes localization to the endoplasmic reticulum membrane (PubMed:30990354). {ECO:0000269|PubMed:18442052, ECO:0000269|PubMed:30990354}."
Q9H082,,,,"SUBCELLULAR LOCATION: Golgi apparatus membrane {ECO:0000269|PubMed:32960676}; Lipid-anchor {ECO:0000305}. Golgi apparatus, cis-Golgi network {ECO:0000269|PubMed:18448665}. Preautophagosomal structure membrane {ECO:0000269|PubMed:32960676}. Note=Under starvation conditions punctate RAB33B-positive structures are often observed in the cytoplasm (By similarity). Under starved conditions RAB33B translocates from the Golgi to phagophores; this translocation is driven by interaction with ATG16L1 (PubMed:32960676). {ECO:0000250|UniProtKB:O35963, ECO:0000269|PubMed:32960676}."
Q9H0A8,,,,SUBCELLULAR LOCATION: Cytoplasm {ECO:0000269|PubMed:21778237}. Nucleus {ECO:0000269|PubMed:21778237}.
Q9H0F7,,,,"SUBCELLULAR LOCATION: Cell projection, cilium membrane; Peripheral membrane protein; Cytoplasmic side. Cytoplasm, cytoskeleton, cilium axoneme. Cytoplasm, cytoskeleton, cilium basal body. Note=Appears in a pattern of punctae flanking the microtubule axoneme that likely correspond to small membrane-associated patches. Localizes to the so-called ciliary gate where vesicles carrying ciliary cargo fuse with the membrane."
Q9H0H5,,,,"SUBCELLULAR LOCATION: Nucleus {ECO:0000269|PubMed:18445686}. Cytoplasm. Cytoplasm, cytoskeleton, spindle {ECO:0000269|PubMed:18445686}. Cytoplasmic vesicle, secretory vesicle, acrosome. Cleavage furrow. Midbody, Midbody ring {ECO:0000269|PubMed:16213214}. Cell membrane; Peripheral membrane protein; Cytoplasmic side. Midbody {ECO:0000269|PubMed:36825683, ECO:0000269|PubMed:41361016}. Note=Colocalizes with RND2 in Golgi-derived proacrosomal vesicles and the acrosome (By similarity). During interphase, localized to the nucleus and cytoplasm along with microtubules, in anaphase, is redistributed to the central spindle and, in telophase and cytokinesis, to the midbody ring, also called Flemming body. Colocalizes with RHOA at the myosin contractile ring during cytokinesis. Colocalizes with ECT2 to the mitotic spindles during anaphase/metaphase, the cleavage furrow during telophase and at the midbody at the end of cytokinesis. Colocalizes with Cdc42 to spindle microtubules from prometaphase to telophase. Localizes to the midbody in a KIF23 and PRC1-dependent manner. {ECO:0000250|UniProtKB:Q9WVM1, ECO:0000269|PubMed:36825683}."
Q9H0U4,,,,"SUBCELLULAR LOCATION: Cytoplasm {ECO:0000269|PubMed:11389151}. Membrane {ECO:0000269|PubMed:11389151}; Lipid-anchor {ECO:0000269|PubMed:11389151}; Cytoplasmic side {ECO:0000269|PubMed:11389151}. Preautophagosomal structure membrane {ECO:0000269|PubMed:20545908}; Lipid-anchor {ECO:0000305}; Cytoplasmic side {ECO:0000305}. Cytoplasm, perinuclear region {ECO:0000250|UniProtKB:P10536}. Note=Targeted by REP1 to membranes of specific subcellular compartments including endoplasmic reticulum, Golgi apparatus, and intermediate vesicles between these two compartments (PubMed:11389151). In the GDP-form, colocalizes with GDI in the cytoplasm (PubMed:11389151). Co-localizes with MTMR6 to the endoplasmic reticulum-Golgi intermediate compartment and to the peri-Golgi region (By similarity). {ECO:0000250|UniProtKB:P10536, ECO:0000269|PubMed:11389151}."
Q9H1E3,,,,"SUBCELLULAR LOCATION: Nucleus {ECO:0000269|PubMed:11298763, ECO:0000269|PubMed:26323318}. Chromosome {ECO:0000269|PubMed:26323318}."
Q9H204,,,,"SUBCELLULAR LOCATION: Nucleus {ECO:0000269|PubMed:15467741}. Cytoplasm {ECO:0000269|PubMed:15467741}. Membrane {ECO:0000269|PubMed:15467741}; Peripheral membrane protein {ECO:0000269|PubMed:15467741}. Note=According to PubMed:15467741, it is cytoplasmic and mainly membrane-associated."
Q9H270,,,,"SUBCELLULAR LOCATION: Endosome {ECO:0000269|PubMed:20682791}. Late endosome membrane {ECO:0000269|PubMed:11382755, ECO:0000269|PubMed:21148287}; Peripheral membrane protein {ECO:0000269|PubMed:11382755}; Cytoplasmic side {ECO:0000305}. Lysosome membrane {ECO:0000269|PubMed:11382755, ECO:0000269|PubMed:17897319, ECO:0000269|PubMed:21802320}; Peripheral membrane protein {ECO:0000269|PubMed:11382755}; Cytoplasmic side {ECO:0000305}. Early endosome {ECO:0000269|PubMed:21148287, ECO:0000305}. Cytoplasmic vesicle {ECO:0000305}. Cytoplasmic vesicle, autophagosome {ECO:0000305}. Cytoplasmic vesicle, clathrin-coated vesicle {ECO:0000305}."
Q9BT43,,,,SUBCELLULAR LOCATION: Nucleus {ECO:0000269|PubMed:20154270}.
Q9BUI4,,,,SUBCELLULAR LOCATION: Nucleus {ECO:0000269|PubMed:33335104}.
Q9BVK8,,"TRANSMEM 1..21; /note=""Helical""; /evidence=""ECO:0000250|UniProtKB:A0A8I3MKU8""; TRANSMEM 35..58; /note=""Helical""; /evidence=""ECO:0000250|UniProtKB:A0A8I3MKU8""; TRANSMEM 67..88; /note=""Helical""; /evidence=""ECO:0000250|UniProtKB:A0A8I3MKU8""; TRANSMEM 99..124; /note=""Helical""; /evidence=""ECO:0000250|UniProtKB:A0A8I3MKU8""; TRANSMEM 130..155; /note=""Helical""; /evidence=""ECO:0000250|UniProtKB:A0A8I3MKU8""; TRANSMEM 165..187; /note=""Helical""; /evidence=""ECO:0000250|UniProtKB:A0A8I3MKU8""; TRANSMEM 195..216; /note=""Helical""; /evidence=""ECO:0000250|UniProtKB:A0A8I3MKU8""","TOPO_DOM 22..34; /note=""Cytoplasmic""; /evidence=""ECO:0000250|UniProtKB:A0A8I3MKU8""; TOPO_DOM 59..66; /note=""Lumenal""; /evidence=""ECO:0000250|UniProtKB:A0A8I3MKU8""; TOPO_DOM 89..98; /note=""Cytoplasmic""; /evidence=""ECO:0000250|UniProtKB:A0A8I3MKU8""; TOPO_DOM 125..129; /note=""Lumenal""; /evidence=""ECO:0000250|UniProtKB:A0A8I3MKU8""; TOPO_DOM 156..164; /note=""Cytoplasmic""; /evidence=""ECO:0000250|UniProtKB:A0A8I3MKU8""; TOPO_DOM 188..194; /note=""Lumenal""; /evidence=""ECO:0000250|UniProtKB:A0A8I3MKU8""; TOPO_DOM 217..224; /note=""Cytoplasmic""; /evidence=""ECO:0000250|UniProtKB:A0A8I3MKU8""","SUBCELLULAR LOCATION: Endoplasmic reticulum membrane {ECO:0000269|PubMed:20538592, ECO:0000269|PubMed:21056967, ECO:0000269|PubMed:32694168, ECO:0000269|PubMed:36044892, ECO:0000269|PubMed:36261522}; Multi-pass membrane protein {ECO:0000255}. Nucleus membrane {ECO:0000269|PubMed:32694168}; Multi-pass membrane protein {ECO:0000255}. Cell membrane {ECO:0000250|UniProtKB:I6VSD2}; Multi-pass membrane protein {ECO:0000255}."
Q9BW60,,"TRANSMEM 23..43; /note=""Helical""; /evidence=""ECO:0000255|HAMAP-Rule:MF_03201""; TRANSMEM 61..81; /note=""Helical""; /evidence=""ECO:0000255|HAMAP-Rule:MF_03201""; TRANSMEM 110..130; /note=""Helical""; /evidence=""ECO:0000255|HAMAP-Rule:MF_03201""; TRANSMEM 137..154; /note=""Helical""; /evidence=""ECO:0000255|HAMAP-Rule:MF_03201""; TRANSMEM 176..196; /note=""Helical""; /evidence=""ECO:0000255|HAMAP-Rule:MF_03201""; TRANSMEM 201..221; /note=""Helical""; /evidence=""ECO:0000255|HAMAP-Rule:MF_03201""; TRANSMEM 231..251; /note=""Helical""; /evidence=""ECO:0000255|HAMAP-Rule:MF_03201""",,"SUBCELLULAR LOCATION: Endoplasmic reticulum membrane {ECO:0000255|HAMAP-Rule:MF_03201, ECO:0000269|PubMed:20937905, ECO:0000269|PubMed:30487246}; Multi-pass membrane protein {ECO:0000255|HAMAP-Rule:MF_03201}."
Q9BX40,,,,"SUBCELLULAR LOCATION: Cytoplasm, Cytoplasmic ribonucleoprotein granule {ECO:0000250|UniProtKB:Q8CGC4}. Note=Localizes to MARDO (mitochondria-associated ribonucleoprotein domain), a mitochondria-associated membraneless compartment that stores mRNAs in oocytes. {ECO:0000250|UniProtKB:Q8CGC4}."
Q9BY43,,,,SUBCELLULAR LOCATION: Cytoplasmic vesicle membrane. Late endosome membrane {ECO:0000305}; Peripheral membrane protein {ECO:0000305}. Note=Membrane-associated. Localizes to large vesicle-like structures. Localizes to the midbody of dividing cells. Localized in two distinct rings on either side of the Fleming body.
Q9C0K7,,,,SUBCELLULAR LOCATION: Nucleus {ECO:0000269|PubMed:14517248}. Cytoplasm {ECO:0000269|PubMed:14517248}.
Q9GZL7,,,,"SUBCELLULAR LOCATION: Nucleus, nucleolus {ECO:0000255|HAMAP-Rule:MF_03029, ECO:0000269|PubMed:12429849, ECO:0000269|PubMed:16043514, ECO:0000269|PubMed:26601951}. Nucleus, nucleoplasm {ECO:0000255|HAMAP-Rule:MF_03029, ECO:0000269|PubMed:16043514}."
Q9GZR5,,"TRANSMEM 42..62; /note=""Helical""; /evidence=""ECO:0000255|HAMAP-Rule:MF_03204""; TRANSMEM 78..98; /note=""Helical""; /evidence=""ECO:0000255|HAMAP-Rule:MF_03204""; TRANSMEM 127..147; /note=""Helical""; /evidence=""ECO:0000255|HAMAP-Rule:MF_03204""; TRANSMEM 165..185; /note=""Helical""; /evidence=""ECO:0000255|HAMAP-Rule:MF_03204""; TRANSMEM 188..208; /note=""Helical""; /evidence=""ECO:0000255|HAMAP-Rule:MF_03204""; TRANSMEM 217..237; /note=""Helical""; /evidence=""ECO:0000255|HAMAP-Rule:MF_03204""; TRANSMEM 247..267; /note=""Helical""; /evidence=""ECO:0000255|HAMAP-Rule:MF_03204""",,"SUBCELLULAR LOCATION: Endoplasmic reticulum membrane {ECO:0000255|HAMAP-Rule:MF_03204, ECO:0000269|PubMed:16036915, ECO:0000269|PubMed:20937905}; Multi-pass membrane protein {ECO:0000255|HAMAP-Rule:MF_03204}."
Q9GZS1,,,,"SUBCELLULAR LOCATION: Nucleus, nucleolus {ECO:0000269|PubMed:12429849, ECO:0000269|PubMed:24207024}."
Q9H0B6,,,,"SUBCELLULAR LOCATION: Cytoplasm, cytoskeleton {ECO:0000305}. Lysosome membrane {ECO:0000269|PubMed:22172677}; Peripheral membrane protein {ECO:0000305|PubMed:22172677}; Cytoplasmic side {ECO:0000305|PubMed:22172677}."
Q9H0E2,,,,"SUBCELLULAR LOCATION: Cytoplasm {ECO:0000269|PubMed:31263572}. Endosome {ECO:0000269|PubMed:15047686, ECO:0000269|PubMed:31263572}. Early endosome {ECO:0000269|PubMed:15047686, ECO:0000269|PubMed:26320582}. Note=Localized to endo/exosomal vesicles. {ECO:0000269|PubMed:31263572}."
Q9H0M0,,,,SUBCELLULAR LOCATION: Cytoplasm {ECO:0000269|PubMed:34404733}. Cell membrane {ECO:0000269|PubMed:34404733}; Peripheral membrane protein {ECO:0000250|UniProtKB:Q8BZZ3}. Nucleus {ECO:0000250|UniProtKB:Q8BZZ3}. Cell junction {ECO:0000269|PubMed:34404733}. Note=Translocates to the plasma membrane in response to increased cell-cell contact inhibition and subsequent interaction with the Crumbs complex. {ECO:0000269|PubMed:34404733}.
Q9H1K0,,,,"SUBCELLULAR LOCATION: Cell membrane; Lipid-anchor; Cytoplasmic side. Early endosome membrane {ECO:0000269|PubMed:22308388, ECO:0000269|PubMed:35652444}; Lipid-anchor. Note=Enriched in endosomes that are in close proximity to clathrin-enriched regions at the cell surface. {ECO:0000269|PubMed:22308388}."
Q9H1Y0,,,,"SUBCELLULAR LOCATION: Cytoplasm {ECO:0000269|PubMed:17709747}. Preautophagosomal structure membrane {ECO:0000269|PubMed:32960676}; Peripheral membrane protein. Note=Colocalizes with nonmuscle actin. The conjugate detaches from the membrane immediately before or after autophagosome formation is completed (By similarity). Also localizes to discrete punctae along the ciliary axoneme and to the base of the ciliary axoneme. Under starved conditions, the ATG12-ATG5-ATG16L1 complex is translocated to phagophores driven by RAB33B (PubMed:32960676). {ECO:0000250, ECO:0000269|PubMed:32960676}."
Q9H269,,,,"SUBCELLULAR LOCATION: Late endosome membrane {ECO:0000269|PubMed:17897319}; Peripheral membrane protein {ECO:0000269|PubMed:17897319}; Cytoplasmic side {ECO:0000269|PubMed:17897319}. Lysosome membrane {ECO:0000269|PubMed:17897319, ECO:0000269|PubMed:21802320}; Peripheral membrane protein {ECO:0000269|PubMed:17897319}; Cytoplasmic side {ECO:0000269|PubMed:17897319}. Early endosome {ECO:0000269|PubMed:18552835}. Cytoplasmic vesicle, clathrin-coated vesicle {ECO:0000250|UniProtKB:Q920Q4}. Cytoplasmic vesicle, autophagosome {ECO:0000269|PubMed:24554770}. Note=Colocalizes with AP-3, clathrin, Rab5 and Rab7b (By similarity). Cytoplasmic, peripheral membrane protein associated with early endosomes and late endosomes/lysosomes. {ECO:0000250|UniProtKB:Q920Q4, ECO:0000305}."
Q9BSE4,,"TRANSMEM 302..322; /note=""Helical""; /evidence=""ECO:0000255""",,SUBCELLULAR LOCATION: Membrane {ECO:0000305}; Single-pass membrane protein {ECO:0000305}.
Q9BTF0,,,,SUBCELLULAR LOCATION: Nucleus {ECO:0000269|PubMed:34948388}.
Q9BTU6,,,,"SUBCELLULAR LOCATION: Golgi apparatus, trans-Golgi network membrane {ECO:0000269|PubMed:12324459, ECO:0000269|PubMed:16443754, ECO:0000269|PubMed:22535966}; Lipid-anchor {ECO:0000269|PubMed:22535966}. Membrane raft {ECO:0000269|PubMed:11279162}. Cell projection, dendrite {ECO:0000250|UniProtKB:Q2TBE6}. Presynaptic cell membrane {ECO:0000250|UniProtKB:Q2TBE6}. Synapse, synaptosome {ECO:0000250|UniProtKB:Q2TBE6}. Mitochondrion {ECO:0000250|UniProtKB:Q2TBE6}. Endosome {ECO:0000269|PubMed:16443754, ECO:0000269|PubMed:23146885}. Endosome membrane {ECO:0000269|PubMed:35880319}. Cytoplasmic vesicle {ECO:0000269|PubMed:16443754}. Membrane {ECO:0000269|PubMed:24675427}; Lipid-anchor {ECO:0000269|PubMed:24675427}. Cell membrane {ECO:0000269|PubMed:11279162, ECO:0000269|PubMed:16443754}. Perikaryon {ECO:0000250|UniProtKB:Q2TBE6}. Cell projection, neuron projection {ECO:0000250|UniProtKB:Q2TBE6}. Note=Found in subdomains of the plasma membrane termed non-caveolar membrane rafts. Transported from neuronal cell body to neuron projections and neurite tips in a BLOC-1- and AP-3-complexes-dependent manner. {ECO:0000250|UniProtKB:Q2TBE6}."
Q9BTX3,,"TRANSMEM 25..45; /note=""Helical""; /evidence=""ECO:0000255""; TRANSMEM 51..68; /note=""Helical""; /evidence=""ECO:0000255""; TRANSMEM 105..129; /note=""Helical""; /evidence=""ECO:0000255""",,"SUBCELLULAR LOCATION: Endoplasmic reticulum membrane {ECO:0000269|PubMed:23691174, ECO:0000269|PubMed:38381787}; Multi-pass membrane protein {ECO:0000255}."
Q9BUB5,,,,SUBCELLULAR LOCATION: [Isoform 2]: Cytoplasm.; SUBCELLULAR LOCATION: [Isoform 3]: Cytoplasm. Nucleus.
Q9BUN8,,"TRANSMEM 16..31; /note=""Helical; Name=1""; /evidence=""ECO:0000269|PubMed:33658201""; TRANSMEM 70..89; /note=""Helical; Name=2""; /evidence=""ECO:0000269|PubMed:33658201""; TRANSMEM 95..115; /note=""Helical; Name=3""; /evidence=""ECO:0000269|PubMed:33658201""; TRANSMEM 123..137; /note=""Helical; Name=4""; /evidence=""ECO:0000269|PubMed:33658201""; TRANSMEM 155..166; /note=""Helical; Name=5""; /evidence=""ECO:0000269|PubMed:33658201""; TRANSMEM 171..189; /note=""Helical; Name=6""; /evidence=""ECO:0000269|PubMed:33658201""","TOPO_DOM 2..15; /note=""Cytoplasmic""; /evidence=""ECO:0000269|PubMed:33658201""; TOPO_DOM 32..69; /note=""Lumenal""; /evidence=""ECO:0000269|PubMed:33658201""; TOPO_DOM 90..94; /note=""Cytoplasmic""; /evidence=""ECO:0000269|PubMed:33658201""; TOPO_DOM 116..122; /note=""Lumenal""; /evidence=""ECO:0000269|PubMed:33658201""; TOPO_DOM 138..154; /note=""Cytoplasmic""; /evidence=""ECO:0000269|PubMed:33658201""; TOPO_DOM 167..170; /note=""Lumenal""; /evidence=""ECO:0000269|PubMed:33658201""; TOPO_DOM 190..251; /note=""Cytoplasmic""; /evidence=""ECO:0000269|PubMed:33658201""","SUBCELLULAR LOCATION: Endoplasmic reticulum membrane {ECO:0000269|PubMed:15215855, ECO:0000269|PubMed:15215856, ECO:0000269|PubMed:16186509, ECO:0000269|PubMed:16449189}; Multi-pass membrane protein {ECO:0000269|PubMed:15215855, ECO:0000269|PubMed:15215856, ECO:0000269|PubMed:16186509, ECO:0000269|PubMed:16449189}."
Q9BVG9,,"TRANSMEM 63..83; /note=""Helical""; /evidence=""ECO:0000255""; TRANSMEM 97..117; /note=""Helical""; /evidence=""ECO:0000255""; TRANSMEM 127..147; /note=""Helical""; /evidence=""ECO:0000255""; TRANSMEM 314..334; /note=""Helical""; /evidence=""ECO:0000255""; TRANSMEM 336..356; /note=""Helical""; /evidence=""ECO:0000255""; TRANSMEM 377..397; /note=""Helical""; /evidence=""ECO:0000255""; TRANSMEM 404..424; /note=""Helical""; /evidence=""ECO:0000255""","TOPO_DOM 1..62; /note=""Cytoplasmic""; /evidence=""ECO:0000255""; TOPO_DOM 84..96; /note=""Lumenal""; /evidence=""ECO:0000255""; TOPO_DOM 118..126; /note=""Cytoplasmic""; /evidence=""ECO:0000255""; TOPO_DOM 148..313; /note=""Lumenal""; /evidence=""ECO:0000255""; TOPO_DOM 335; /note=""Cytoplasmic""; /evidence=""ECO:0000255""; TOPO_DOM 357..376; /note=""Lumenal""; /evidence=""ECO:0000255""; TOPO_DOM 398..403; /note=""Cytoplasmic""; /evidence=""ECO:0000255""; TOPO_DOM 425..487; /note=""Lumenal""; /evidence=""ECO:0000255""",SUBCELLULAR LOCATION: Endoplasmic reticulum membrane {ECO:0000250|UniProtKB:Q9Z1X2}; Multi-pass membrane protein {ECO:0000255}. Note=Highly enriched in the mitochondria-associated membrane (MAM). {ECO:0000250|UniProtKB:Q9Z1X2}.
Q9BYG3,,,,"SUBCELLULAR LOCATION: Nucleus, nucleolus. Chromosome. Note=Localizes to mitotic chromosomes in conjunction with MKI67."
Q9C0E8,,"TRANSMEM 46..66; /note=""Helical""; /evidence=""ECO:0000255""; TRANSMEM 78..98; /note=""Helical""; /evidence=""ECO:0000255""","TOPO_DOM 2..45; /note=""Cytoplasmic""; /evidence=""ECO:0000269|PubMed:24223779""; TOPO_DOM 67..77; /note=""Lumenal""; /evidence=""ECO:0000269|PubMed:24223779""; TOPO_DOM 99..428; /note=""Cytoplasmic""; /evidence=""ECO:0000269|PubMed:24223779, ECO:0000269|PubMed:25548161""","SUBCELLULAR LOCATION: Endoplasmic reticulum membrane {ECO:0000269|PubMed:22729086, ECO:0000269|PubMed:24223779, ECO:0000269|PubMed:25404289, ECO:0000269|PubMed:25548161, ECO:0000269|PubMed:27619977}; Multi-pass membrane protein {ECO:0000269|PubMed:22729086, ECO:0000269|PubMed:24223779}; Cytoplasmic side {ECO:0000269|PubMed:24223779, ECO:0000269|PubMed:25548161}. Note=Localizes at endoplasmic reticulum (ER) three-way tubular junctions, which represent crossing-points at which the tubules build a polygonal network (PubMed:22729086, PubMed:24223779, PubMed:25404289, PubMed:25548161, PubMed:27619977). {ECO:0000269|PubMed:22729086, ECO:0000269|PubMed:24223779, ECO:0000269|PubMed:25404289, ECO:0000269|PubMed:25548161, ECO:0000269|PubMed:27619977}."
Q9C0K1,"SIGNAL 1..22; /evidence=""ECO:0000255""","TRANSMEM 133..153; /note=""Helical""; /evidence=""ECO:0000255""; TRANSMEM 161..181; /note=""Helical""; /evidence=""ECO:0000255""; TRANSMEM 192..212; /note=""Helical""; /evidence=""ECO:0000255""; TRANSMEM 366..386; /note=""Helical""; /evidence=""ECO:0000255""; TRANSMEM 389..409; /note=""Helical""; /evidence=""ECO:0000255""; TRANSMEM 430..450; /note=""Helical""; /evidence=""ECO:0000255""","TOPO_DOM 23..132; /note=""Extracellular""; /evidence=""ECO:0000250|UniProtKB:Q5FVQ0""; TOPO_DOM 154..160; /note=""Cytoplasmic""; /evidence=""ECO:0000250|UniProtKB:Q5FVQ0""; TOPO_DOM 182..191; /note=""Extracellular""; /evidence=""ECO:0000250|UniProtKB:Q5FVQ0""; TOPO_DOM 213..365; /note=""Cytoplasmic""; /evidence=""ECO:0000250|UniProtKB:Q5FVQ0""; TOPO_DOM 387..388; /note=""Extracellular""; /evidence=""ECO:0000250|UniProtKB:Q5FVQ0""; TOPO_DOM 410..429; /note=""Cytoplasmic""; /evidence=""ECO:0000250|UniProtKB:Q5FVQ0""; TOPO_DOM 451..460; /note=""Extracellular""; /evidence=""ECO:0000250|UniProtKB:Q5FVQ0""","SUBCELLULAR LOCATION: Cell membrane {ECO:0000269|PubMed:12504855, ECO:0000269|PubMed:18390834, ECO:0000269|PubMed:29337306, ECO:0000269|PubMed:31699897}; Multi-pass membrane protein {ECO:0000255}. Lysosome membrane {ECO:0000269|PubMed:12504855, ECO:0000269|PubMed:18390834, ECO:0000269|PubMed:19401385}; Multi-pass membrane protein {ECO:0000255}. Apical cell membrane {ECO:0000269|PubMed:31699897}; Multi-pass membrane protein {ECO:0000255}. Basolateral cell membrane {ECO:0000269|PubMed:31699897}; Multi-pass membrane protein {ECO:0000255}. Note=Localizes to the lysosome of activated T-cells (PubMed:19401385). A large fraction of the protein is found intracellularly in microvascular capillary endothelial cells that constitute the blood-brain barrier (PubMed:31699897). Localized and functional at both apical and basolateral membranes of microvascular capillary endothelial cells that constitute the blood-brain barrier (PubMed:31699897). {ECO:0000269|PubMed:19401385, ECO:0000269|PubMed:31699897}."
Q9BSJ8,,"TRANSMEM 39..59; /note=""Helical""; /evidence=""ECO:0000255""; TRANSMEM 63..83; /note=""Helical""; /evidence=""ECO:0000255""","TOPO_DOM 1..38; /note=""Cytoplasmic""; /evidence=""ECO:0000255""; TOPO_DOM 60..62; /note=""Lumenal""; /evidence=""ECO:0000255""; TOPO_DOM 84..1104; /note=""Cytoplasmic""; /evidence=""ECO:0000255""","SUBCELLULAR LOCATION: Endoplasmic reticulum membrane {ECO:0000269|PubMed:29469807}; Multi-pass membrane protein {ECO:0000255}. Cell membrane {ECO:0000269|PubMed:29469807}; Peripheral membrane protein {ECO:0000269|PubMed:29469807}. Note=Localizes primarily to the endoplasmic reticulum (PubMed:29469807). Recruited to sites of contact between the endoplasmic reticulum and the cell membrane in response to increased cytosolic calcium levels (PubMed:22250200, PubMed:29469807). {ECO:0000269|PubMed:22250200, ECO:0000269|PubMed:29469807}."
Q9BTT4,,,,SUBCELLULAR LOCATION: Nucleus {ECO:0000305}.
Q9BUW7,,,,"SUBCELLULAR LOCATION: Cell junction {ECO:0000269|PubMed:33857431}. Cytoplasm, cytoskeleton {ECO:0000269|PubMed:33857431}. Note=In the intestine, localizes subapically and at cell junctions. Interacts with intermediate filament (IF) proteins and localizes to the IF network in an IF-dependent manner (PubMed:33857431). In dividing cells, localizes to interpolar and kinetochore microtubules (PubMed:33857431). {ECO:0000269|PubMed:33857431}."
Q9BVJ6,,,,"SUBCELLULAR LOCATION: Nucleus, nucleolus {ECO:0000269|PubMed:12429849}."
Q9BVP2,,,,"SUBCELLULAR LOCATION: Nucleus {ECO:0000250|UniProtKB:Q811S9}. Nucleus, nucleolus {ECO:0000269|PubMed:11790298, ECO:0000269|PubMed:12429849, ECO:0000269|PubMed:12464630}. Note=Shuttles between the nucleus and nucleolus. {ECO:0000250|UniProtKB:Q811S9}."
Q9BW19,,,,"SUBCELLULAR LOCATION: Nucleus {ECO:0000250|UniProtKB:Q9QWT9}. Cytoplasm, cytoskeleton, microtubule organizing center, centrosome {ECO:0000250|UniProtKB:Q9QWT9}. Cytoplasm, cytoskeleton, spindle {ECO:0000250|UniProtKB:Q9QWT9}. Early endosome {ECO:0000250|UniProtKB:Q9QWT9}. Note=Associated with nucleus during interphase, centrosomes in early and spindle in later mitosis. {ECO:0000250|UniProtKB:Q9QWT9}."
Q9BWF3,,,,"SUBCELLULAR LOCATION: Nucleus. Nucleus, nucleolus. Nucleus speckle. Cytoplasm. Cytoplasmic granule. Note=Undergoes continuous nucleocytoplasmic shuttling. Upon nuclear import colocalizes with SR proteins in nuclear speckles. Arsenite stress-induced phosphorylation increases its subcellular relocalization from the nucleus to the cytoplasm and to cytoplasmic stress granules (SG) via a p38 MAPK signaling pathway. Primarily localized in nucleus and nucleoli under cell growth conditions and accumulated in the cytoplasm and cytoplasm perinuclear granules upon muscle cell differentiation."
Q9BZE4,,,,"SUBCELLULAR LOCATION: Nucleus, nucleolus {ECO:0000269|PubMed:11316846, ECO:0000269|PubMed:12429849, ECO:0000269|Ref.8}."
Q9BZF1,,"TRANSMEM 871..888; /note=""Helical""; /evidence=""ECO:0000255""",,"SUBCELLULAR LOCATION: [Isoform 1]: Endoplasmic reticulum membrane {ECO:0000269|PubMed:17991739, ECO:0000269|PubMed:26206935}; Single-pass membrane protein {ECO:0000269|PubMed:17991739}. Nucleus membrane {ECO:0000269|PubMed:21698267}. Note=The presence of the N-terminus extension contains an overall negative charge that may explain the weak localization to the cortical endoplasmic reticulum (Probable). {ECO:0000305|PubMed:26206935}.; SUBCELLULAR LOCATION: [Isoform 3]: Endoplasmic reticulum membrane {ECO:0000269|PubMed:26206935}; Single-pass membrane protein. Note=Localizes to the cortical endoplasmic reticulum at the endoplasmic reticulum-plasma membrane contact sites. {ECO:0000269|PubMed:26206935}."
Q9C0E2,,,,SUBCELLULAR LOCATION: Cytoplasm {ECO:0000269|PubMed:16449645}. Nucleus {ECO:0000269|PubMed:16449645}. Note=Shuttles between the nucleus and the cytoplasm. {ECO:0000269|PubMed:16449645}.
Q9GZP9,,"TRANSMEM 58..78; /note=""Helical; Name=1""; /evidence=""ECO:0000255""; TRANSMEM 97..117; /note=""Helical; Name=2""; /evidence=""ECO:0000255""; TRANSMEM 151..171; /note=""Helical; Name=3""; /evidence=""ECO:0000255""; TRANSMEM 173..193; /note=""Helical; Name=4""; /evidence=""ECO:0000255""","TOPO_DOM 1..57; /note=""Cytoplasmic""; /evidence=""ECO:0000255""; TOPO_DOM 79..96; /note=""Lumenal""; /evidence=""ECO:0000255""; TOPO_DOM 118..150; /note=""Cytoplasmic""; /evidence=""ECO:0000255""; TOPO_DOM 172; /note=""Lumenal""; /evidence=""ECO:0000255""; TOPO_DOM 194..239; /note=""Cytoplasmic""; /evidence=""ECO:0000255""","SUBCELLULAR LOCATION: Endoplasmic reticulum membrane {ECO:0000269|PubMed:15215855, ECO:0000269|PubMed:16449189}; Multi-pass membrane protein {ECO:0000269|PubMed:15215855, ECO:0000269|PubMed:16449189}."
Q9GZU1,,"TRANSMEM 66..86; /note=""Helical; Name=1""; /evidence=""ECO:0000269|PubMed:29019983""; TRANSMEM 299..321; /note=""Helical; Name=2""; /evidence=""ECO:0000269|PubMed:29019983""; TRANSMEM 351..371; /note=""Helical; Name=3""; /evidence=""ECO:0000269|PubMed:29019983""; TRANSMEM 383..405; /note=""Helical; Name=4""; /evidence=""ECO:0000269|PubMed:29019983""; TRANSMEM 428..448; /note=""Helical; Name=5""; /evidence=""ECO:0000269|PubMed:29019983""; TRANSMEM 492..513; /note=""Helical; Name=6""; /evidence=""ECO:0000269|PubMed:29019983""","TOPO_DOM 1..65; /note=""Cytoplasmic""; /evidence=""ECO:0000269|PubMed:29019983""; TOPO_DOM 87..298; /note=""Extracellular""; /evidence=""ECO:0000269|PubMed:29019983""; TOPO_DOM 322..350; /note=""Cytoplasmic""; /evidence=""ECO:0000269|PubMed:29019983""; TOPO_DOM 372..382; /note=""Extracellular""; /evidence=""ECO:0000269|PubMed:29019983""; TOPO_DOM 406..427; /note=""Cytoplasmic""; /evidence=""ECO:0000269|PubMed:29019983""; TOPO_DOM 449..456; /note=""Extracellular""; /evidence=""ECO:0000269|PubMed:29019983""; TOPO_DOM 478..491; /note=""Extracellular""; /evidence=""ECO:0000269|PubMed:29019983""; TOPO_DOM 514..580; /note=""Cytoplasmic""; /evidence=""ECO:0000269|PubMed:29019983""","SUBCELLULAR LOCATION: Late endosome membrane {ECO:0000269|PubMed:15178326, ECO:0000269|PubMed:21224396}; Multi-pass membrane protein {ECO:0000269|PubMed:29019983}. Lysosome membrane {ECO:0000269|PubMed:12459486, ECO:0000269|PubMed:21224396, ECO:0000269|PubMed:25733853, ECO:0000305|PubMed:16497227, ECO:0000305|PubMed:16978393}; Multi-pass membrane protein {ECO:0000269|PubMed:29019983}. Cytoplasmic vesicle membrane {ECO:0000269|PubMed:12459486}; Multi-pass membrane protein {ECO:0000269|PubMed:29019983}. Cell projection, phagocytic cup {ECO:0000250|UniProtKB:Q99J21}. Cytoplasmic vesicle, phagosome membrane {ECO:0000250|UniProtKB:Q99J21}; Multi-pass membrane protein {ECO:0000269|PubMed:29019983}. Cell membrane {ECO:0000305|PubMed:29019983}; Multi-pass membrane protein {ECO:0000269|PubMed:29019983}. Note=Delivery from the trans-Golgi to lysosomes seems to occur mainly in a direct intracellular manner without intermediate delivery to the plasma membrane (PubMed:16497227). Under normal conditions, restricted to intracellular compartments so that only a very minor proportion is present at the cell membrane (PubMed:12459486, PubMed:18794901, PubMed:28112729, PubMed:29019983). {ECO:0000269|PubMed:12459486, ECO:0000269|PubMed:18794901, ECO:0000269|PubMed:28112729, ECO:0000269|PubMed:29019983, ECO:0000305|PubMed:16497227}."
Q9H0Z9,,,,"SUBCELLULAR LOCATION: Cytoplasm, cytosol {ECO:0000269|PubMed:17050675}. Nucleus {ECO:0000269|PubMed:17050675}."
Q9H1A4,,,,
Q9H1D9,,,,SUBCELLULAR LOCATION: Nucleus {ECO:0000269|PubMed:33335104}.
Q9BTD8,,,,"SUBCELLULAR LOCATION: Nucleus {ECO:0000250}. Cytoplasm {ECO:0000250}. Note=Upon stress response, localizes with HNRNPK in cytoplasmic aggregates of stalled translational preinitiation complexes called stress granules. {ECO:0000250}."
Q9BV40,,"TRANSMEM 76..96; /note=""Helical; Anchor for type IV membrane protein""; /evidence=""ECO:0000255""","TOPO_DOM 1..75; /note=""Cytoplasmic""; /evidence=""ECO:0000255""; TOPO_DOM 97..100; /note=""Vesicular""; /evidence=""ECO:0000255""","SUBCELLULAR LOCATION: Lysosome membrane {ECO:0000269|PubMed:25686604}; Single-pass type IV membrane protein {ECO:0000255}. Early endosome membrane {ECO:0000269|PubMed:25648148, ECO:0000269|PubMed:9614193}; Single-pass type IV membrane protein {ECO:0000255}. Late endosome membrane {ECO:0000269|PubMed:25648148}; Single-pass type IV membrane protein {ECO:0000255}. Cell membrane {ECO:0000250|UniProtKB:O70404}; Single-pass type IV membrane protein {ECO:0000255}. Zymogen granule membrane {ECO:0000250|UniProtKB:O70404}; Single-pass type IV membrane protein {ECO:0000255}. Note=Perinuclear vesicular structures of the early and late endosomes, coated pits, and trans-Golgi (By similarity). Sub-tight junctional domain in retinal pigment epithelium cells. Midbody region during cytokinesis. Lumenal oriented, apical membranes of nephric tubular cell (By similarity). Cycles through the apical but not through the basolateral plasma membrane (By similarity). Apical region of acinar cells; in zymogen granule membranes (By similarity). {ECO:0000250|UniProtKB:Q9WUF4}."
Q9BV73,,,,"SUBCELLULAR LOCATION: Cytoplasm, perinuclear region {ECO:0000269|PubMed:9647649}. Cytoplasm, cytoskeleton, microtubule organizing center, centrosome, centriole {ECO:0000269|PubMed:26337392, ECO:0000269|PubMed:30404835, ECO:0000269|PubMed:36282799, ECO:0000269|PubMed:9647649}. Cytoplasm, cytoskeleton, microtubule organizing center, centrosome {ECO:0000269|PubMed:14654843, ECO:0000269|PubMed:31974111}. Cytoplasm, cytoskeleton, cilium basal body {ECO:0000269|PubMed:9647649}. Cell projection, cilium, photoreceptor outer segment {ECO:0000250|UniProtKB:Q60952}. Photoreceptor inner segment {ECO:0000250|UniProtKB:Q60952}. Note=Component of the core centrosome. In interphase cells, it specifically associates with the proximal ends of both mother and daughter centrioles. Associates with the centrosome in interphase cells. In mitotic cells, it dissociates from the mitotic spindle poles. At the end of cell division, it reaccumulates at centrosomes."
Q9BVC4,,,,"SUBCELLULAR LOCATION: Lysosome membrane {ECO:0000269|PubMed:31601764}. Cytoplasm {ECO:0000250|UniProtKB:Q9Z2K5}. Note=Targeting to lysosomal membrane depends on amino acid availability: mTORC1 is recruited to lysosome membranes via interaction with GTP-bound form of RagA/RRAGA (or RagB/RRAGB) in complex with the GDP-bound form of RagC/RRAGC (or RagD/RRAGD), promoting its mTORC1 recruitment to the lysosomes. {ECO:0000269|PubMed:31601764}."
Q9BWJ5,,,,"SUBCELLULAR LOCATION: Nucleus {ECO:0000269|PubMed:27720643, ECO:0000269|PubMed:28541300, ECO:0000269|PubMed:28781166}."
Q9BX95,,"TRANSMEM 132..152; /note=""Helical""; /evidence=""ECO:0000255""; TRANSMEM 163..183; /note=""Helical""; /evidence=""ECO:0000255""; TRANSMEM 204..224; /note=""Helical""; /evidence=""ECO:0000255""; TRANSMEM 227..247; /note=""Helical""; /evidence=""ECO:0000255""; TRANSMEM 257..277; /note=""Helical""; /evidence=""ECO:0000255""; TRANSMEM 290..310; /note=""Helical""; /evidence=""ECO:0000255""; TRANSMEM 322..342; /note=""Helical""; /evidence=""ECO:0000255""; TRANSMEM 359..379; /note=""Helical""; /evidence=""ECO:0000255""; TRANSMEM 420..440; /note=""Helical""; /evidence=""ECO:0000255""",,SUBCELLULAR LOCATION: Endoplasmic reticulum membrane {ECO:0000269|PubMed:12815058}; Multi-pass membrane protein {ECO:0000255}. Cell membrane {ECO:0000250|UniProtKB:Q9JI99}; Multi-pass membrane protein {ECO:0000255}.
Q9BXB4,,,,"SUBCELLULAR LOCATION: Late endosome membrane {ECO:0000269|PubMed:20599956}. Golgi apparatus, trans-Golgi network membrane {ECO:0000269|PubMed:20599956}. Note=Localizes at the Golgi-late endosome interface."
Q9BZ29,,,,SUBCELLULAR LOCATION: Endomembrane system {ECO:0000305}. Note=Associated with membranes. {ECO:0000305}.
Q9BZD4,,,,"SUBCELLULAR LOCATION: Nucleus. Chromosome, centromere, kinetochore. Note=Localizes to kinetochores from late prophase to anaphase. Localizes specifically to the outer plate of the kinetochore. NDC80 is required for efficient kinetochore localization."
Q9GZQ8,,,,"SUBCELLULAR LOCATION: Cytoplasmic vesicle, autophagosome membrane {ECO:0000269|PubMed:17580304, ECO:0000269|PubMed:20529957, ECO:0000269|PubMed:22311637, ECO:0000269|PubMed:23459205, ECO:0000269|PubMed:31315929, ECO:0000269|PubMed:33499712}; Lipid-anchor {ECO:0000269|PubMed:15187094, ECO:0000269|PubMed:29458288}. Endomembrane system {ECO:0000269|PubMed:12740394}; Lipid-anchor {ECO:0000269|PubMed:15187094, ECO:0000269|PubMed:29458288}. Mitochondrion membrane {ECO:0000269|PubMed:25215947, ECO:0000269|PubMed:28017329}; Lipid-anchor {ECO:0000269|PubMed:15187094, ECO:0000269|PubMed:29458288}. Cytoplasm, cytoskeleton {ECO:0000250|UniProtKB:Q9CQV6}. Cytoplasmic vesicle {ECO:0000269|PubMed:30420355}. Note=LC3-II binds to the autophagic membranes. LC3-II localizes with the mitochondrial inner membrane during Parkin-mediated mitophagy (PubMed:28017329). Also localizes to discrete punctae along the ciliary axoneme. {ECO:0000269|PubMed:28017329}."
Q9H081,,,,"SUBCELLULAR LOCATION: Chromosome, centromere, kinetochore {ECO:0000269|PubMed:12515822, ECO:0000269|PubMed:15502821}. Note=Associated with the kinetochore. {ECO:0000269|PubMed:12515822, ECO:0000269|PubMed:15502821}."
Q9H147,,,,"SUBCELLULAR LOCATION: Nucleus {ECO:0000269|PubMed:11473582, ECO:0000269|PubMed:16371131}."
Q9BT40,,,,"SUBCELLULAR LOCATION: Endoplasmic reticulum {ECO:0000269|PubMed:12536145, ECO:0000269|PubMed:26940976, ECO:0000269|PubMed:28190456}. Cytoplasm {ECO:0000269|PubMed:10753883}. Note=Following stimulation with EGF, translocates to membrane ruffles (PubMed:12536145, PubMed:26940976). Concentrated at the periphery of the nucleus (PubMed:10753883). {ECO:0000269|PubMed:10753883, ECO:0000269|PubMed:12536145, ECO:0000269|PubMed:26940976}."
Q9BXM7,,,,"SUBCELLULAR LOCATION: Mitochondrion outer membrane {ECO:0000269|PubMed:15087508, ECO:0000269|PubMed:16672980, ECO:0000269|PubMed:18687899, ECO:0000269|PubMed:18957282, ECO:0000269|PubMed:19229105, ECO:0000269|PubMed:20798600, ECO:0000269|PubMed:23933751, ECO:0000269|PubMed:31536960}. Mitochondrion inner membrane {ECO:0000250|UniProtKB:Q99MQ3}. Cytoplasm, cytosol {ECO:0000269|PubMed:18957282, ECO:0000269|PubMed:19229105, ECO:0000269|PubMed:20798600, ECO:0000269|PubMed:22354088}. Note=Localizes mostly in mitochondrion and the two smaller proteolytic processed fragments localize mainly in cytosol (PubMed:19229105). In healthy mitochondria, PINK1 is translocated across the mitochondrial membranes (PubMed:40080546). Upon mitochondrial membrane depolarization following damage, PINK1 import is stalled, which induces its accumulation in the outer mitochondrial membrane and the activation of its kinase activity (PubMed:18957282, PubMed:40080546). {ECO:0000269|PubMed:18957282, ECO:0000269|PubMed:19229105, ECO:0000269|PubMed:40080546}."
Q9BXP2,,"TRANSMEM 37..57; /note=""Helical""; /evidence=""ECO:0000255""; TRANSMEM 73..93; /note=""Helical""; /evidence=""ECO:0000255""; TRANSMEM 120..140; /note=""Helical""; /evidence=""ECO:0000255""; TRANSMEM 168..188; /note=""Helical""; /evidence=""ECO:0000255""; TRANSMEM 194..214; /note=""Helical""; /evidence=""ECO:0000255""; TRANSMEM 263..283; /note=""Helical""; /evidence=""ECO:0000255""; TRANSMEM 298..318; /note=""Helical""; /evidence=""ECO:0000255""; TRANSMEM 339..359; /note=""Helical""; /evidence=""ECO:0000255""; TRANSMEM 391..411; /note=""Helical""; /evidence=""ECO:0000255""; TRANSMEM 417..437; /note=""Helical""; /evidence=""ECO:0000255""; TRANSMEM 467..487; /note=""Helical""; /evidence=""ECO:0000255""; TRANSMEM 741..761; /note=""Helical""; /evidence=""ECO:0000255""","TOPO_DOM 1..36; /note=""Cytoplasmic""; /evidence=""ECO:0000255""; TOPO_DOM 58..72; /note=""Extracellular""; /evidence=""ECO:0000255""; TOPO_DOM 94..119; /note=""Cytoplasmic""; /evidence=""ECO:0000255""; TOPO_DOM 141..167; /note=""Extracellular""; /evidence=""ECO:0000255""; TOPO_DOM 189..193; /note=""Cytoplasmic""; /evidence=""ECO:0000255""; TOPO_DOM 215..262; /note=""Extracellular""; /evidence=""ECO:0000255""; TOPO_DOM 284..297; /note=""Cytoplasmic""; /evidence=""ECO:0000255""; TOPO_DOM 319..338; /note=""Extracellular""; /evidence=""ECO:0000255""; TOPO_DOM 360..390; /note=""Cytoplasmic""; /evidence=""ECO:0000255""; TOPO_DOM 412..416; /note=""Extracellular""; /evidence=""ECO:0000255""; TOPO_DOM 438..466; /note=""Cytoplasmic""; /evidence=""ECO:0000255""; TOPO_DOM 488..740; /note=""Extracellular""; /evidence=""ECO:0000255""; TOPO_DOM 762..914; /note=""Cytoplasmic""; /evidence=""ECO:0000255""",SUBCELLULAR LOCATION: Cell membrane {ECO:0000269|PubMed:10871601}; Multi-pass membrane protein {ECO:0000269|PubMed:10871601}. Lysosome membrane {ECO:0000269|PubMed:38334070}.
Q9C0B1,,,,"SUBCELLULAR LOCATION: Nucleus {ECO:0000269|PubMed:22002720, ECO:0000269|PubMed:26458103, ECO:0000269|PubMed:28002401, ECO:0000269|PubMed:30197295}. Nucleus speckle {ECO:0000269|PubMed:22002720}. Cytoplasm {ECO:0000269|PubMed:30197295}. Note=Localizes mainly in the nucleus, where it is able to demethylate N(6)-methyladenosine (m6A) and N(6),2'-O-dimethyladenosine cap (m6A(m)) in U6 small nuclear RNA (snRNA), N(1)-methyladenine from tRNAs and internal m6A in mRNAs (PubMed:30197295). In the cytoplasm, mediates demethylation of m6A and m6A(m) in mRNAs and N(1)-methyladenine from tRNAs (PubMed:30197295). {ECO:0000269|PubMed:30197295}."
Q9H0S4,,,,"SUBCELLULAR LOCATION: Nucleus, nucleolus {ECO:0000269|PubMed:12429849, ECO:0000269|PubMed:16963496}. Note=Localizes in the nucleolar-organizing region during ribosome biogenesis."
Q9BXS9,,"TRANSMEM 116..136; /note=""Helical""; /evidence=""ECO:0000255""; TRANSMEM 187..207; /note=""Helical""; /evidence=""ECO:0000255""; TRANSMEM 264..284; /note=""Helical""; /evidence=""ECO:0000255""; TRANSMEM 294..314; /note=""Helical""; /evidence=""ECO:0000255""; TRANSMEM 348..368; /note=""Helical""; /evidence=""ECO:0000255""; TRANSMEM 380..400; /note=""Helical""; /evidence=""ECO:0000255""; TRANSMEM 417..437; /note=""Helical""; /evidence=""ECO:0000255""; TRANSMEM 485..505; /note=""Helical""; /evidence=""ECO:0000255""","TOPO_DOM 1..115; /note=""Cytoplasmic""; /evidence=""ECO:0000255""; TOPO_DOM 137..186; /note=""Extracellular""; /evidence=""ECO:0000255""; TOPO_DOM 208..263; /note=""Cytoplasmic""; /evidence=""ECO:0000255""; TOPO_DOM 285..293; /note=""Extracellular""; /evidence=""ECO:0000255""; TOPO_DOM 315..347; /note=""Cytoplasmic""; /evidence=""ECO:0000255""; TOPO_DOM 369..379; /note=""Extracellular""; /evidence=""ECO:0000255""; TOPO_DOM 401..416; /note=""Cytoplasmic""; /evidence=""ECO:0000255""; TOPO_DOM 438..484; /note=""Extracellular""; /evidence=""ECO:0000255""; TOPO_DOM 506..759; /note=""Cytoplasmic""; /evidence=""ECO:0000255""","SUBCELLULAR LOCATION: Cell membrane {ECO:0000269|PubMed:11247665, ECO:0000269|PubMed:27681177}; Multi-pass membrane protein {ECO:0000255}. Apical cell membrane {ECO:0000269|PubMed:20501439}; Multi-pass membrane protein {ECO:0000255}. Cytoplasmic vesicle membrane {ECO:0000250|UniProtKB:Q8CIW6}; Multi-pass membrane protein {ECO:0000255}. Microsome {ECO:0000250|UniProtKB:Q8CIW6}. Note=Localized in sperm membranes. Colocalizes with CFTR at the midpiece of sperm tail. Localizes to the apical membrane brush border of epithelial cells in the proximal tubules of kidney, of enterocytes of the small intestine and of gastric parietal cells in the stomach. {ECO:0000250|UniProtKB:Q8CIW6}.; SUBCELLULAR LOCATION: [Isoform 4]: Cell membrane {ECO:0000269|PubMed:12444019, ECO:0000269|PubMed:15990874}; Multi-pass membrane protein {ECO:0000255}. Apical cell membrane {ECO:0000269|PubMed:11087667}; Multi-pass membrane protein {ECO:0000255}. Basolateral cell membrane {ECO:0000269|PubMed:11087667}; Multi-pass membrane protein {ECO:0000255}. Note=Localizes to the apical and basolateral surfaces of tubular wall cells in kidney and in the brush border of pancreatic duct cells (PubMed:11087667). Colocalized with CA2 at the surface of the cell membrane in order to form a bicarbonate transport metabolon; colocalization is reduced in phorbol myristate acetate (PMA)-induced cells (PubMed:15990874). May be translocated from the cytosolic surface of the cell membrane to the intracellular space by PKC in phorbol myristate acetate (PMA)-induced cells (PubMed:15990874). {ECO:0000269|PubMed:11087667, ECO:0000269|PubMed:15990874}.; SUBCELLULAR LOCATION: [Isoform 5]: Cell membrane {ECO:0000269|PubMed:12444019}; Multi-pass membrane protein {ECO:0000255}.; SUBCELLULAR LOCATION: [Isoform 6]: Cell membrane {ECO:0000269|PubMed:12444019}; Multi-pass membrane protein {ECO:0000255}."
Q9H074,,,,SUBCELLULAR LOCATION: Cytoplasm {ECO:0000305}.
Q9BWU0,,,,SUBCELLULAR LOCATION: Nucleus {ECO:0000269|PubMed:15764369}. Cytoplasm {ECO:0000269|PubMed:15764369}. Note=Mainly nuclear. Small amounts are found in the cytoplasm.
Q9H1A7,,,,SUBCELLULAR LOCATION: Nucleus {ECO:0000250}.
Q9BT73,,,,
Q9BVV8,"SIGNAL 1..26; /evidence=""ECO:0000255""","TRANSMEM 73..93; /note=""Helical""; /evidence=""ECO:0000255""",,SUBCELLULAR LOCATION: Membrane {ECO:0000305}; Single-pass type I membrane protein {ECO:0000305}.
Q9BSC4,,,,"SUBCELLULAR LOCATION: Nucleus, nucleolus {ECO:0000269|PubMed:12429849}."
Q9H2H9,,"TRANSMEM 75..97; /note=""Helical""; /evidence=""ECO:0000255""; TRANSMEM 113..133; /note=""Helical""; /evidence=""ECO:0000255""; TRANSMEM 148..168; /note=""Helical""; /evidence=""ECO:0000255""; TRANSMEM 189..211; /note=""Helical""; /evidence=""ECO:0000255""; TRANSMEM 217..237; /note=""Helical""; /evidence=""ECO:0000255""; TRANSMEM 276..296; /note=""Helical""; /evidence=""ECO:0000255""; TRANSMEM 313..333; /note=""Helical""; /evidence=""ECO:0000255""; TRANSMEM 351..371; /note=""Helical""; /evidence=""ECO:0000255""; TRANSMEM 394..414; /note=""Helical""; /evidence=""ECO:0000255""; TRANSMEM 417..437; /note=""Helical""; /evidence=""ECO:0000255""; TRANSMEM 453..473; /note=""Helical""; /evidence=""ECO:0000255""","TOPO_DOM 1..74; /note=""Cytoplasmic""; /evidence=""ECO:0000255""; TOPO_DOM 98..112; /note=""Extracellular""; /evidence=""ECO:0000255""; TOPO_DOM 134..147; /note=""Cytoplasmic""; /evidence=""ECO:0000255""; TOPO_DOM 169..188; /note=""Extracellular""; /evidence=""ECO:0000255""; TOPO_DOM 212..216; /note=""Cytoplasmic""; /evidence=""ECO:0000255""; TOPO_DOM 238..275; /note=""Extracellular""; /evidence=""ECO:0000255""; TOPO_DOM 297..312; /note=""Cytoplasmic""; /evidence=""ECO:0000255""; TOPO_DOM 334..350; /note=""Extracellular""; /evidence=""ECO:0000255""; TOPO_DOM 372..393; /note=""Cytoplasmic""; /evidence=""ECO:0000255""; TOPO_DOM 415..416; /note=""Extracellular""; /evidence=""ECO:0000255""; TOPO_DOM 438..452; /note=""Cytoplasmic""; /evidence=""ECO:0000255""; TOPO_DOM 474..487; /note=""Extracellular""; /evidence=""ECO:0000255""",SUBCELLULAR LOCATION: Cell membrane {ECO:0000269|PubMed:15054072}; Multi-pass membrane protein {ECO:0000250|UniProtKB:Q9JM15}. Note=Restricted to the somatodendritic compartment of neurons. Found in the cellular processes of neurons in the developing brain. {ECO:0000250|UniProtKB:Q9JM15}.
Q9H2J7,,"TRANSMEM 70..90; /note=""Helical; Name=1""; /evidence=""ECO:0000255""; TRANSMEM 98..117; /note=""Helical; Name=2""; /evidence=""ECO:0000255""; TRANSMEM 142..162; /note=""Helical; Name=3""; /evidence=""ECO:0000255""; TRANSMEM 226..244; /note=""Helical; Name=4""; /evidence=""ECO:0000255""; TRANSMEM 253..270; /note=""Helical; Name=5""; /evidence=""ECO:0000255""; TRANSMEM 306..323; /note=""Helical; Name=6""; /evidence=""ECO:0000255""; TRANSMEM 335..356; /note=""Helical; Name=7""; /evidence=""ECO:0000255""; TRANSMEM 453..472; /note=""Helical; Name=8""; /evidence=""ECO:0000255""; TRANSMEM 496..514; /note=""Helical; Name=9""; /evidence=""ECO:0000255""; TRANSMEM 530..550; /note=""Helical; Name=10""; /evidence=""ECO:0000255""; TRANSMEM 571..592; /note=""Helical; Name=11""; /evidence=""ECO:0000255""; TRANSMEM 620..642; /note=""Helical; Name=12""; /evidence=""ECO:0000255""","TOPO_DOM 1..69; /note=""Cytoplasmic""; /evidence=""ECO:0000255""; TOPO_DOM 163..225; /note=""Extracellular""; /evidence=""ECO:0000255""; TOPO_DOM 357..452; /note=""Extracellular""; /evidence=""ECO:0000255""; TOPO_DOM 643..730; /note=""Cytoplasmic""; /evidence=""ECO:0000255""",SUBCELLULAR LOCATION: Membrane {ECO:0000305|PubMed:16226721}; Multi-pass membrane protein {ECO:0000305}.
Q9H2V7,,"TRANSMEM 50..70; /note=""Helical""; /evidence=""ECO:0000255""; TRANSMEM 98..118; /note=""Helical""; /evidence=""ECO:0000255""; TRANSMEM 127..147; /note=""Helical""; /evidence=""ECO:0000255""; TRANSMEM 160..180; /note=""Helical""; /evidence=""ECO:0000255""; TRANSMEM 187..207; /note=""Helical""; /evidence=""ECO:0000255""; TRANSMEM 218..238; /note=""Helical""; /evidence=""ECO:0000255""; TRANSMEM 278..298; /note=""Helical""; /evidence=""ECO:0000255""; TRANSMEM 323..343; /note=""Helical""; /evidence=""ECO:0000255""; TRANSMEM 357..377; /note=""Helical""; /evidence=""ECO:0000255""; TRANSMEM 381..401; /note=""Helical""; /evidence=""ECO:0000255""; TRANSMEM 421..441; /note=""Helical""; /evidence=""ECO:0000255""; TRANSMEM 465..485; /note=""Helical""; /evidence=""ECO:0000255""",,SUBCELLULAR LOCATION: Lysosome membrane {ECO:0000269|PubMed:12408844}; Multi-pass membrane protein {ECO:0000269|PubMed:12408844}. Mitochondrion inner membrane {ECO:0000269|PubMed:12815463}; Multi-pass membrane protein {ECO:0000269|PubMed:12815463}. Note=Ocassionally localizes to mitochondria. {ECO:0000269|PubMed:12815463}.
Q9H9H4,,,,SUBCELLULAR LOCATION: Late endosome membrane {ECO:0000269|PubMed:15218037}; Peripheral membrane protein {ECO:0000269|PubMed:15218037}. Note=Recruited to the endosomal membrane in a VPS4A-dependent fashion.
Q9HAB3,,"TRANSMEM 14..34; /note=""Helical""; /evidence=""ECO:0000255""; TRANSMEM 47..67; /note=""Helical""; /evidence=""ECO:0000255""; TRANSMEM 86..106; /note=""Helical""; /evidence=""ECO:0000255""; TRANSMEM 112..132; /note=""Helical""; /evidence=""ECO:0000255""; TRANSMEM 147..167; /note=""Helical""; /evidence=""ECO:0000255""; TRANSMEM 196..216; /note=""Helical""; /evidence=""ECO:0000255""; TRANSMEM 277..297; /note=""Helical""; /evidence=""ECO:0000255""; TRANSMEM 312..332; /note=""Helical""; /evidence=""ECO:0000255""; TRANSMEM 339..359; /note=""Helical""; /evidence=""ECO:0000255""; TRANSMEM 366..386; /note=""Helical""; /evidence=""ECO:0000255""; TRANSMEM 404..424; /note=""Helical""; /evidence=""ECO:0000255""",,"SUBCELLULAR LOCATION: Cell membrane {ECO:0000269|PubMed:17197387, ECO:0000269|PubMed:20463145, ECO:0000269|PubMed:24253200, ECO:0000269|PubMed:27702554}; Multi-pass membrane protein {ECO:0000255}."
Q9HAV4,,,,SUBCELLULAR LOCATION: Nucleus {ECO:0000269|PubMed:11777942}. Cytoplasm {ECO:0000269|PubMed:11777942}. Note=Shuttles between the nucleus and the cytoplasm.
Q9NPJ8,,,,SUBCELLULAR LOCATION: Nucleus. Cytoplasm. Note=Shuttles between the nucleus and the cytoplasm.
Q9NQW6,,,,"SUBCELLULAR LOCATION: Nucleus. Cytoplasm, cytoskeleton. Cytoplasm, cell cortex {ECO:0000269|PubMed:23870127}. Cell projection, bleb {ECO:0000269|PubMed:23870127}. Note=Mainly found in the nucleus during interphase. Colocalizes with cortical F-actin upon nuclear envelope breakdown in mitosis and subsequently concentrates in the area of the prospective contractile ring in anaphase. This pattern persists until telophase, when the protein becomes concentrated in the midbody."
Q9NQY0,,,,"SUBCELLULAR LOCATION: Cytoplasm, cytoskeleton."
Q9H2M9,,,,"SUBCELLULAR LOCATION: Cytoplasm {ECO:0000250|UniProtKB:Q5U1Z0}. Endoplasmic reticulum {ECO:0000305|PubMed:24891604}. Note=In neurons, it is enriched in the synaptic soluble fraction. {ECO:0000250|UniProtKB:Q5U1Z0}."
Q9H3R5,,,,"SUBCELLULAR LOCATION: Nucleus. Chromosome, centromere, kinetochore. Note=Associates with active centromere-kinetochore complexes throughout the cell cycle. Colocalizes with inner kinetochore plate proteins CENPA and CENPC during both interphase and metaphase."
Q9H6F5,,,,"SUBCELLULAR LOCATION: Nucleus {ECO:0000269|PubMed:17300783}. Chromosome {ECO:0000269|PubMed:36695333}. Nucleus, nucleolus {ECO:0000269|PubMed:36695333}. Note=Localized to the nucleolus during the interphase and localized to the perichromosomal layer (also known as chromosome periphery) during mitosis; is particularly enriched at the perichromosomal layer during anaphase. Colocalizes with MKI67 during interphase and mitotic exit. {ECO:0000269|PubMed:36695333}."
Q9H6Z4,,,,"SUBCELLULAR LOCATION: Cytoplasm {ECO:0000269|PubMed:10567565, ECO:0000269|PubMed:18280241, ECO:0000269|PubMed:19289081}. Nucleus {ECO:0000269|PubMed:10567565, ECO:0000269|PubMed:18280241, ECO:0000269|PubMed:19289081, ECO:0000269|PubMed:28760339}. Note=Nuclear import is promoted by phosphorylation at Ser-126 and is dependent on KPNA4. {ECO:0000269|PubMed:10567565, ECO:0000269|PubMed:18280241, ECO:0000269|PubMed:28760339}."
Q9H7Z7,,"TRANSMEM 58..74; /note=""Helical""; /evidence=""ECO:0000255""","TOPO_DOM 1..57; /note=""Lumenal""; /evidence=""ECO:0000255""; TOPO_DOM 75..377; /note=""Cytoplasmic""; /evidence=""ECO:0000255""","SUBCELLULAR LOCATION: Golgi apparatus membrane {ECO:0000269|PubMed:12835322}; Single-pass membrane protein {ECO:0000255}.; SUBCELLULAR LOCATION: [Prostaglandin E synthase 2 truncated form]: Cytoplasm, perinuclear region {ECO:0000269|PubMed:12835322}. Note=Synthesized as a Golgi membrane-bound protein, which is further cleaved into the predominant soluble truncated form. The truncated form is cytoplasmic and is enriched in the perinuclear region. {ECO:0000269|PubMed:12835322}."
Q9H9Y6,,,,"SUBCELLULAR LOCATION: Nucleus, nucleolus {ECO:0000305|PubMed:34887565, ECO:0000305|PubMed:36271492}. Chromosome {ECO:0000250|UniProtKB:P70700}."
Q9HA82,,"TRANSMEM 32..52; /note=""Helical""; /evidence=""ECO:0000255""; TRANSMEM 140..160; /note=""Helical""; /evidence=""ECO:0000255""; TRANSMEM 179..199; /note=""Helical""; /evidence=""ECO:0000255""; TRANSMEM 209..229; /note=""Helical""; /evidence=""ECO:0000255""; TRANSMEM 260..280; /note=""Helical""; /evidence=""ECO:0000255""; TRANSMEM 304..324; /note=""Helical""; /evidence=""ECO:0000255""","TOPO_DOM 1..31; /note=""Lumenal""; /evidence=""ECO:0000305|PubMed:29632068""; TOPO_DOM 325..394; /note=""Cytoplasmic""; /evidence=""ECO:0000305|PubMed:26887952""",SUBCELLULAR LOCATION: Endoplasmic reticulum membrane {ECO:0000250|UniProtKB:Q9D6J1}; Multi-pass membrane protein {ECO:0000255}.
Q9HCU5,,"TRANSMEM 389..409; /note=""Helical""; /evidence=""ECO:0000255""","TOPO_DOM 1..388; /note=""Cytoplasmic""; /evidence=""ECO:0000255""; TOPO_DOM 410..417; /note=""Lumenal""; /evidence=""ECO:0000255""","SUBCELLULAR LOCATION: Endoplasmic reticulum membrane {ECO:0000250|UniProtKB:Q9WTV0}; Single-pass membrane protein {ECO:0000250|UniProtKB:Q9WTV0}. Nucleus {ECO:0000250|UniProtKB:Q9WTV0}. Note=Concentrates at endoplasmic reticulum exit sites (ERES), also known as transitional endoplasmic reticulum (tER). {ECO:0000269|PubMed:25202031, ECO:0000269|PubMed:28442536}."
Q9HD42,,,,"SUBCELLULAR LOCATION: Cytoplasm. Endosome membrane; Peripheral membrane protein. Nucleus matrix. Note=The cytoplasmic form is partially membrane-associated and localizes to early endosomes. The nuclear form remains associated with the chromosome scaffold during mitosis. On overexpression, it localizes to nuclear bodies characterized by nuclease-resistant condensed chromatin."
Q9NP61,,,,SUBCELLULAR LOCATION: Cytoplasm {ECO:0000269|PubMed:17760859}. Golgi apparatus membrane {ECO:0000269|PubMed:17760859}; Peripheral membrane protein {ECO:0000269|PubMed:17760859}; Cytoplasmic side {ECO:0000269|PubMed:17760859}. Note=Also found on peripheral punctate structures likely to be endoplasmic reticulum-Golgi intermediate compartment.
Q9NPI6,,,,"SUBCELLULAR LOCATION: Cytoplasm, P-body {ECO:0000269|PubMed:12417715, ECO:0000269|PubMed:12515382, ECO:0000269|PubMed:16364915}. Nucleus {ECO:0000269|PubMed:11836524, ECO:0000269|PubMed:12417715}. Note=Co-localizes with NANOS3 in the processing bodies (By similarity). Predominantly cytoplasmic, in processing bodies (PB) (PubMed:16364915). Nuclear, after TGFB1 treatment. Translocation to the nucleus depends on interaction with SMAD4 (PubMed:11836524). {ECO:0000250|UniProtKB:Q91YD3, ECO:0000269|PubMed:11836524, ECO:0000269|PubMed:16364915}."
Q9NR30,,,,"SUBCELLULAR LOCATION: Nucleus, nucleolus {ECO:0000269|PubMed:11823437, ECO:0000269|PubMed:18180292, ECO:0000269|PubMed:23848194, ECO:0000269|PubMed:25260534, ECO:0000269|PubMed:25470060, ECO:0000269|PubMed:28790157, ECO:0000269|PubMed:8614622}. Nucleus, nucleoplasm {ECO:0000269|PubMed:11823437, ECO:0000269|PubMed:18180292, ECO:0000269|PubMed:25260534, ECO:0000269|PubMed:25470060, ECO:0000269|PubMed:28790157}. Cytoplasm, cytosol {ECO:0000250|UniProtKB:Q9JIK5}. Mitochondrion {ECO:0000250|UniProtKB:Q9JIK5}. Note=Present both in nucleolus and nucleoplasm. Interaction with JUN promotes translocation from the nucleolus to the nucleoplasm (PubMed:11823437, PubMed:18180292). Interaction with WDR46 is required for localization to the nucleolus (PubMed:23848194). Colocalizes in the cytosol with DDX1, DHX36 and TICAM1. The multi-helicase-TICAM1 complex may translocate to the mitochondria upon poly(I:C) RNA ligand stimulation (By similarity). {ECO:0000250|UniProtKB:Q9JIK5, ECO:0000269|PubMed:11823437, ECO:0000269|PubMed:18180292, ECO:0000269|PubMed:23848194}."
Q9NRR6,,,,"SUBCELLULAR LOCATION: Cytoplasm, cytoskeleton, cilium axoneme {ECO:0000269|PubMed:19668215, ECO:0000269|PubMed:19668216, ECO:0000269|PubMed:24166846}. Golgi apparatus, Golgi stack membrane {ECO:0000250|UniProtKB:Q9JII1}; Peripheral membrane protein {ECO:0000250|UniProtKB:Q9JII1}; Cytoplasmic side {ECO:0000250|UniProtKB:Q9JII1}. Cell membrane {ECO:0000250|UniProtKB:Q9WVR1}; Peripheral membrane protein {ECO:0000250|UniProtKB:Q9WVR1}; Cytoplasmic side {ECO:0000250|UniProtKB:Q9WVR1}. Cell projection, ruffle {ECO:0000250|UniProtKB:Q9WVR1}. Cytoplasm {ECO:0000250|UniProtKB:Q9WVR1}. Nucleus {ECO:0000250|UniProtKB:Q9JII1}. Note=Peripheral membrane protein associated with Golgi stacks. {ECO:0000250|UniProtKB:Q9JII1}."
Q9H2J4,,,,"SUBCELLULAR LOCATION: Cytoplasm {ECO:0000269|PubMed:15371430, ECO:0000269|PubMed:26059764}. Cytoplasm, perinuclear region {ECO:0000269|PubMed:26059764}. Endoplasmic reticulum {ECO:0000269|PubMed:26059764}."
Q9H3Z4,,,,"SUBCELLULAR LOCATION: Cytoplasm, cytosol {ECO:0000250|UniProtKB:Q29455}. Membrane {ECO:0000250|UniProtKB:Q29455}; Lipid-anchor {ECO:0000250|UniProtKB:Q29455}. Cytoplasmic vesicle, secretory vesicle, chromaffin granule membrane {ECO:0000250|UniProtKB:Q29455}. Melanosome {ECO:0000269|PubMed:17081065}. Cell membrane {ECO:0000269|PubMed:21820099}. Note=The association with membranes is regulated by palmitoylation (By similarity). Identified by mass spectrometry in melanosome fractions from stage I to stage IV (PubMed:17081065). {ECO:0000250|UniProtKB:Q29455, ECO:0000269|PubMed:17081065}."
Q9H444,,,,"SUBCELLULAR LOCATION: Cytoplasm, cytosol {ECO:0000269|PubMed:15511219}. Late endosome membrane {ECO:0000269|PubMed:15511219, ECO:0000305|PubMed:12860994}; Peripheral membrane protein {ECO:0000305}. Midbody {ECO:0000269|PubMed:21310966, ECO:0000269|PubMed:22422861}. Nucleus envelope {ECO:0000269|PubMed:26040712}. Note=Recruited to the nuclear envelope by CHMP7 during late anaphase (PubMed:26040712). Localizes transiently to the midbody arms immediately before abscission (PubMed:22422861). {ECO:0000269|PubMed:22422861, ECO:0000269|PubMed:26040712}."
Q9H4L7,,,,"SUBCELLULAR LOCATION: Nucleus {ECO:0000269|PubMed:18675275, ECO:0000269|PubMed:21549307, ECO:0000269|PubMed:22960744}. Chromosome {ECO:0000269|PubMed:18675275, ECO:0000269|PubMed:21549307, ECO:0000269|PubMed:22960744}. Note=Colocalizes with PCNA at replication forks during S phase (PubMed:21549307). Recruited to double-strand breaks (DSBs) sites of DNA damage (PubMed:22960744). {ECO:0000269|PubMed:21549307, ECO:0000269|PubMed:22960744}."
Q9H553,,,"TOPO_DOM 1..84; /note=""Cytoplasmic""; /evidence=""ECO:0000269|PubMed:35136180""; TOPO_DOM 106..416; /note=""Cytoplasmic""; /evidence=""ECO:0000269|PubMed:35136180""",SUBCELLULAR LOCATION: Endoplasmic reticulum membrane {ECO:0000269|PubMed:35136180}; Single-pass membrane protein {ECO:0000269|PubMed:35136180}. Note=Active on cytoplasmic side of endoplasmic reticulum membrane. {ECO:0000269|PubMed:35136180}.
Q9H7E9,,,,
Q9H8Y5,,,,SUBCELLULAR LOCATION: Cytoplasm {ECO:0000269|PubMed:28302725}. Note=Translocates to the mitochondria upon exposure to hydrogen peroxide. {ECO:0000269|PubMed:28302725}.
Q9H944,,,,SUBCELLULAR LOCATION: Nucleus {ECO:0000305}.
Q9NPA8,,,,"SUBCELLULAR LOCATION: Nucleus, nucleoplasm {ECO:0000255|HAMAP-Rule:MF_03046, ECO:0000269|PubMed:22307388}. Note=Localization at the nuclear pore complex requires NUP153 and TPR. {ECO:0000269|PubMed:23591820}."
Q9NQC3,,"TRANSMEM 1019..1039; /note=""Helical""; /evidence=""ECO:0000255""; TRANSMEM 1134..1154; /note=""Helical""; /evidence=""ECO:0000255""","TOPO_DOM 1..1018; /note=""Cytoplasmic""; /evidence=""ECO:0000255""; TOPO_DOM 1040..1133; /note=""Lumenal""; /evidence=""ECO:0000255""; TOPO_DOM 1155..1192; /note=""Cytoplasmic""; /evidence=""ECO:0000255""","SUBCELLULAR LOCATION: [Isoform A]: Endoplasmic reticulum membrane {ECO:0000269|PubMed:25612671, ECO:0000269|PubMed:26906412, ECO:0000269|PubMed:27619977, ECO:0000269|PubMed:27786289}; Multi-pass membrane protein {ECO:0000255}. Cell membrane; Multi-pass membrane protein {ECO:0000255}; Cytoplasmic side {ECO:0000269|PubMed:27786289}. Synapse {ECO:0000250|UniProtKB:Q99P72}. Note=Anchored to the membrane of the endoplasmic reticulum (ER) through 2 putative transmembrane domains. Localizes throughout the ER tubular network (PubMed:27619977). Co-localizes with TMEM33 at the ER sheets. {ECO:0000269|PubMed:25612671, ECO:0000269|PubMed:27619977}.; SUBCELLULAR LOCATION: [Isoform B]: Endoplasmic reticulum membrane {ECO:0000269|PubMed:27786289}; Multi-pass membrane protein {ECO:0000255}. Cell membrane {ECO:0000269|PubMed:15034570}; Multi-pass membrane protein {ECO:0000255}; Extracellular side {ECO:0000269|PubMed:15034570}. Cell junction {ECO:0000269|PubMed:21183689}. Note=Mainly located on endoplasmic reticulum tubules and sheet edges (PubMed:27786289). Upon ICAM1 engagement, redistributed toward endothelial junctions where interacts with CDH5 (PubMed:21183689). {ECO:0000269|PubMed:21183689, ECO:0000269|PubMed:27786289}.; SUBCELLULAR LOCATION: [Isoform C]: Endoplasmic reticulum membrane {ECO:0000269|PubMed:25612671}; Multi-pass membrane protein {ECO:0000255}."
Q9NR45,,,,
Q9NR46,,,,SUBCELLULAR LOCATION: Cytoplasm {ECO:0000269|PubMed:11161816}.
Q9NRY4,,,,"SUBCELLULAR LOCATION: Cytoplasm, cytoskeleton, cilium basal body {ECO:0000250|UniProtKB:Q91YM2}. Cytoplasm {ECO:0000250|UniProtKB:Q91YM2}. Nucleus {ECO:0000305|PubMed:1894621}. Cell membrane {ECO:0000250|UniProtKB:Q91YM2}. Note=In response to integrins and SDC4 and upon phosphorylation by PKC, relocalizes from the cytoplasm to regions of plasma membrane ruffling where it colocalizes with polymerized actin. {ECO:0000250|UniProtKB:Q91YM2}."
Q9NRZ5,,"TRANSMEM 11..31; /note=""Helical""; /evidence=""ECO:0000255""; TRANSMEM 125..145; /note=""Helical""; /evidence=""ECO:0000255""; TRANSMEM 307..327; /note=""Helical""; /evidence=""ECO:0000255""; TRANSMEM 338..358; /note=""Helical""; /evidence=""ECO:0000255""",,SUBCELLULAR LOCATION: Endoplasmic reticulum membrane {ECO:0000250|UniProtKB:Q8K4X7}; Multi-pass membrane protein {ECO:0000255}.
Q9H5J4,,"TRANSMEM 34..51; /note=""Helical""; /evidence=""ECO:0000255|HAMAP-Rule:MF_03206""; TRANSMEM 70..90; /note=""Helical""; /evidence=""ECO:0000255|HAMAP-Rule:MF_03206""; TRANSMEM 111..131; /note=""Helical""; /evidence=""ECO:0000255|HAMAP-Rule:MF_03206""; TRANSMEM 136..156; /note=""Helical""; /evidence=""ECO:0000255|HAMAP-Rule:MF_03206""; TRANSMEM 159..179; /note=""Helical""; /evidence=""ECO:0000255|HAMAP-Rule:MF_03206""; TRANSMEM 197..217; /note=""Helical""; /evidence=""ECO:0000255|HAMAP-Rule:MF_03206""; TRANSMEM 232..252; /note=""Helical""; /evidence=""ECO:0000255|HAMAP-Rule:MF_03206""",,"SUBCELLULAR LOCATION: Endoplasmic reticulum membrane {ECO:0000255|HAMAP-Rule:MF_03206, ECO:0000269|PubMed:20937905}; Multi-pass membrane protein {ECO:0000255|HAMAP-Rule:MF_03206}."
Q9H5J8,,,,"SUBCELLULAR LOCATION: Nucleus {ECO:0000269|PubMed:15520167, ECO:0000269|PubMed:17318177}."
Q9H814,,,,"SUBCELLULAR LOCATION: Nucleus, nucleoplasm {ECO:0000269|PubMed:11333016, ECO:0000269|PubMed:15574332}. Nucleus, Cajal body {ECO:0000269|PubMed:15574332}. Cytoplasm {ECO:0000269|PubMed:11333016}. Note=Located in the nucleoplasm and Cajal bodies. Shuttles between the nucleus and the cytoplasm. Shuttles between the nucleoplasm and Cajal bodies. {ECO:0000269|PubMed:11333016, ECO:0000269|PubMed:15574332}."
Q9H8H0,,,,"SUBCELLULAR LOCATION: Nucleus, nucleolus {ECO:0000269|PubMed:12429849, ECO:0000269|PubMed:22916032}."
Q9H9F9,,,,"SUBCELLULAR LOCATION: Nucleus {ECO:0000269|PubMed:18026119, ECO:0000269|PubMed:18163988, ECO:0000269|PubMed:19014934}. Cytoplasm {ECO:0000269|PubMed:19014934}. Note=Predominantly nuclear but undergoes nucleo-cytoplasmic shuttling (PubMed:19014934). Localized to interphase nuclei, but not nucleoli; excluded from chromosomes as mitosis progresses (PubMed:18163988)."
Q9HD47,,,,"SUBCELLULAR LOCATION: Nucleus {ECO:0000269|PubMed:11290418}. Cytoplasm, perinuclear region {ECO:0000269|PubMed:21447824}. Cytoplasm {ECO:0000269|PubMed:11290418, ECO:0000269|PubMed:21447824}. Cell membrane {ECO:0000269|PubMed:21447824}; Peripheral membrane protein {ECO:0000305|PubMed:21447824}; Cytoplasmic side {ECO:0000305|PubMed:21447824}. Note=May shuttle between the nucleus and cytoplasm. {ECO:0000269|PubMed:11290418}."
Q9NP72,,,,"SUBCELLULAR LOCATION: Endoplasmic reticulum membrane {ECO:0000269|PubMed:24891604, ECO:0000269|PubMed:26063829}. Golgi apparatus, cis-Golgi network membrane {ECO:0000269|PubMed:26063829}. Lipid droplet {ECO:0000269|PubMed:23935497, ECO:0000269|PubMed:30970241}. Apical cell membrane {ECO:0000250|UniProtKB:P35293}. Note=Localized to the ER membrane as well as to the cis-Golgi in fibroblasts. {ECO:0000269|PubMed:26063829}."
Q9NR20,,,,SUBCELLULAR LOCATION: [Isoform 1]: Cytoplasm {ECO:0000269|PubMed:17292540}.; SUBCELLULAR LOCATION: [Isoform 4]: Cytoplasm {ECO:0000269|PubMed:21127067}. Nucleus {ECO:0000269|PubMed:21127067}.
Q9NR31,,,,"SUBCELLULAR LOCATION: Endoplasmic reticulum membrane {ECO:0000269|PubMed:23433038, ECO:0000269|PubMed:32358066}; Peripheral membrane protein {ECO:0000305|PubMed:23433038, ECO:0000305|PubMed:32358066}. Golgi apparatus, Golgi stack membrane {ECO:0000305|PubMed:34290409}; Peripheral membrane protein {ECO:0000305|PubMed:34290409}. Cytoplasm, cytosol {ECO:0000269|PubMed:34290409}. Lysosome membrane {ECO:0000305|PubMed:34290409}. Note=Active at endoplasmic reticulum exit sites (ERES) where it inserts into the membrane and recruits the remainder of the coat protein complex II/COPII (PubMed:23433038, PubMed:32358066). Upon leucine deprivation, associates with lysosomal membranes to repress TORC1 signaling (Probable). {ECO:0000269|PubMed:23433038, ECO:0000269|PubMed:32358066, ECO:0000305|PubMed:34290409}."
Q9NR83,,,,SUBCELLULAR LOCATION: Cytoplasm. Nucleus. Note=Shuttles between the cytoplasm and the nucleus.
Q9NRD5,,,,"SUBCELLULAR LOCATION: Cytoplasm, perinuclear region {ECO:0000250|UniProtKB:Q9EP80}. Membrane {ECO:0000250|UniProtKB:Q9EP80}; Peripheral membrane protein {ECO:0000250|UniProtKB:Q9EP80}. Membrane {ECO:0000250|UniProtKB:Q62083}; Lipid-anchor {ECO:0000250|UniProtKB:Q62083}. Postsynaptic density {ECO:0000250|UniProtKB:Q9EP80}. Synapse, synaptosome {ECO:0000250|UniProtKB:Q9EP80}. Cytoplasm, cytoskeleton {ECO:0000250|UniProtKB:Q9EP80}. Note=Also membrane-associated, present at excitatory synapses. {ECO:0000250|UniProtKB:Q9EP80}."
Q9NRP0,,"TRANSMEM 33..53; /note=""Helical""; /evidence=""ECO:0000255""; TRANSMEM 84..104; /note=""Helical""; /evidence=""ECO:0000255""; TRANSMEM 118..138; /note=""Helical""; /evidence=""ECO:0000255""","TOPO_DOM 1..32; /note=""Cytoplasmic""; /evidence=""ECO:0000255""; TOPO_DOM 54..83; /note=""Extracellular""; /evidence=""ECO:0000255""; TOPO_DOM 105..117; /note=""Cytoplasmic""; /evidence=""ECO:0000255""; TOPO_DOM 139..149; /note=""Extracellular""; /evidence=""ECO:0000255""",SUBCELLULAR LOCATION: Endoplasmic reticulum {ECO:0000269|PubMed:21768116}. Membrane {ECO:0000305}; Multi-pass membrane protein {ECO:0000305}.
Q9NRW1,,,,"SUBCELLULAR LOCATION: Golgi apparatus membrane {ECO:0000269|PubMed:17707369, ECO:0000269|PubMed:18044744, ECO:0000269|PubMed:25492866}; Lipid-anchor {ECO:0000305}. Endoplasmic reticulum-Golgi intermediate compartment {ECO:0000269|PubMed:17707369}. Cytoplasmic vesicle {ECO:0000269|PubMed:17707369}. Note=Colocalizes with BICD1 at vesicular structures that align along microtubules. {ECO:0000269|PubMed:17707369}."
Q9NS56,,,,"SUBCELLULAR LOCATION: Nucleus. Nucleus, PML body. Note=Localizes to discrete nuclear foci which partly overlap with PML nuclear bodies. Targeted to PML nuclear bodies upon DNA damage."
Q9HBE1,,,,SUBCELLULAR LOCATION: Nucleus {ECO:0000269|PubMed:10713105}.
Q9HBH9,,,,"SUBCELLULAR LOCATION: [Isoform 2]: Nucleus, PML body.; SUBCELLULAR LOCATION: [Isoform 1]: Cytoplasm."
Q9HC98,,,,"SUBCELLULAR LOCATION: Cytoplasm. Nucleus. Nucleus speckle. Cytoplasm, cytoskeleton, microtubule organizing center, centrosome. Cytoplasm, cytoskeleton, spindle pole. Note=Colocalizes with APBB1 at the nuclear speckles. Colocalizes with PIN1 in the nucleus. Colocalizes with ATF4, CIRSR, ARHGAP33, ANKRA2, CDC42, NEK9, RAD26L, RBBP6, RPS7, TRIP4, RELB and PHF1 in the centrosome. Localizes to spindle microtubules in metaphase and anaphase and to the midbody during cytokinesis."
Q9NPA0,"SIGNAL 1..23; /evidence=""ECO:0000269|PubMed:32439656, ECO:0007744|PubMed:25944712""","TRANSMEM 160..180; /note=""Helical""; /evidence=""ECO:0000255""","TOPO_DOM 24..159; /note=""Lumenal""; /evidence=""ECO:0000269|PubMed:32439656""; TOPO_DOM 181..242; /note=""Cytoplasmic""; /evidence=""ECO:0000269|PubMed:32439656""",SUBCELLULAR LOCATION: Endoplasmic reticulum membrane {ECO:0000269|PubMed:22119785}; Single-pass type I membrane protein {ECO:0000269|PubMed:32439656}.
Q9NPE3,,,,"SUBCELLULAR LOCATION: Nucleus, nucleolus {ECO:0000269|PubMed:11074001}. Nucleus, Cajal body {ECO:0000269|PubMed:11074001}. Note=Also localized to Cajal bodies (coiled bodies)."
Q9NPJ6,,,,SUBCELLULAR LOCATION: Nucleus.
Q9NRL2,,,,"SUBCELLULAR LOCATION: Nucleus {ECO:0000269|PubMed:10880450, ECO:0000269|PubMed:25593309}. Note=Localizes to pericentric heterochromatin (By similarity). May target the CHRAC complex to heterochromatin (PubMed:10880450). Localizes to sites of DNA damage (PubMed:25593309). {ECO:0000250|UniProtKB:O88379, ECO:0000269|PubMed:10880450, ECO:0000269|PubMed:25593309}."
Q9NRS6,,,,SUBCELLULAR LOCATION: Cytoplasm {ECO:0000269|PubMed:11085978}. Membrane {ECO:0000269|PubMed:11085978}; Peripheral membrane protein {ECO:0000269|PubMed:11085978}; Cytoplasmic side {ECO:0000269|PubMed:11085978}. Cytoplasmic vesicle membrane {ECO:0000269|PubMed:11085978}; Peripheral membrane protein {ECO:0000269|PubMed:11085978}; Cytoplasmic side {ECO:0000269|PubMed:11085978}.
Q9H8Y8,,,,"SUBCELLULAR LOCATION: Golgi apparatus membrane {ECO:0000269|PubMed:10487747, ECO:0000269|PubMed:11101516, ECO:0000269|PubMed:27062250}; Lipid-anchor {ECO:0000269|PubMed:11101516}. Endoplasmic reticulum membrane {ECO:0000269|PubMed:27062250}. Golgi apparatus {ECO:0000269|PubMed:28067262}. Note=Detected in the intermediate Golgi, membrane-associated (By similarity). ER stress triggers its relocalization from Golgi to ER membrane (PubMed:27062250, PubMed:28067262). {ECO:0000250|UniProtKB:Q9R064, ECO:0000269|PubMed:27062250, ECO:0000269|PubMed:28067262}."
Q9H902,,"TRANSMEM 1..21; /note=""Helical""; /evidence=""ECO:0000255""; TRANSMEM 35..55; /note=""Helical""; /evidence=""ECO:0000255""; TRANSMEM 57..77; /note=""Helical""; /evidence=""ECO:0000255""","TOPO_DOM 22..34; /note=""Cytoplasmic""; /evidence=""ECO:0000305""; TOPO_DOM 56; /note=""Lumenal""; /evidence=""ECO:0000305""; TOPO_DOM 78..201; /note=""Cytoplasmic""; /evidence=""ECO:0000305""",SUBCELLULAR LOCATION: Membrane {ECO:0000255}. Mitochondrion membrane {ECO:0000269|PubMed:16826527}; Multi-pass membrane protein {ECO:0000255}. Endoplasmic reticulum {ECO:0000269|PubMed:20200447}. Note=Localizes to endoplasmic reticulum tubular network. {ECO:0000269|PubMed:20200447}.
Q9NRA0,,,,"SUBCELLULAR LOCATION: Cytoplasm {ECO:0000269|PubMed:12954646, ECO:0000269|PubMed:16103110, ECO:0000269|PubMed:17635916, ECO:0000269|PubMed:20197547, ECO:0000269|PubMed:29615132}. Nucleus {ECO:0000269|PubMed:12954646, ECO:0000269|PubMed:16103110, ECO:0000269|PubMed:17635916, ECO:0000269|PubMed:19729656, ECO:0000269|PubMed:20197547, ECO:0000269|PubMed:29615132}. Endoplasmic reticulum {ECO:0000250|UniProtKB:Q9JIA7}. Mitochondrion inner membrane {ECO:0000250|UniProtKB:Q9JIA7}. Note=In nucleus, located in nucleosomes where it associates with core histone proteins such as histone 3 (PubMed:19729656). In brains of patients with Alzheimer's disease, may be preferentially localized in the nucleus. Cytosolic expression decrease correlates with the density of amyloid deposits (PubMed:29615132). In apoptotic cells, colocalizes with CASP1 in cell membrane where is cleaved and released from cells in an active form (PubMed:20197547). {ECO:0000269|PubMed:19729656, ECO:0000269|PubMed:20197547, ECO:0000269|PubMed:29615132}.; SUBCELLULAR LOCATION: [Isoform 2]: Lysosome membrane {ECO:0000269|PubMed:17897319}."
Q9NRZ7,,"TRANSMEM 125..145; /note=""Helical""; /evidence=""ECO:0000255""; TRANSMEM 317..339; /note=""Helical""; /evidence=""ECO:0000255""","TOPO_DOM 1..124; /note=""Cytoplasmic""; /evidence=""ECO:0000305|PubMed:20537980""; TOPO_DOM 146..316; /note=""Lumenal""; /evidence=""ECO:0000305|PubMed:20537980""; TOPO_DOM 340..376; /note=""Cytoplasmic""; /evidence=""ECO:0000305|PubMed:20537980""","SUBCELLULAR LOCATION: Endoplasmic reticulum membrane {ECO:0000269|PubMed:20537980, ECO:0000269|PubMed:21173190}; Multi-pass membrane protein {ECO:0000255}. Nucleus envelope {ECO:0000269|PubMed:21173190}."
Q9HCH0,,,,"SUBCELLULAR LOCATION: Cytoplasm, cytoskeleton, microtubule organizing center, centrosome {ECO:0000269|PubMed:26482847, ECO:0000269|PubMed:26485573, ECO:0000269|PubMed:26549230}. Note=Localizes to microtubule plus ends (PubMed:26482847, PubMed:26485573). Associates with centrosomes during interphase, but dissociates from these structures from the onset of mitosis (PubMed:26549230). {ECO:0000269|PubMed:26482847, ECO:0000269|PubMed:26485573, ECO:0000269|PubMed:26549230}."
Q9H2G2,,,,SUBCELLULAR LOCATION: Cytoplasm {ECO:0000250}.
Q9H6H4,,"TRANSMEM 1..21; /note=""Helical""; /evidence=""ECO:0000255""; TRANSMEM 42..62; /note=""Helical""; /evidence=""ECO:0000255""",,SUBCELLULAR LOCATION: Endoplasmic reticulum membrane {ECO:0000269|PubMed:23911198}; Multi-pass membrane protein {ECO:0000269|PubMed:23911198}.
Q9HBH0,,,,"SUBCELLULAR LOCATION: Cell membrane {ECO:0000305}; Lipid-anchor {ECO:0000305}; Cytoplasmic side {ECO:0000305}. Cytoplasm, cytoskeleton."
Q9NP64,,,,"SUBCELLULAR LOCATION: Nucleus, nucleolus {ECO:0000269|PubMed:12893261}."
Q9NQQ7,,"TRANSMEM 14..34; /note=""Helical""; /evidence=""ECO:0000255""; TRANSMEM 42..62; /note=""Helical""; /evidence=""ECO:0000255""; TRANSMEM 104..124; /note=""Helical""; /evidence=""ECO:0000255""; TRANSMEM 136..156; /note=""Helical""; /evidence=""ECO:0000255""; TRANSMEM 158..178; /note=""Helical""; /evidence=""ECO:0000255""; TRANSMEM 202..222; /note=""Helical""; /evidence=""ECO:0000255""; TRANSMEM 242..262; /note=""Helical""; /evidence=""ECO:0000255""; TRANSMEM 294..316; /note=""Helical""; /evidence=""ECO:0000255""",,"SUBCELLULAR LOCATION: Golgi apparatus, cis-Golgi network membrane {ECO:0000269|PubMed:20837470}; Multi-pass membrane protein {ECO:0000255}. Endoplasmic reticulum-Golgi intermediate compartment membrane {ECO:0000269|PubMed:20837470}; Multi-pass membrane protein {ECO:0000255}."
Q9NRC1,,"TRANSMEM 15..35; /note=""Helical""; /evidence=""ECO:0000255""; TRANSMEM 62..82; /note=""Helical""; /evidence=""ECO:0000255""; TRANSMEM 512..532; /note=""Helical""; /evidence=""ECO:0000255""",,SUBCELLULAR LOCATION: Membrane {ECO:0000305}; Multi-pass membrane protein {ECO:0000305}.
Q9H4A3,,,,"SUBCELLULAR LOCATION: Cytoplasm {ECO:0000269|PubMed:10660600, ECO:0000269|PubMed:17190791, ECO:0000269|PubMed:21220314, ECO:0000269|PubMed:22989884, ECO:0000269|PubMed:27911840, ECO:0000269|PubMed:33964204, ECO:0000269|PubMed:36318922}. Nucleus {ECO:0000269|PubMed:29196535}. Cytoplasm, cytoskeleton, spindle {ECO:0000269|PubMed:21220314}. Note=Mediates formation and localizes to cytoplasmic membraneless compartment in response to hyperosmotic stress (PubMed:36318922). Also localizes to the nucleus (PubMed:29196535). Localizes to the mitotic spindle during mitosis (PubMed:21220314). {ECO:0000269|PubMed:21220314, ECO:0000269|PubMed:29196535, ECO:0000269|PubMed:36318922}."
Q9H8V3,,,,"SUBCELLULAR LOCATION: Nucleus {ECO:0000269|PubMed:10579713, ECO:0000269|PubMed:14645260, ECO:0000269|PubMed:15254234, ECO:0000269|PubMed:16103226, ECO:0000269|PubMed:16495035, ECO:0000269|PubMed:19617897}. Cytoplasm {ECO:0000269|PubMed:10579713, ECO:0000269|PubMed:16236794, ECO:0000269|PubMed:16394104}. Cytoplasm, cytoskeleton, spindle {ECO:0000269|PubMed:10579713, ECO:0000269|PubMed:16103226, ECO:0000269|PubMed:16236794, ECO:0000269|PubMed:17115030, ECO:0000269|PubMed:19468300}. Cleavage furrow {ECO:0000269|PubMed:10579713}. Midbody {ECO:0000269|PubMed:15254234, ECO:0000269|PubMed:16394104, ECO:0000269|PubMed:17115030}. Cell junction {ECO:0000269|PubMed:15254234, ECO:0000269|PubMed:16495035}. Cell junction, tight junction {ECO:0000269|PubMed:15254234}. Cytoplasm, cytoskeleton, microtubule organizing center, centrosome {ECO:0000269|PubMed:17115030}. Note=Sequestered within the nucleus during interphase (PubMed:10579713). Dispersed throughout the cytoplasm upon breakdown of the nuclear envelope during mitosis (PubMed:10579713). Colocalizes with the centralspindlin complex to the mitotic spindles during anaphase/metaphase, the cleavage furrow during telophase and at the midbody at the end of cytokinesis (PubMed:10579713). Colocalized with RhoA at the midbody (PubMed:10579713). Its subcellular localization to tight junction is increased by calcium (PubMed:15254234). {ECO:0000269|PubMed:10579713, ECO:0000269|PubMed:15254234}."
Q9H609,,,,SUBCELLULAR LOCATION: Nucleus {ECO:0000305}.
Q9HBR0,,"TRANSMEM 4..24; /note=""Helical""; /evidence=""ECO:0000255""; TRANSMEM 36..58; /note=""Helical""; /evidence=""ECO:0000255""; TRANSMEM 84..104; /note=""Helical""; /evidence=""ECO:0000255""; TRANSMEM 120..140; /note=""Helical""; /evidence=""ECO:0000255""; TRANSMEM 153..173; /note=""Helical""; /evidence=""ECO:0000255""; TRANSMEM 229..249; /note=""Helical""; /evidence=""ECO:0000255""; TRANSMEM 272..292; /note=""Helical""; /evidence=""ECO:0000255""; TRANSMEM 323..343; /note=""Helical""; /evidence=""ECO:0000255""; TRANSMEM 345..365; /note=""Helical""; /evidence=""ECO:0000255""; TRANSMEM 378..398; /note=""Helical""; /evidence=""ECO:0000255""",,SUBCELLULAR LOCATION: Membrane {ECO:0000305}; Multi-pass membrane protein {ECO:0000305}.
Q9H920,,"TRANSMEM 50..70; /note=""Helical""; /evidence=""ECO:0000255""; TRANSMEM 79..99; /note=""Helical""; /evidence=""ECO:0000255""; TRANSMEM 100..120; /note=""Helical""; /evidence=""ECO:0000255""; TRANSMEM 148..168; /note=""Helical""; /evidence=""ECO:0000255""; TRANSMEM 172..192; /note=""Helical""; /evidence=""ECO:0000255""; TRANSMEM 306..326; /note=""Helical""; /evidence=""ECO:0000255""",,SUBCELLULAR LOCATION: Endoplasmic reticulum membrane {ECO:0000250|UniProtKB:Q09251}; Multi-pass membrane protein {ECO:0000305}.
Q9H9Y2,,,,"SUBCELLULAR LOCATION: Nucleus, nucleolus {ECO:0000269|PubMed:12429849}."
Q9NSI2,,,,"SUBCELLULAR LOCATION: Nucleus, nucleolus {ECO:0000250|UniProtKB:P53251}."
Q9H2T7,,,,"SUBCELLULAR LOCATION: Cytoplasm {ECO:0000250}. Nucleus {ECO:0000250}. Nucleus, nuclear pore complex {ECO:0000250}."
Q9H3E2,,,,SUBCELLULAR LOCATION: Endosome membrane {ECO:0000269|PubMed:14975938}; Peripheral membrane protein {ECO:0000269|PubMed:14975938}. Note=Detected in endosome-derived secreted vesicles (exosomes) from malignant pleural effusions.
Q9H819,,"TRANSMEM 228..248; /note=""Helical""; /evidence=""ECO:0000255""",,"SUBCELLULAR LOCATION: Endoplasmic reticulum membrane {ECO:0000269|PubMed:25631089}; Single-pass membrane protein {ECO:0000305}.; SUBCELLULAR LOCATION: Note=(Microbial infection) Upon SV40 infection, colocalizes with BCAP31, DNAJB12 and DNAJB14 in punctate structures within the endoplasmic reticulum membrane. {ECO:0000269|PubMed:25631089}."
Q9H9R9,,,,
Q9NT62,,,,SUBCELLULAR LOCATION: Cytoplasm {ECO:0000269|PubMed:11825910}.
Q9NUQ2,,"TRANSMEM 15..35; /note=""Helical""; /evidence=""ECO:0000255""; TRANSMEM 61..81; /note=""Helical""; /evidence=""ECO:0000255""; TRANSMEM 344..364; /note=""Helical""; /evidence=""ECO:0000255""",,SUBCELLULAR LOCATION: Endoplasmic reticulum membrane {ECO:0000269|PubMed:21173190}; Multi-pass membrane protein {ECO:0000255}. Nucleus envelope {ECO:0000269|PubMed:21173190}. Mitochondrion {ECO:0000269|PubMed:21173190}.
Q9NVH1,,,,"SUBCELLULAR LOCATION: Mitochondrion {ECO:0000269|PubMed:25997101}. Note=Isoforms show differential submitochondrial localization. A 57 kDa form (potentially isoform 3) shows either mitochondrial matrix or innermembrane (IM) localization, possibly anchored to the IM facing the matrix. A 35 kDa form behaved either as an inner membrane space (IMS) or an IM protein exposed to the IMS. {ECO:0000269|PubMed:25111180}.; SUBCELLULAR LOCATION: [Isoform 1]: Mitochondrion outer membrane {ECO:0000269|PubMed:25111180}; Peripheral membrane protein {ECO:0000269|PubMed:25111180}."
Q9NY61,,,,"SUBCELLULAR LOCATION: Nucleus, nucleolus {ECO:0000269|PubMed:12429849, ECO:0000269|PubMed:34516797}."
Q9NYA1,,,,"SUBCELLULAR LOCATION: Cytoplasm {ECO:0000269|PubMed:14575709, ECO:0000269|PubMed:19854831, ECO:0000269|PubMed:29662056}. Nucleus {ECO:0000269|PubMed:14575709, ECO:0000269|PubMed:19854831, ECO:0000269|PubMed:29662056}. Cell membrane {ECO:0000269|PubMed:19854831}. Endosome membrane {ECO:0000269|PubMed:24929359}; Peripheral membrane protein {ECO:0000269|PubMed:24929359}. Membrane, clathrin-coated pit {ECO:0000269|PubMed:24929359}. Synapse {ECO:0000250|UniProtKB:Q8CI15}. Note=Translocated from the cytoplasm to the plasma membrane in a CIB1-dependent manner (PubMed:19854831). Binds to membranes containing negatively charged lipids but not neutral lipids (PubMed:24929359). Recruited to endocytic membranes by sphingosine where promotes membrane fusion (By similarity). {ECO:0000250|UniProtKB:Q8CI15, ECO:0000269|PubMed:19854831, ECO:0000269|PubMed:24929359}."
Q9NYG5,,,,SUBCELLULAR LOCATION: Cytoplasm {ECO:0000269|PubMed:11573242}. Nucleus {ECO:0000269|PubMed:11573242}.
Q9NYV4,,,,SUBCELLULAR LOCATION: Nucleus {ECO:0000269|PubMed:11683387}. Nucleus speckle {ECO:0000269|PubMed:11683387}. Note=Colocalized with nuclear speckles throughout interphase. {ECO:0000269|PubMed:11683387}.
Q9NZ63,,,,"SUBCELLULAR LOCATION: Nucleus {ECO:0000269|PubMed:35167828}. Chromosome, centromere {ECO:0000269|PubMed:35167828}. Note=Dispersed throughout the nucleus during interphase (PubMed:35167828). Colocalizes with microtubule attachment sites at centromeres following mitotic checkpoint activation (PubMed:35167828). {ECO:0000269|PubMed:35167828}."
Q9P0I2,,"TRANSMEM 15..38; /note=""Helical""; /evidence=""ECO:0000269|PubMed:32439656""; TRANSMEM 115..130; /note=""Helical""; /evidence=""ECO:0000269|PubMed:32439656""; TRANSMEM 169..187; /note=""Helical""; /evidence=""ECO:0000269|PubMed:32439656""","TOPO_DOM 2..14; /note=""Lumenal""; /evidence=""ECO:0000269|PubMed:32439656""; TOPO_DOM 39..114; /note=""Cytoplasmic""; /evidence=""ECO:0000269|PubMed:32439656""; TOPO_DOM 131..168; /note=""Lumenal""; /evidence=""ECO:0000269|PubMed:32439656""; TOPO_DOM 188..261; /note=""Cytoplasmic""; /evidence=""ECO:0000269|PubMed:32439656""",SUBCELLULAR LOCATION: Endoplasmic reticulum membrane {ECO:0000269|PubMed:22119785}; Multi-pass membrane protein {ECO:0000269|PubMed:32439656}.
Q9P0S3,,"TRANSMEM 27..46; /note=""Helical""; /evidence=""ECO:0000255""; TRANSMEM 47..64; /note=""Helical""; /evidence=""ECO:0000255""; TRANSMEM 101..121; /note=""Helical""; /evidence=""ECO:0000255""; TRANSMEM 124..140; /note=""Helical""; /evidence=""ECO:0000255""","TOPO_DOM 1..26; /note=""Cytoplasmic""; /evidence=""ECO:0000255""; TOPO_DOM 65..100; /note=""Cytoplasmic""; /evidence=""ECO:0000255""; TOPO_DOM 122..123; /note=""Extracellular""; /evidence=""ECO:0000255""; TOPO_DOM 141..153; /note=""Cytoplasmic""; /evidence=""ECO:0000255""",SUBCELLULAR LOCATION: Endoplasmic reticulum membrane {ECO:0000269|PubMed:12093374}; Multi-pass membrane protein {ECO:0000269|PubMed:12093374}.
Q9P2W9,,"TRANSMEM 310..330; /note=""Helical; Anchor for type IV membrane protein""; /evidence=""ECO:0000255""","TOPO_DOM 1..309; /note=""Cytoplasmic""; /evidence=""ECO:0000255""; TOPO_DOM 331..335; /note=""Vesicular""; /evidence=""ECO:0000255""",SUBCELLULAR LOCATION: Endoplasmic reticulum membrane {ECO:0000305|PubMed:15029241}; Single-pass type IV membrane protein {ECO:0000305|PubMed:15029241}. Golgi apparatus membrane {ECO:0000305}; Single-pass type IV membrane protein {ECO:0000305}.
Q9NSP4,,,,"SUBCELLULAR LOCATION: Nucleus. Cytoplasm. Chromosome, centromere, kinetochore. Note=Nuclear in non-confluent cells and cytoplasmic in confluent or dividing cells (By similarity). Localizes in the kinetochore domain of centromeres. {ECO:0000250}."
Q9NUX5,,,,"SUBCELLULAR LOCATION: Nucleus {ECO:0000269|PubMed:12391173, ECO:0000269|PubMed:27013236, ECO:0000269|PubMed:30586141, ECO:0000269|PubMed:35420632, ECO:0000269|PubMed:37140166}. Chromosome, telomere {ECO:0000269|PubMed:12391173, ECO:0000269|PubMed:27013236, ECO:0000269|PubMed:30586141, ECO:0000269|PubMed:35420632, ECO:0000269|PubMed:37140166}. Note=Colocalizes with telomeric DNA. {ECO:0000269|PubMed:12391173}."
Q9NV31,,,,"SUBCELLULAR LOCATION: Nucleus, nucleolus {ECO:0000269|PubMed:12655004, ECO:0000269|PubMed:34516797}."
Q9NW13,,,,"SUBCELLULAR LOCATION: Nucleus, nucleolus {ECO:0000269|PubMed:12429849, ECO:0000269|PubMed:17081119, ECO:0000269|Ref.7}."
Q9NX70,,,,SUBCELLULAR LOCATION: Nucleus {ECO:0000269|PubMed:15555573}.
Q9NYM9,,"TRANSMEM 87..107; /note=""Helical; Anchor for type IV membrane protein""; /evidence=""ECO:0000255""","TOPO_DOM 1..86; /note=""Cytoplasmic""; /evidence=""ECO:0000255""; TOPO_DOM 108..111; /note=""Lumenal""; /evidence=""ECO:0000255""","SUBCELLULAR LOCATION: Golgi apparatus membrane {ECO:0000250}; Single-pass type IV membrane protein {ECO:0000250}. Golgi apparatus, trans-Golgi network membrane {ECO:0000250}. Note=Present throughout the Golgi apparatus, with increasing concentration from cis-Golgi to the trans-Golgi face of the stacks. {ECO:0000250}."
Q9NYP7,,"TRANSMEM 26..46; /note=""Helical""; /evidence=""ECO:0000255|HAMAP-Rule:MF_03205""; TRANSMEM 64..84; /note=""Helical""; /evidence=""ECO:0000255|HAMAP-Rule:MF_03205""; TRANSMEM 112..132; /note=""Helical""; /evidence=""ECO:0000255|HAMAP-Rule:MF_03205""; TRANSMEM 139..158; /note=""Helical""; /evidence=""ECO:0000255|HAMAP-Rule:MF_03205""; TRANSMEM 168..187; /note=""Helical""; /evidence=""ECO:0000255|HAMAP-Rule:MF_03205""; TRANSMEM 205..225; /note=""Helical""; /evidence=""ECO:0000255|HAMAP-Rule:MF_03205""; TRANSMEM 226..246; /note=""Helical""; /evidence=""ECO:0000255|HAMAP-Rule:MF_03205""",,"SUBCELLULAR LOCATION: Endoplasmic reticulum membrane {ECO:0000255|HAMAP-Rule:MF_03205, ECO:0000269|PubMed:20937905}; Multi-pass membrane protein {ECO:0000255|HAMAP-Rule:MF_03205}. Cell projection, dendrite {ECO:0000255|HAMAP-Rule:MF_03205, ECO:0000269|PubMed:25065913}. Note=In Purkinje cells, the protein localizes to the soma and proximal portion of the dendritic tree. {ECO:0000255|HAMAP-Rule:MF_03205, ECO:0000269|PubMed:25065913}."
Q9NZL4,,,,
Q9P0L0,,"TRANSMEM 228..248; /note=""Helical; Anchor for type IV membrane protein""; /evidence=""ECO:0000255""","TOPO_DOM 2..227; /note=""Cytoplasmic""; /evidence=""ECO:0000255""","SUBCELLULAR LOCATION: Endoplasmic reticulum membrane {ECO:0000269|PubMed:10523508, ECO:0000269|PubMed:16143324, ECO:0000269|PubMed:19289470, ECO:0000269|PubMed:25447204, ECO:0000269|PubMed:30741634, ECO:0000269|PubMed:32344433, ECO:0000269|PubMed:33124732}; Single-pass type IV membrane protein {ECO:0000269|PubMed:10523508, ECO:0000269|PubMed:19289470}. Cell membrane {ECO:0000269|PubMed:25447204}; Single-pass type IV membrane protein {ECO:0000305}. Cell junction, tight junction {ECO:0000269|PubMed:10523508}. Nucleus membrane {ECO:0000250|UniProtKB:Q9Z270}. Note=Present in the plasma membrane and in intracellular vesicles, together with SNARE proteins. May also associate with the cytoskeleton. Colocalizes with OCLN at the tight junction in polarized epithelial cells. {ECO:0000269|PubMed:10523508}."
Q9P1W9,,,,
Q9P2M4,,,,"SUBCELLULAR LOCATION: Golgi apparatus, cis-Golgi network {ECO:0000269|PubMed:22613832, ECO:0000269|PubMed:26711178}. Golgi apparatus, trans-Golgi network {ECO:0000269|PubMed:22613832}. Note=After amino acid starvation, Golgi apparatus-associated protein levels increase compared with fed conditions. May be cycling between the Golgi apparatus and an endosomal pool, redistributing to the Golgi apparatus upon starvation."
Q9P2W1,,,,SUBCELLULAR LOCATION: Nucleus {ECO:0000269|PubMed:11739747}.
Q9UBB4,,,,"SUBCELLULAR LOCATION: Cytoplasm, perinuclear region {ECO:0000269|PubMed:16498633, ECO:0000269|PubMed:25666058}. Midbody {ECO:0000269|PubMed:21857149, ECO:0000269|PubMed:25666058}. Cytoplasm, cytoskeleton, cilium basal body {ECO:0000250|UniProtKB:P28658}. Cytoplasm, cytoskeleton, microtubule organizing center, centrosome, centriole {ECO:0000250|UniProtKB:P28658}. Note=Localizes to the midbody during telophase. {ECO:0000269|PubMed:25666058}."
Q9UBF2,,,,"SUBCELLULAR LOCATION: Cytoplasm, cytosol {ECO:0000250}. Golgi apparatus membrane {ECO:0000250}; Peripheral membrane protein {ECO:0000250}; Cytoplasmic side {ECO:0000250}. Cytoplasmic vesicle, COPI-coated vesicle membrane {ECO:0000250}; Peripheral membrane protein {ECO:0000250}; Cytoplasmic side {ECO:0000250}. Note=The coatomer is cytoplasmic or polymerized on the cytoplasmic side of the Golgi, as well as on the vesicles/buds originating from it. Tends to be more abundant in the trans-Golgi network compared to the cis-Golgi. {ECO:0000250}."
Q9UBM7,,"TRANSMEM 40..60; /note=""Helical""; /evidence=""ECO:0000255""; TRANSMEM 154..174; /note=""Helical""; /evidence=""ECO:0000255""; TRANSMEM 177..197; /note=""Helical""; /evidence=""ECO:0000255""; TRANSMEM 266..286; /note=""Helical""; /evidence=""ECO:0000255""; TRANSMEM 306..326; /note=""Helical""; /evidence=""ECO:0000255""; TRANSMEM 331..351; /note=""Helical""; /evidence=""ECO:0000255""; TRANSMEM 420..440; /note=""Helical""; /evidence=""ECO:0000255""",,SUBCELLULAR LOCATION: Endoplasmic reticulum membrane {ECO:0000269|PubMed:9878250}; Multi-pass membrane protein {ECO:0000255}.
Q9NTJ5,,"TRANSMEM 521..541; /note=""Helical""; /evidence=""ECO:0000255""; TRANSMEM 549..569; /note=""Helical""; /evidence=""ECO:0000255""","TOPO_DOM 1..520; /note=""Cytoplasmic""; /evidence=""ECO:0000250|UniProtKB:Q9ES21""; TOPO_DOM 542..548; /note=""Lumenal""; /evidence=""ECO:0000250|UniProtKB:Q9ES21""; TOPO_DOM 570..587; /note=""Cytoplasmic""; /evidence=""ECO:0000250|UniProtKB:Q9ES21""","SUBCELLULAR LOCATION: Endoplasmic reticulum membrane {ECO:0000269|PubMed:27044890, ECO:0000269|PubMed:29461204, ECO:0000269|PubMed:31806350}; Multi-pass membrane protein {ECO:0000255}. Golgi apparatus membrane {ECO:0000269|PubMed:29461204, ECO:0000269|PubMed:31806350}. Note=Trafficking between the ER and Golgi is regulated by nutrient status and by TMEM39A (PubMed:31806350). Localizes to endoplasmic reticulum-plasma membrane contact sites (EPCS) in the presence of phosphatidylinositol-4,5-bisphosphate (PubMed:27044890). {ECO:0000269|PubMed:27044890, ECO:0000269|PubMed:31806350}."
Q9NTM9,,,,"SUBCELLULAR LOCATION: Cytoplasm {ECO:0000269|PubMed:16182249}. Nucleus {ECO:0000269|PubMed:16182249}. Note=The overexpressed protein is detected in the cytoplasm, and depending on the cell line, also in the nucleus."
Q9NVJ2,,,,"SUBCELLULAR LOCATION: Late endosome membrane {ECO:0000269|PubMed:16537643}. Lysosome membrane {ECO:0000269|PubMed:16650381, ECO:0000269|PubMed:21802320, ECO:0000269|PubMed:22172677, ECO:0000269|PubMed:25898167, ECO:0000269|PubMed:27808481, ECO:0000269|PubMed:28325809, ECO:0000269|PubMed:29592961}. Cytoplasm, cytoskeleton, spindle {ECO:0000269|PubMed:15331635}. Cell projection, axon {ECO:0000250|UniProtKB:Q9CQW2}. Synapse {ECO:0000250|UniProtKB:Q9CQW2}. Cytolytic granule membrane {ECO:0000269|PubMed:24088571}. Early endosome membrane {ECO:0000269|PubMed:36282215}. Note=GTP-bound form resides on lysosomal membranes, whereas GDP-bound form is likely associated with microtubular structures (PubMed:16650381). Localizes with microtubules at the spindle mid-zone during mitosis. In dendritic cells, localizes to MHC II+ compartments (By similarity). {ECO:0000250|UniProtKB:Q9CQW2, ECO:0000269|PubMed:15331635, ECO:0000269|PubMed:16650381}."
Q9NW08,,,,"SUBCELLULAR LOCATION: Nucleus {ECO:0000269|PubMed:33335104, ECO:0000269|PubMed:33417887}. Cytoplasm, cytosol {ECO:0000269|PubMed:33335104}."
Q9NX09,,,,"SUBCELLULAR LOCATION: Mitochondrion {ECO:0000250}. Cytoplasm, cytosol {ECO:0000269|PubMed:12453409}."
Q9NXB9,,"TRANSMEM 29..49; /note=""Helical""; /evidence=""ECO:0000255|HAMAP-Rule:MF_03202""; TRANSMEM 67..87; /note=""Helical""; /evidence=""ECO:0000255|HAMAP-Rule:MF_03202""; TRANSMEM 115..135; /note=""Helical""; /evidence=""ECO:0000255|HAMAP-Rule:MF_03202""; TRANSMEM 153..173; /note=""Helical""; /evidence=""ECO:0000255|HAMAP-Rule:MF_03202""; TRANSMEM 175..195; /note=""Helical""; /evidence=""ECO:0000255|HAMAP-Rule:MF_03202""; TRANSMEM 208..225; /note=""Helical""; /evidence=""ECO:0000255|HAMAP-Rule:MF_03202""; TRANSMEM 230..250; /note=""Helical""; /evidence=""ECO:0000255|HAMAP-Rule:MF_03202""",,"SUBCELLULAR LOCATION: Endoplasmic reticulum membrane {ECO:0000255|HAMAP-Rule:MF_03202, ECO:0000269|PubMed:20937905}; Multi-pass membrane protein {ECO:0000255|HAMAP-Rule:MF_03202}."
Q9NY12,,,,"SUBCELLULAR LOCATION: Nucleus, nucleolus. Nucleus, Cajal body. Note=Also localized to Cajal bodies (coiled bodies)."
Q9NY93,,,,"SUBCELLULAR LOCATION: Nucleus, nucleolus {ECO:0000269|PubMed:12429849, ECO:0000269|PubMed:22925334, ECO:0000269|PubMed:31340999, ECO:0000269|PubMed:33789112}."
Q9NYV6,,,,"SUBCELLULAR LOCATION: Nucleus, nucleolus {ECO:0000269|PubMed:11250903}."
Q9NZC7,,,,"SUBCELLULAR LOCATION: Cytoplasm {ECO:0000269|PubMed:14695174, ECO:0000269|PubMed:15070730, ECO:0000269|PubMed:16219768, ECO:0000269|PubMed:19366691, ECO:0000269|PubMed:19465938}. Nucleus {ECO:0000269|PubMed:14695174, ECO:0000269|PubMed:15064722, ECO:0000269|PubMed:16219768, ECO:0000269|PubMed:19366691}. Mitochondrion {ECO:0000269|PubMed:14695174}. Golgi apparatus {ECO:0000269|PubMed:30285739}. Lysosome {ECO:0000269|PubMed:30285739}. Note=Partially localizes to the mitochondria (PubMed:14695174). Translocates to the nucleus upon genotoxic stress or TNF stimulation (By similarity). Translocates to the nucleus in response to TGFB1 (PubMed:19366691). Isoform 5 and isoform 6 may localize in the nucleus. Localized to the lysosome probably upon binding to VOPP1 (PubMed:30285739). {ECO:0000250, ECO:0000269|PubMed:14695174, ECO:0000269|PubMed:19366691, ECO:0000269|PubMed:30285739}."
Q9P253,,,,"SUBCELLULAR LOCATION: Late endosome membrane {ECO:0000269|PubMed:11382755}; Peripheral membrane protein {ECO:0000269|PubMed:11382755}; Cytoplasmic side {ECO:0000305}. Lysosome membrane {ECO:0000269|PubMed:11382755, ECO:0000269|PubMed:21802320}; Peripheral membrane protein {ECO:0000269|PubMed:11382755}; Cytoplasmic side {ECO:0000305}. Early endosome {ECO:0000269|PubMed:18552835}. Cytoplasmic vesicle, autophagosome {ECO:0000305}. Cytoplasmic vesicle, clathrin-coated vesicle {ECO:0000305}. Note=Cytoplasmic, peripheral membrane protein associated with early endosomes and late endosomes/lysosomes."
Q9NUM4,,"TRANSMEM 97..117; /note=""Helical""; /evidence=""ECO:0000255""","TOPO_DOM 2..96; /note=""Cytoplasmic""; /evidence=""ECO:0000269|PubMed:22511793, ECO:0000269|PubMed:23136129, ECO:0000269|PubMed:25066864""; TOPO_DOM 118..274; /note=""Lumenal""; /evidence=""ECO:0000269|PubMed:22511793, ECO:0000269|PubMed:23136129, ECO:0000269|PubMed:25066864""","SUBCELLULAR LOCATION: Late endosome membrane {ECO:0000269|PubMed:22511793, ECO:0000269|PubMed:23136129, ECO:0000269|PubMed:25066864}; Single-pass type II membrane protein {ECO:0000269|PubMed:22511793, ECO:0000269|PubMed:23136129, ECO:0000269|PubMed:25066864}. Lysosome membrane {ECO:0000269|PubMed:22511793, ECO:0000269|PubMed:25066864, ECO:0000269|PubMed:37421949}; Single-pass type II membrane protein {ECO:0000269|PubMed:22511793, ECO:0000269|PubMed:23136129, ECO:0000269|PubMed:25066864}. Cell membrane {ECO:0000269|PubMed:37421949}; Single-pass type II membrane protein {ECO:0000255}. Note=Colocalizes with LAMP1. A small fraction resides on the cell surface (PubMed:37421949). {ECO:0000269|PubMed:22511793, ECO:0000269|PubMed:25066864, ECO:0000269|PubMed:37421949}."
Q9NVC6,,,,SUBCELLULAR LOCATION: Nucleus {ECO:0000305}.
Q9NWQ9,,,,SUBCELLULAR LOCATION: Mitochondrion {ECO:0000269|PubMed:22361696}.
Q9NX24,,,,"SUBCELLULAR LOCATION: Nucleus, nucleolus. Nucleus, Cajal body. Note=Also localized to Cajal bodies (coiled bodies)."
Q9NY26,,"TRANSMEM 31..51; /note=""Helical""; /evidence=""ECO:0000255""; TRANSMEM 69..89; /note=""Helical""; /evidence=""ECO:0000255""; TRANSMEM 105..125; /note=""Helical""; /evidence=""ECO:0000255""; TRANSMEM 180..200; /note=""Helical""; /evidence=""ECO:0000255""; TRANSMEM 207..227; /note=""Helical""; /evidence=""ECO:0000255""; TRANSMEM 238..258; /note=""Helical""; /evidence=""ECO:0000255""; TRANSMEM 273..293; /note=""Helical""; /evidence=""ECO:0000255""; TRANSMEM 304..324; /note=""Helical""; /evidence=""ECO:0000255""","TOPO_DOM 1..30; /note=""Extracellular""; /evidence=""ECO:0000255""; TOPO_DOM 52..68; /note=""Cytoplasmic""; /evidence=""ECO:0000255""; TOPO_DOM 90..104; /note=""Extracellular""; /evidence=""ECO:0000255""; TOPO_DOM 126..179; /note=""Cytoplasmic""; /evidence=""ECO:0000255""; TOPO_DOM 201..206; /note=""Extracellular""; /evidence=""ECO:0000255""; TOPO_DOM 228..237; /note=""Cytoplasmic""; /evidence=""ECO:0000255""; TOPO_DOM 259..272; /note=""Extracellular""; /evidence=""ECO:0000255""; TOPO_DOM 294..303; /note=""Cytoplasmic""; /evidence=""ECO:0000255""","SUBCELLULAR LOCATION: Cell membrane {ECO:0000269|PubMed:11301334, ECO:0000269|PubMed:11696349, ECO:0000269|PubMed:16844077}; Multi-pass membrane protein {ECO:0000255}. Endoplasmic reticulum membrane {ECO:0000269|PubMed:11696349}; Multi-pass membrane protein {ECO:0000255}. Note=Shows a vesicular localization corresponding partially to the endoplasmic reticulum in several epithelial cell lines. {ECO:0000269|PubMed:11696349}."
Q9NZI8,,,,"SUBCELLULAR LOCATION: Nucleus. Cytoplasm {ECO:0000269|PubMed:17289661}. Cytoplasm, perinuclear region. Cytoplasm, P-body {ECO:0000269|PubMed:29476152}. Cytoplasm, Stress granule {ECO:0000269|PubMed:17101699, ECO:0000269|PubMed:29476152}. Cell projection, lamellipodium. Cell projection, dendrite {ECO:0000250}. Cell projection, dendritic spine {ECO:0000250}. Cell projection, growth cone. Cell projection, filopodium {ECO:0000250}. Cell projection, axon {ECO:0000250}. Note=In the nucleus, located in discrete foci, coinciding with the sites of ACTB transcription (By similarity). In the cytoplasm, localizes in cytoplasmic mRNP granules. Colocalizes with microtubules in growth cone filopodia and along neurites in neuronal cells (By similarity). Cytoplasmic colocalization with ACTB mRNA is partially lost at the cell periphery, suggesting release of the transcript. In neuronal processes, exhibits fast retrograde and anterograde movements, when associated with ACTB mRNA; this motility is lost when the association is inhibited (By similarity). In hippocampal neurons, predominantly located within dendrites, particularly at dendritic branching points in young cells, compared to axons (By similarity). In axons, predominantly found in axonal branches and their growth cones (By similarity). In motile cells, such as migrating fibroblasts, localizes to leading edges where it colocalizes with microtubules and microfilaments and to retracting tails (By similarity). Dendritic levels are regulated by neuronal activity and glutaminergic signals: they are increased by KCl-induced depolarization, which induces rapid efflux from the cell body into dendrites, and decreased by the NMDA receptor agonist (By similarity). In motile cells, transported towards the leading edge into the cortical region of the lamellipodia where it is connected to microfilaments (By similarity). In response to cellular stress, such as oxidative stress or heat shock, recruited to stress granules, but not to processing bodies. {ECO:0000250}."
Q9NZM5,,,,"SUBCELLULAR LOCATION: Nucleus, nucleolus {ECO:0000269|PubMed:10196275, ECO:0000269|PubMed:12429849, ECO:0000269|PubMed:20042497, ECO:0000269|PubMed:22292050, ECO:0000269|PubMed:22522597, ECO:0000269|PubMed:24923447, ECO:0000269|PubMed:25956029, ECO:0000269|PubMed:27729611, ECO:0000269|PubMed:27829214}. Nucleus, nucleoplasm {ECO:0000269|PubMed:22522597, ECO:0000269|PubMed:24923447, ECO:0000269|PubMed:26903295, ECO:0000269|PubMed:27323397}. Note=In the nucleolus may be more specifically localized to the fibrillar center (PubMed:27729611). Mainly nucleolar it relocalizes to the nucleoplasm under specific conditions including ribosomal stress enabling it to interact and regulate nucleoplasmic proteins like p53/TP53 (PubMed:22522597, PubMed:24923447, PubMed:26903295, PubMed:27323397). Also detected in the cytosol (PubMed:24923447, PubMed:27824081). {ECO:0000269|PubMed:22522597, ECO:0000269|PubMed:24923447, ECO:0000269|PubMed:26903295, ECO:0000269|PubMed:27323397, ECO:0000269|PubMed:27729611, ECO:0000269|PubMed:27824081}."
Q9P246,"SIGNAL 1..14; /evidence=""ECO:0000269|PubMed:11463338""","TRANSMEM 219..235; /note=""Helical""; /evidence=""ECO:0000255""","TOPO_DOM 15..218; /note=""Extracellular""; /evidence=""ECO:0000255""; TOPO_DOM 236..746; /note=""Cytoplasmic""; /evidence=""ECO:0000255""","SUBCELLULAR LOCATION: Endoplasmic reticulum membrane {ECO:0000269|PubMed:16860747, ECO:0000269|PubMed:17905723, ECO:0000269|PubMed:18160041}; Single-pass type I membrane protein {ECO:0000269|PubMed:16860747, ECO:0000269|PubMed:17905723, ECO:0000269|PubMed:18160041}. Note=Dynamically translocates from a uniform endoplasmic reticulum distribution to punctual endoplasmic reticulum-plasma membrane junctions in response to decrease in endoplasmic reticulum Ca(2+) concentration."
Q9P275,,,,"SUBCELLULAR LOCATION: Nucleus, nucleolus {ECO:0000269|PubMed:12429849, ECO:0000269|PubMed:19208757, ECO:0000269|PubMed:25775507, ECO:0000269|PubMed:27445338, ECO:0000269|PubMed:36912080}. Cytoplasm {ECO:0000269|PubMed:27445338}."
Q9P289,,,,"SUBCELLULAR LOCATION: Cytoplasm {ECO:0000269|PubMed:17360971, ECO:0000269|PubMed:27807006}. Golgi apparatus {ECO:0000269|PubMed:15037601, ECO:0000269|PubMed:27807006}. Note=Colocalized with RIPOR1 in the Golgi of serum-starved cells and relocated to cytoplasmic punctae, probably vesicular compartments, along with RIPOR1 upon serum stimulation in a Rho- and PDCD10-dependent manner (PubMed:27807006). {ECO:0000269|PubMed:27807006}."
Q9P2K8,,,,SUBCELLULAR LOCATION: Cytoplasm {ECO:0000250|UniProtKB:Q9QZ05}.
Q9P2Y5,,,,"SUBCELLULAR LOCATION: Late endosome {ECO:0000269|PubMed:18843052}. Lysosome {ECO:0000269|PubMed:18843052}. Cytoplasmic vesicle, autophagosome {ECO:0000269|PubMed:28306502}. Early endosome {ECO:0000269|PubMed:18552835, ECO:0000269|PubMed:18843052}. Endoplasmic reticulum {ECO:0000269|PubMed:24056303}. Midbody {ECO:0000269|PubMed:20643123}. Chromosome, centromere {ECO:0000269|PubMed:22542840}. Note=Colocalizes with RAB9-positive compartments involved in retrograde transport from late endosomes to trans-Golgi network. Colocalization with early endosomes is only partial (PubMed:24056303). Recruited to autophagosome following interaction with RUBCNL/PACER (PubMed:28306502). {ECO:0000269|PubMed:24056303, ECO:0000269|PubMed:28306502}."
Q9UBC1,,,,SUBCELLULAR LOCATION: Nucleus {ECO:0000269|PubMed:20829348}. Note=Nuclear localization with a speckled expression pattern in some cells. Colocalizes with CACTIN in the nucleus.
Q9NV96,,"TRANSMEM 50..70; /note=""Helical""; /evidence=""ECO:0000255""; TRANSMEM 326..346; /note=""Helical""; /evidence=""ECO:0000255""","TOPO_DOM 2..49; /note=""Cytoplasmic""; /evidence=""ECO:0000255""; TOPO_DOM 71..325; /note=""Exoplasmic loop""; /evidence=""ECO:0000255""; TOPO_DOM 347..361; /note=""Cytoplasmic""; /evidence=""ECO:0000255""","SUBCELLULAR LOCATION: Membrane {ECO:0000250}; Multi-pass membrane protein {ECO:0000250}. Cell membrane. Golgi apparatus. Cytoplasmic vesicle, secretory vesicle membrane {ECO:0000250}. Apical cell membrane {ECO:0000250}."
Q9NW64,,,,"SUBCELLULAR LOCATION: Nucleus {ECO:0000269|PubMed:17045351, ECO:0000269|PubMed:21122810, ECO:0000269|PubMed:28076346, ECO:0000269|PubMed:28502770, ECO:0000269|PubMed:29301961, ECO:0000269|PubMed:29360106, ECO:0000269|PubMed:29361316, ECO:0000269|PubMed:30705154}. Cytoplasm {ECO:0000269|PubMed:21122810}. Note=Nearly exclusively nuclear. Translocated from the nucleus to the cytoplasm after heat shock cell treatment. May be shuttling between the nucleus and the cytosol. {ECO:0000269|PubMed:21122810}."
Q9NY64,,"TRANSMEM 26..46; /note=""Helical; Name=1""; /evidence=""ECO:0000255""; TRANSMEM 71..91; /note=""Helical; Name=2""; /evidence=""ECO:0000255""; TRANSMEM 97..117; /note=""Helical; Name=3""; /evidence=""ECO:0000255""; TRANSMEM 128..148; /note=""Helical; Name=4""; /evidence=""ECO:0000255""; TRANSMEM 157..177; /note=""Helical; Name=5""; /evidence=""ECO:0000255""; TRANSMEM 183..203; /note=""Helical; Name=6""; /evidence=""ECO:0000255""; TRANSMEM 257..277; /note=""Helical; Name=7""; /evidence=""ECO:0000255""; TRANSMEM 293..313; /note=""Helical; Name=8""; /evidence=""ECO:0000255""; TRANSMEM 320..340; /note=""Helical; Name=9""; /evidence=""ECO:0000255""; TRANSMEM 368..388; /note=""Helical; Name=10""; /evidence=""ECO:0000255""; TRANSMEM 405..425; /note=""Helical; Name=11""; /evidence=""ECO:0000255""; TRANSMEM 439..459; /note=""Helical; Name=12""; /evidence=""ECO:0000255""","TOPO_DOM 1..25; /note=""Cytoplasmic""; /evidence=""ECO:0000255""; TOPO_DOM 47..70; /note=""Extracellular""; /evidence=""ECO:0000255""; TOPO_DOM 92..96; /note=""Cytoplasmic""; /evidence=""ECO:0000255""; TOPO_DOM 118..127; /note=""Extracellular""; /evidence=""ECO:0000255""; TOPO_DOM 149..156; /note=""Cytoplasmic""; /evidence=""ECO:0000255""; TOPO_DOM 178..182; /note=""Extracellular""; /evidence=""ECO:0000255""; TOPO_DOM 204..256; /note=""Cytoplasmic""; /evidence=""ECO:0000255""; TOPO_DOM 278..292; /note=""Extracellular""; /evidence=""ECO:0000255""; TOPO_DOM 314..319; /note=""Cytoplasmic""; /evidence=""ECO:0000255""; TOPO_DOM 341..367; /note=""Extracellular""; /evidence=""ECO:0000255""; TOPO_DOM 389..404; /note=""Cytoplasmic""; /evidence=""ECO:0000255""; TOPO_DOM 426..438; /note=""Extracellular""; /evidence=""ECO:0000255""; TOPO_DOM 460..477; /note=""Cytoplasmic""; /evidence=""ECO:0000255""",SUBCELLULAR LOCATION: Cell membrane {ECO:0000250|UniProtKB:Q9JJZ1}; Multi-pass membrane protein {ECO:0000255}. Cytoplasmic vesicle membrane {ECO:0000250|UniProtKB:Q9JJZ1}; Multi-pass membrane protein {ECO:0000255}. Note=Principally intracellular. May move between intracellular vesicles and the plasma membrane. The dileucine internalization motif is critical for intracellular sequestration. {ECO:0000250|UniProtKB:Q9JJZ1}.
Q9NYH9,,,,"SUBCELLULAR LOCATION: Nucleus, nucleolus {ECO:0000269|PubMed:12429849, ECO:0000269|PubMed:34516797}."
Q9NZC9,,,,"SUBCELLULAR LOCATION: Nucleus {ECO:0000269|PubMed:18805831, ECO:0000269|PubMed:19793862, ECO:0000269|PubMed:19793863}. Note=Recruited to damaged DNA regions. {ECO:0000269|PubMed:18805831, ECO:0000269|PubMed:19793862, ECO:0000269|PubMed:19793863}."
Q9NZN5,,,,SUBCELLULAR LOCATION: Cytoplasm {ECO:0000305}. Membrane {ECO:0000305}. Note=Translocated to the membrane upon stimulation. {ECO:0000305}.
Q9P086,,,,SUBCELLULAR LOCATION: Nucleus {ECO:0000305}.
Q9P209,,,,"SUBCELLULAR LOCATION: Cytoplasm, cytoskeleton, microtubule organizing center, centrosome {ECO:0000269|PubMed:14654843, ECO:0000269|PubMed:19536135}. Cytoplasm, cytoskeleton, microtubule organizing center, centrosome, centriolar satellite {ECO:0000269|PubMed:26297806}. Note=Localizes to the centrosome and centrosome-surrounding particles throughout the cell cycle. These particles disappear after microtubules are depolymerized using nocodazole, suggesting that CEP72-associating particles localize in a microtubule- dependent manner."
Q9NUM3,,"TRANSMEM 4..24; /note=""Helical""; /evidence=""ECO:0000255""; TRANSMEM 35..55; /note=""Helical""; /evidence=""ECO:0000255""; TRANSMEM 106..126; /note=""Helical""; /evidence=""ECO:0000255""; TRANSMEM 146..166; /note=""Helical""; /evidence=""ECO:0000255""; TRANSMEM 176..196; /note=""Helical""; /evidence=""ECO:0000255""; TRANSMEM 210..230; /note=""Helical""; /evidence=""ECO:0000255""; TRANSMEM 244..264; /note=""Helical""; /evidence=""ECO:0000255""; TRANSMEM 286..306; /note=""Helical""; /evidence=""ECO:0000255""",,"SUBCELLULAR LOCATION: Golgi apparatus, trans-Golgi network membrane {ECO:0000269|PubMed:19420709}. Cell membrane {ECO:0000269|PubMed:25014355, ECO:0000269|PubMed:34555425}; Multi-pass membrane protein {ECO:0000305}. Cytoplasm, perinuclear region {ECO:0000269|PubMed:25014355, ECO:0000269|PubMed:34555425}. Mitochondrion {ECO:0000269|PubMed:25014355, ECO:0000269|PubMed:34555425}. Nucleus {ECO:0000269|PubMed:25014355}."
Q9NVA2,,,,"SUBCELLULAR LOCATION: Cytoplasm, cytoskeleton. Synapse. Cell projection, dendritic spine. Cell projection, axon {ECO:0000250}. Note=Partly colocalizes with stress fibers and microtubules. During bacterial infection, displays a collar shape structure next to actin at the pole of invading bacteria."
Q9NXR5,,,,
Q9NUW8,,,,SUBCELLULAR LOCATION: Nucleus {ECO:0000269|PubMed:15647511}. Cytoplasm {ECO:0000269|PubMed:15647511}.
Q9NV88,,,,"SUBCELLULAR LOCATION: Nucleus {ECO:0000269|PubMed:15684398, ECO:0000269|PubMed:23904267, ECO:0000269|PubMed:29471365, ECO:0000269|PubMed:39032489, ECO:0000269|PubMed:39032490}. Cytoplasm {ECO:0000269|PubMed:29471365, ECO:0000269|PubMed:39032489, ECO:0000269|PubMed:39032490}."
Q9NSK0,,,,"SUBCELLULAR LOCATION: Cytoplasm, cytoskeleton {ECO:0000305}."
Q9NZD8,,,,"SUBCELLULAR LOCATION: Cytoplasm, cytosol {ECO:0000269|PubMed:11113139}. Membrane {ECO:0000269|PubMed:11113139}; Peripheral membrane protein {ECO:0000269|PubMed:11113139}. Endosome membrane {ECO:0000269|PubMed:11113139}; Peripheral membrane protein {ECO:0000269|PubMed:11113139}. Golgi apparatus, trans-Golgi network membrane {ECO:0000269|PubMed:11113139}; Peripheral membrane protein {ECO:0000269|PubMed:11113139}. Note=Partially localized in the cytosol but also accumulated on an intracellular vesicular compartment. Colocalizes with CD4 on endosomal/trans-Golgi network."
Q9NZM3,,,,SUBCELLULAR LOCATION: Cytoplasm.
Q9NTX7,,,,"SUBCELLULAR LOCATION: Cytoplasm, cytosol. Nucleus. Note=Translocates to the nucleus after DNA damage, such as laser-induced DNA breaks, and concentrates at DNA breaks. This translocation requires PARP1 activation and PAR-binding."
Q9NVU0,,,,SUBCELLULAR LOCATION: Nucleus {ECO:0000269|PubMed:33335104}.
Q9P0V9,,,,"SUBCELLULAR LOCATION: Cytoplasm {ECO:0000269|PubMed:12711328}. Cytoplasm, cytoskeleton {ECO:0000250}. Cell projection, cilium, flagellum {ECO:0000250|UniProtKB:Q8C650}. Note=Detected in the annulus of the sperm flagellum and in the neck region in spermatids and mature sperm (By similarity). Using a GFP-fusion protein, detected in the nucleus. {ECO:0000250|UniProtKB:Q8C650, ECO:0000269|PubMed:12711328}."
Q9UBE0,,,,SUBCELLULAR LOCATION: Nucleus {ECO:0000269|PubMed:11481243}.
Q9NXE4,,"TRANSMEM 822..842; /note=""Helical""; /evidence=""ECO:0000255, ECO:0000305|PubMed:18505924""",,"SUBCELLULAR LOCATION: Endoplasmic reticulum membrane {ECO:0000269|PubMed:16517606, ECO:0000269|PubMed:18505924, ECO:0000269|PubMed:31495489}; Single-pass membrane protein {ECO:0000255}. Golgi apparatus membrane {ECO:0000269|PubMed:16517606}; Single-pass membrane protein {ECO:0000255}. Nucleus envelope {ECO:0000269|PubMed:31495489}. Cell membrane, sarcolemma {ECO:0000250|UniProtKB:Q6ZPR5}."
Q9UBF8,,,,"SUBCELLULAR LOCATION: Endomembrane system. Mitochondrion outer membrane; Peripheral membrane protein. Rough endoplasmic reticulum membrane; Peripheral membrane protein. Golgi apparatus {ECO:0000269|PubMed:22124328}. Golgi apparatus membrane {ECO:0000269|PubMed:24672044, ECO:0000269|PubMed:27009356, ECO:0000269|PubMed:28289207}. Cytoplasm, perinuclear region. Note=Found in the outer membrane of mitochondria and membranes of the rough endoplasmic reticulum. Recruited to the Golgi complex by the small GTPase ARF to stimulate the synthesis of phosphatidylinositol 4,5-bisphosphate (PIP2) on the Golgi complex. Recruited to the Golgi apparatus membrane by ACBD3 (PubMed:24672044, PubMed:27009356, PubMed:28289207). GGA2 is also involved in the recruitment (PubMed:28289207). {ECO:0000269|PubMed:24672044, ECO:0000269|PubMed:27009356, ECO:0000269|PubMed:28289207}."
Q9NZB2,,,,SUBCELLULAR LOCATION: Cytoplasm {ECO:0000269|PubMed:19015244}. Cell membrane {ECO:0000269|PubMed:19015244}; Peripheral membrane protein {ECO:0000305|PubMed:19015244}; Cytoplasmic side {ECO:0000305|PubMed:19015244}. Note=Translocates from the cytosol to plasma membrane after UV irradiation. {ECO:0000269|PubMed:19015244}.
Q9NWV4,,,,
Q9NTZ6,,,,SUBCELLULAR LOCATION: Nucleus {ECO:0000269|PubMed:9853615}.
Q9NWA0,,,,SUBCELLULAR LOCATION: Nucleus {ECO:0000305}.
Q9NYF5,,,,
Q9NVZ3,,,,"SUBCELLULAR LOCATION: Cytoplasmic vesicle, clathrin-coated vesicle membrane {ECO:0000250}. Cell membrane {ECO:0000250}. Note=Colocalizes with AP-2 at the plasma membrane. {ECO:0000250}."
Q9NXU5,,,,
Q9NVM6,,,,SUBCELLULAR LOCATION: Cytoplasm {ECO:0000250|UniProtKB:D3ZSC8}. Nucleus {ECO:0000250|UniProtKB:D3ZSC8}. Note=Predominantly nuclear. {ECO:0000250|UniProtKB:D3ZSC8}.
Q9UIA9,,,,"SUBCELLULAR LOCATION: Cytoplasm {ECO:0000269|PubMed:11024021, ECO:0000269|PubMed:22509282}. Nucleus {ECO:0000269|PubMed:11024021}. Note=Shuttles between the nucleus and the cytoplasm. {ECO:0000269|PubMed:11024021}."
Q9UIF9,,,,"SUBCELLULAR LOCATION: Nucleus, nucleolus {ECO:0000250|UniProtKB:Q91YE5, ECO:0000305|PubMed:25593309}. Note=Colocalizes with the basal RNA polymerase I transcription factor UBF in the nucleolus. {ECO:0000250|UniProtKB:Q91YE5}."
Q9UKD2,,,,"SUBCELLULAR LOCATION: Nucleus, nucleolus {ECO:0000269|PubMed:12429849, ECO:0000269|PubMed:20083226}. Cytoplasm {ECO:0000269|PubMed:20083226}. Note=Shuttles between the nucleus and the cytoplasm. {ECO:0000269|PubMed:20083226}."
Q9UKK6,,,,SUBCELLULAR LOCATION: Nucleus. Nucleus speckle {ECO:0000305}. Cytoplasm. Note=Shuttles between the nucleus and the cytoplasm.
Q9UKR5,,"TRANSMEM 4..24; /note=""Helical""; /evidence=""ECO:0000255""; TRANSMEM 52..72; /note=""Helical""; /evidence=""ECO:0000255""; TRANSMEM 79..99; /note=""Helical""; /evidence=""ECO:0000255""; TRANSMEM 105..125; /note=""Helical""; /evidence=""ECO:0000255""",,SUBCELLULAR LOCATION: Endoplasmic reticulum membrane {ECO:0000305}; Multi-pass membrane protein {ECO:0000305}.
Q9UL18,,,,"SUBCELLULAR LOCATION: Cytoplasm, P-body {ECO:0000269|PubMed:16289642, ECO:0000269|PubMed:20616046}."
Q9UL25,,,,"SUBCELLULAR LOCATION: Endoplasmic reticulum membrane {ECO:0000269|PubMed:10887961}; Lipid-anchor {ECO:0000305}. Golgi apparatus, trans-Golgi network {ECO:0000269|PubMed:19745841}. Golgi apparatus membrane {ECO:0000305}. Early endosome membrane {ECO:0000269|PubMed:16525121, ECO:0000269|PubMed:25648148}. Cytoplasmic vesicle membrane {ECO:0000269|PubMed:10887961}. Cleavage furrow {ECO:0000269|PubMed:18804435}. Cell projection, neuron projection {ECO:0000250|UniProtKB:P35282}. Note=Colocalizes with ANKRD27 and VAMP7 in neurites (By similarity). In nonpolarized epithelial Caco-2 cells, found in the endoplasmic reticulum; in polarized cells, observed in vesicles in the apical cytoplasm (PubMed:10887961). During mitosis, in mid-telophase, localized in the ingressing cleavage furrow (PubMed:18804435). In late telophase, detected at the opposite poles of the daughter cells, in vesicles at the base of lamellipodia formed by the separating daughter cells (PubMed:18804435). {ECO:0000250|UniProtKB:P35282, ECO:0000269|PubMed:10887961, ECO:0000269|PubMed:18804435}."
Q9ULC3,,,,"SUBCELLULAR LOCATION: Cell membrane {ECO:0000250|UniProtKB:P35288}; Lipid-anchor {ECO:0000305}; Cytoplasmic side {ECO:0000250|UniProtKB:P35288}. Cytoplasm {ECO:0000269|PubMed:22365972}. Cytoplasmic vesicle, autophagosome {ECO:0000269|PubMed:22452336}. Endosome membrane {ECO:0000250, ECO:0000250|UniProtKB:P35288}. Cytoplasmic vesicle, phagosome {ECO:0000269|PubMed:21255211}. Cytoplasmic vesicle, phagosome membrane {ECO:0000305}; Lipid-anchor {ECO:0000305}; Cytoplasmic side {ECO:0000305}. Note=Recruited to phagosomes containing S.aureus or M.tuberculosis. {ECO:0000269|PubMed:21255211}."
Q9ULV4,,,,"SUBCELLULAR LOCATION: Cell membrane {ECO:0000269|PubMed:12377779, ECO:0000269|PubMed:19651142, ECO:0000269|PubMed:25074804, ECO:0000269|PubMed:25925950}; Peripheral membrane protein {ECO:0000269|PubMed:19651142, ECO:0000269|PubMed:25074804, ECO:0000269|PubMed:25925950}; Cytoplasmic side {ECO:0000269|PubMed:19651142, ECO:0000269|PubMed:25074804, ECO:0000269|PubMed:25925950}. Cell projection, lamellipodium {ECO:0000269|PubMed:12377779, ECO:0000269|PubMed:19651142}. Cell projection, ruffle membrane {ECO:0000269|PubMed:25074804}. Cytoplasm, cytoskeleton {ECO:0000269|PubMed:10828594, ECO:0000269|PubMed:12377779, ECO:0000269|PubMed:19651142, ECO:0000269|PubMed:25074804}. Cytoplasm, cell cortex {ECO:0000269|PubMed:10828594, ECO:0000269|PubMed:19651142}. Endosome membrane {ECO:0000269|PubMed:30220460}. Note=All isoforms colocalize with the actin cytoskeleton in the cytosol, and especially in the cell cortex (PubMed:10828594, PubMed:19651142, PubMed:25074804). Colocalizes with F-actin at the leading edge of lamellipodia. Partially colocalizes with microtubules and vimentin intermediate filaments (PubMed:10828594, PubMed:19651142, PubMed:25074804). Localizes to endosome membrane tubules/buds (PubMed:30220460). {ECO:0000269|PubMed:10828594, ECO:0000269|PubMed:19651142, ECO:0000269|PubMed:25074804, ECO:0000269|PubMed:30220460}.; SUBCELLULAR LOCATION: [Isoform 3]: Cell membrane, sarcolemma {ECO:0000269|PubMed:19651142}. Cytoplasm, myofibril, sarcomere {ECO:0000269|PubMed:19651142}. Synapse {ECO:0000269|PubMed:19651142}. Cell membrane {ECO:0000269|PubMed:19651142}; Peripheral membrane protein {ECO:0000269|PubMed:19651142}; Cytoplasmic side {ECO:0000269|PubMed:19651142}. Cytoplasm, cytoskeleton {ECO:0000269|PubMed:19651142}. Cytoplasm, cell cortex {ECO:0000269|PubMed:19651142}. Note=Colocalizes with the thin filaments of the sarcomere and with the postsynaptic area and the junctional sarcoplasm of motor end plates. Colocalizes with the actin cytoskeleton in the cytosol, and especially in the cell cortex. {ECO:0000269|PubMed:19651142}."
Q9UNH6,,,,SUBCELLULAR LOCATION: Early endosome membrane {ECO:0000269|PubMed:32513819}; Peripheral membrane protein {ECO:0000250|UniProtKB:O95219}; Cytoplasmic side {ECO:0000250|UniProtKB:O95219}.
Q9UNH7,,,,"SUBCELLULAR LOCATION: Early endosome {ECO:0000269|PubMed:11485546, ECO:0000269|PubMed:17148574, ECO:0000269|PubMed:19935774}. Early endosome membrane {ECO:0000269|PubMed:19935774, ECO:0000303|PubMed:11485546}; Peripheral membrane protein {ECO:0000269|PubMed:11485546}; Cytoplasmic side {ECO:0000305}. Cytoplasmic vesicle {ECO:0000269|PubMed:20354142}. Cytoplasm {ECO:0000269|PubMed:20830743}. Nucleus {ECO:0000269|PubMed:11591366, ECO:0000269|PubMed:20830743}. Note=Interaction with SNX1 or SNX2 promotes location at endosome membranes (PubMed:19935774). Only a minor proportion is seen in the nucleus. {ECO:0000269|PubMed:19935774}."
Q9UNP4,,"TRANSMEM 62..82; /note=""Helical; Signal-anchor for type II membrane protein""; /evidence=""ECO:0000255""","TOPO_DOM 1..61; /note=""Cytoplasmic""; /evidence=""ECO:0000255""; TOPO_DOM 83..418; /note=""Lumenal""; /evidence=""ECO:0000255""",SUBCELLULAR LOCATION: Golgi apparatus membrane {ECO:0000305}; Single-pass type II membrane protein {ECO:0000305}.
Q9UPN7,,,,"SUBCELLULAR LOCATION: Cytoplasm {ECO:0000269|PubMed:16769727, ECO:0000269|PubMed:18186651}."
Q9UBQ0,,,,SUBCELLULAR LOCATION: Cytoplasm. Membrane; Peripheral membrane protein. Endosome membrane {ECO:0000250|UniProtKB:Q9QZ88}; Peripheral membrane protein {ECO:0000250|UniProtKB:Q9QZ88}. Early endosome {ECO:0000305}. Late endosome {ECO:0000305}.
Q9UBS0,,,,SUBCELLULAR LOCATION: Cytoplasm. Nucleus.
Q9UBX8,,"TRANSMEM 15..35; /note=""Helical; Signal-anchor for type II membrane protein""; /evidence=""ECO:0000255""","TOPO_DOM 1..14; /note=""Cytoplasmic""; /evidence=""ECO:0000255""; TOPO_DOM 36..382; /note=""Lumenal""; /evidence=""ECO:0000255""","SUBCELLULAR LOCATION: Golgi apparatus, Golgi stack membrane {ECO:0000250|UniProtKB:P15291}; Single-pass type II membrane protein. Note=Trans cisternae of Golgi stack. {ECO:0000250|UniProtKB:P15291}."
Q9UDY2,,,,"SUBCELLULAR LOCATION: Cell junction, adherens junction {ECO:0000250|UniProtKB:Q9Z0U1}. Cell membrane {ECO:0000250}; Peripheral membrane protein {ECO:0000250}; Cytoplasmic side {ECO:0000250}. Cell junction, tight junction {ECO:0000250|UniProtKB:Q9Z0U1}. Nucleus {ECO:0000250}. Note=Also nuclear under environmental stress conditions and in migratory endothelial cells and subconfluent epithelial cell cultures. Localizes to tight junctions during initial stages of their formation (By similarity). {ECO:0000250, ECO:0000250|UniProtKB:Q95168}."
Q9UHB9,,,,"SUBCELLULAR LOCATION: Cytoplasm {ECO:0000269|PubMed:10618370}. Nucleus, nucleolus {ECO:0000269|PubMed:10618370}. Endoplasmic reticulum {ECO:0000269|PubMed:28369529}."
Q9UHR4,,,,"SUBCELLULAR LOCATION: Cytoplasm, cytoskeleton {ECO:0000269|PubMed:19366662}. Note=Recruited to actin pedestals that are formed upon infection by bacteria at bacterial attachment sites."
Q9UI12,,,,"SUBCELLULAR LOCATION: Cytoplasmic vesicle, clathrin-coated vesicle membrane {ECO:0000250|UniProtKB:O46563}; Peripheral membrane protein {ECO:0000305}."
Q9UI14,,"TRANSMEM 79..94; /note=""Helical""; /evidence=""ECO:0000250""; TRANSMEM 95..112; /note=""Helical""; /evidence=""ECO:0000250""; TRANSMEM 132..148; /note=""Helical""; /evidence=""ECO:0000250""; TRANSMEM 149..165; /note=""Helical""; /evidence=""ECO:0000250""","TOPO_DOM 1..78; /note=""Cytoplasmic""; /evidence=""ECO:0000250""; TOPO_DOM 113..131; /note=""Cytoplasmic""; /evidence=""ECO:0000250""; TOPO_DOM 166..185; /note=""Cytoplasmic""; /evidence=""ECO:0000250""","SUBCELLULAR LOCATION: Cell membrane {ECO:0000250|UniProtKB:O35394}; Multi-pass membrane protein {ECO:0000255}. Cytoplasm {ECO:0000250|UniProtKB:O35394}. Golgi apparatus {ECO:0000250|UniProtKB:O35394}. Cytoplasmic vesicle, secretory vesicle, synaptic vesicle {ECO:0000250|UniProtKB:O35394}. Note=According to some authors, it is an integral membrane protein, while others showed that it is cytoplasmic and membrane-associated to Golgi and synaptic vesicles. {ECO:0000250|UniProtKB:O35394}."
Q9UKS6,,,,SUBCELLULAR LOCATION: Cytoplasm {ECO:0000269|PubMed:11179684}. Cell membrane {ECO:0000250}; Peripheral membrane protein {ECO:0000250}; Cytoplasmic side {ECO:0000250}. Note=Detected at the inner aspect of the plasma membrane in myotubes. {ECO:0000250}.
Q9UL15,,,,"SUBCELLULAR LOCATION: Note=In cardiomyocytes, localized at specialized membrane contact sites between T-tubules and the sarcoplasmic reticulum, known as junctional membrane complexes. {ECO:0000250|UniProtKB:Q8CI32}."
Q9UL46,,,,
Q9ULF5,"SIGNAL 1..25; /evidence=""ECO:0000255""","TRANSMEM 411..431; /note=""Helical""; /evidence=""ECO:0000255""; TRANSMEM 438..458; /note=""Helical""; /evidence=""ECO:0000255""; TRANSMEM 495..515; /note=""Helical""; /evidence=""ECO:0000255""; TRANSMEM 687..707; /note=""Helical""; /evidence=""ECO:0000255""; TRANSMEM 732..752; /note=""Helical""; /evidence=""ECO:0000255""; TRANSMEM 759..779; /note=""Helical""; /evidence=""ECO:0000255""; TRANSMEM 801..821; /note=""Helical""; /evidence=""ECO:0000255""",,SUBCELLULAR LOCATION: Cell membrane {ECO:0000269|PubMed:27274087}; Multi-pass membrane protein {ECO:0000255}. Apical cell membrane {ECO:0000269|PubMed:30520657}; Multi-pass membrane protein {ECO:0000255}. Note=Expressed at the apical membranes of proximal tubules in the kidney. {ECO:0000269|PubMed:30520657}.
Q9ULG1,,,,"SUBCELLULAR LOCATION: Cytoplasm {ECO:0000269|PubMed:20237820}. Nucleus {ECO:0000255|PROSITE-ProRule:PRU00746, ECO:0000269|PubMed:16298340, ECO:0000269|PubMed:18026119, ECO:0000269|PubMed:20237820, ECO:0000269|PubMed:20971067}. Cytoplasm, cytoskeleton, spindle {ECO:0000269|PubMed:20237820}. Chromosome {ECO:0000269|PubMed:20237820}. Note=Localizes to the cytoplasm in quiescent cell (PubMed:20237820). Associates with spindle microtubules during mitosis (PubMed:20237820). Colocalizes with PCNA at replication forks during S-phase (PubMed:20237820). Recruited to DNA damage sites in a ACTR8-dependent manner (PubMed:20971067). {ECO:0000269|PubMed:20237820, ECO:0000269|PubMed:20971067}."
Q9UN37,,,,"SUBCELLULAR LOCATION: Late endosome membrane {ECO:0000250|UniProtKB:Q8VEJ9}; Peripheral membrane protein {ECO:0000250|UniProtKB:Q8VEJ9}. Midbody {ECO:0000269|PubMed:24814515}. Cytoplasm, cytoskeleton, spindle {ECO:0000269|PubMed:33186543}. Note=Membrane-associated in the prevacuolar endosomal compartment. Localizes to the midbody of dividing cells, interaction with ZFYVE19/ANCHR mediates retention at midbody (PubMed:24814515). Localized in two distinct rings on either side of the Flemming body. {ECO:0000269|PubMed:24814515}."
Q9UPQ3,,,,"SUBCELLULAR LOCATION: Cytoplasm {ECO:0000269|PubMed:12388557, ECO:0000269|PubMed:12640130}. Note=Associates with the endocytic compartment."
Q9UPT9,,,,SUBCELLULAR LOCATION: Nucleus {ECO:0000269|PubMed:32130408}. Cytoplasm {ECO:0000250|UniProtKB:Q5DU02}.
Q9UQN3,,,,"SUBCELLULAR LOCATION: Cytoplasm, cytosol {ECO:0000269|PubMed:16041373}. Late endosome membrane {ECO:0000305|PubMed:16041373}; Peripheral membrane protein {ECO:0000305|PubMed:16041373}."
Q9UBT2,,,,"SUBCELLULAR LOCATION: Cytoplasm. Nucleus. Note=Shuttles between the cytoplasm and the nucleus, sumoylation is required either for nuclear translocation or nuclear retention."
Q9UDY4,,,,"SUBCELLULAR LOCATION: Cytoplasm {ECO:0000269|PubMed:18837411}. Cell membrane {ECO:0000269|PubMed:16542645}. Cytoplasm, myofibril, sarcomere, Z line {ECO:0000269|PubMed:36264506}. Note=Cytoplasmic according to PubMed:18837411 and membrane-associated according to PubMed:16542645."
Q9UGH3,,"TRANSMEM 111..131; /note=""Helical""; /evidence=""ECO:0000255""; TRANSMEM 140..160; /note=""Helical""; /evidence=""ECO:0000255""; TRANSMEM 162..182; /note=""Helical""; /evidence=""ECO:0000255""; TRANSMEM 219..239; /note=""Helical""; /evidence=""ECO:0000255""; TRANSMEM 267..284; /note=""Helical""; /evidence=""ECO:0000255""; TRANSMEM 310..330; /note=""Helical""; /evidence=""ECO:0000255""; TRANSMEM 372..392; /note=""Helical""; /evidence=""ECO:0000255""; TRANSMEM 418..438; /note=""Helical""; /evidence=""ECO:0000255""; TRANSMEM 462..482; /note=""Helical""; /evidence=""ECO:0000255""; TRANSMEM 486..506; /note=""Helical""; /evidence=""ECO:0000255""; TRANSMEM 517..537; /note=""Helical""; /evidence=""ECO:0000255""; TRANSMEM 548..568; /note=""Helical""; /evidence=""ECO:0000255""","TOPO_DOM 9..110; /note=""Cytoplasmic""; /evidence=""ECO:0000255""; TOPO_DOM 132..139; /note=""Extracellular""; /evidence=""ECO:0000255""; TOPO_DOM 161; /note=""Cytoplasmic""; /evidence=""ECO:0000255""; TOPO_DOM 183..218; /note=""Extracellular""; /evidence=""ECO:0000255""; TOPO_DOM 240..266; /note=""Cytoplasmic""; /evidence=""ECO:0000255""; TOPO_DOM 285..288; /note=""Extracellular""; /evidence=""ECO:0000255""; TOPO_DOM 303..309; /note=""Extracellular""; /evidence=""ECO:0000255""; TOPO_DOM 331..371; /note=""Cytoplasmic""; /evidence=""ECO:0000255""; TOPO_DOM 393..417; /note=""Extracellular""; /evidence=""ECO:0000255""; TOPO_DOM 439..461; /note=""Cytoplasmic""; /evidence=""ECO:0000255""; TOPO_DOM 483..485; /note=""Extracellular""; /evidence=""ECO:0000255""; TOPO_DOM 507..516; /note=""Cytoplasmic""; /evidence=""ECO:0000255""; TOPO_DOM 538..547; /note=""Extracellular""; /evidence=""ECO:0000255""; TOPO_DOM 569..650; /note=""Cytoplasmic""; /evidence=""ECO:0000255""",SUBCELLULAR LOCATION: Cell membrane {ECO:0000269|PubMed:19379732}; Multi-pass membrane protein {ECO:0000269|PubMed:19379732}.
Q9UHY1,,,,"SUBCELLULAR LOCATION: Cytoplasm, cell cortex {ECO:0000269|PubMed:11956649}. Endomembrane system {ECO:0000269|PubMed:11956649}. Cell projection, lamellipodium {ECO:0000269|PubMed:11956649}. Note=Colocalizes with activated RAC3 to endomembranes and at the cell periphery in lamellipodia."
Q9UJU6,,,,"SUBCELLULAR LOCATION: Cytoplasm, cytoskeleton {ECO:0000250|UniProtKB:Q62418}. Cell projection, lamellipodium {ECO:0000250|UniProtKB:Q62418}. Cell projection, ruffle {ECO:0000250|UniProtKB:Q62418}. Cytoplasm, cell cortex {ECO:0000250|UniProtKB:Q62418}. Cytoplasm, cytosol {ECO:0000250|UniProtKB:Q9JHL4}. Synapse {ECO:0000250|UniProtKB:Q62418}. Perikaryon {ECO:0000250|UniProtKB:Q62418}. Cell projection, neuron projection {ECO:0000250|UniProtKB:Q62418}. Cell membrane {ECO:0000269|PubMed:14729663}; Peripheral membrane protein {ECO:0000250|UniProtKB:Q62418}; Cytoplasmic side {ECO:0000250|UniProtKB:Q62418}. Cytoplasmic vesicle, clathrin-coated vesicle membrane {ECO:0000250|UniProtKB:Q62418}; Peripheral membrane protein {ECO:0000250|UniProtKB:Q62418}; Cytoplasmic side {ECO:0000250|UniProtKB:Q62418}. Golgi apparatus membrane {ECO:0000250|UniProtKB:Q62418}; Peripheral membrane protein {ECO:0000250|UniProtKB:Q62418}; Cytoplasmic side {ECO:0000250|UniProtKB:Q62418}. Cell projection, podosome {ECO:0000250|UniProtKB:Q62418}. Early endosome {ECO:0000269|PubMed:14729663}. Cell projection, dendrite {ECO:0000250|UniProtKB:Q9JHL4}. Postsynaptic density {ECO:0000250|UniProtKB:Q9JHL4}. Note=Associates with lamellipodial actin and membrane ruffles. Colocalizes with actin and cortactin at podosome dots and podosome rosettes. {ECO:0000250|UniProtKB:Q62418, ECO:0000250|UniProtKB:Q9JHL4}."
Q9UJX3,,,,"SUBCELLULAR LOCATION: Cytoplasm, cytoskeleton {ECO:0000269|PubMed:18445686}. Nucleus {ECO:0000269|PubMed:18445686}. Cytoplasm, cytoskeleton, spindle {ECO:0000269|PubMed:18445686}. Note=Localizes to spindle during metaphase and to cytoplasmic microtubules during interphase. {ECO:0000269|PubMed:18445686}."
Q9UK41,,,,SUBCELLULAR LOCATION: Cell membrane {ECO:0000269|PubMed:11916981}. Late endosome membrane {ECO:0000269|PubMed:11916981}; Peripheral membrane protein {ECO:0000269|PubMed:11916981}.
Q9ULX6,,,,"SUBCELLULAR LOCATION: Nucleus {ECO:0000269|PubMed:10748171, ECO:0000269|PubMed:10761695}. Nucleus matrix {ECO:0000269|PubMed:11034899, ECO:0000269|PubMed:16391387}. Nucleus speckle {ECO:0000269|PubMed:17594903}. Nucleus, PML body {ECO:0000269|PubMed:11884601}. Cytoplasm {ECO:0000269|PubMed:10748171}. Note=Colocalizes with PRPF40A in the nuclear matrix (PubMed:16391387). Nuclear at steady state but shuttles between the nucleus and cytoplasm (PubMed:10748171). The shuttling property has been questioned (PubMed:11034899). Colocalizes with EBNA-LP in PML bodies (PubMed:11884601). {ECO:0000269|PubMed:10748171, ECO:0000269|PubMed:11034899, ECO:0000269|PubMed:11884601, ECO:0000269|PubMed:16391387}."
Q9UNK0,,"TRANSMEM 216..232; /note=""Helical; Anchor for type IV membrane protein""; /evidence=""ECO:0000255""","TOPO_DOM 1..215; /note=""Cytoplasmic""; /evidence=""ECO:0000255""; TOPO_DOM 233..236; /note=""Vesicular""; /evidence=""ECO:0000255""","SUBCELLULAR LOCATION: Membrane {ECO:0000250}; Single-pass type IV membrane protein {ECO:0000250}. Note=Preferentially associated with the early endosome. To a lesser extent, also present in late endosome, the plasma membrane and coated pits (By similarity). {ECO:0000250}."
Q9UPN4,,,,"SUBCELLULAR LOCATION: Cytoplasm, cytoskeleton, microtubule organizing center, centrosome {ECO:0000269|PubMed:14654843, ECO:0000269|PubMed:27224062, ECO:0000269|PubMed:30538148, ECO:0000269|PubMed:30804208}. Cytoplasm, cytoskeleton, microtubule organizing center, centrosome, centriolar satellite {ECO:0000269|PubMed:26297806, ECO:0000269|PubMed:26616734, ECO:0000269|PubMed:30804208, ECO:0000269|PubMed:31789463}. Cytoplasm, cytoskeleton, microtubule organizing center, centrosome, centriole {ECO:0000269|PubMed:30804208}. Cytoplasm, cytoskeleton, cilium basal body. Cytoplasmic vesicle, secretory vesicle, acrosome {ECO:0000250|UniProtKB:Q62036}. Note=Colocalized with pericentriolar material protein PCM1 at centriolar satellites. During spermiogenesis, becomes enriched with nephrocystin NPHP1 at the transition zone, a structure at the base of the ciliary axoneme important for regulating traffic into the ciliary compartment. Traffics towards and away from the centrosome/basal body and the transition zone of the ciliary axoneme in a microtubule-dependent manner. Localized at the Golgi-derived acrosome and the centrosome-containing head-tail coupling apparatus (HTCA) (By similarity). Ubiquitinated form is sequestered and colocalized with BBS4, CEP290, PCM1 and PCNT at centriolar satellites in proliferating cells. Colocalized with the pericentriolar material protein PCM1 at centrosome. Traffics towards and away from centriolar satellites and centrosome in a microtubule- and dynein-dependent manner in interphase cells. Displaced from centriolar satellites but still remains associated with the centrosome in response to cellular stress, such as ultraviolet light (UV) radiation or heat shock, in a process that requires p38 MAPK signaling (PubMed:26616734). {ECO:0000250, ECO:0000269|PubMed:26616734}."
Q9UPV0,,,,"SUBCELLULAR LOCATION: Cytoplasm, cytoskeleton, microtubule organizing center, centrosome, centriole {ECO:0000269|PubMed:26337392}. Nucleus. Note=Localizes specifically to very distally located appendage structures on the mature centriole from which initiate PC formation (PubMed:26337392). Persisted at centrioles throughout mitosis. Expressed in chromatin-enriched nuclear fraction of HeLa cells. In response to DNA damage, it translocates to nuclear foci that contain the DNA damage response proteins KAT5/TIP60 and CHEK1. {ECO:0000269|PubMed:26337392}."
Q9Y247,,,,
Q9UHV7,,,,SUBCELLULAR LOCATION: Nucleus.
Q9UJX5,,,,SUBCELLULAR LOCATION: Nucleus {ECO:0000269|PubMed:18445686}.
Q9UMS4,,,,"SUBCELLULAR LOCATION: Nucleus {ECO:0000269|PubMed:11082287, ECO:0000269|PubMed:12429849, ECO:0000269|PubMed:19188445, ECO:0000269|PubMed:20176811, ECO:0000269|PubMed:28076346, ECO:0000269|PubMed:28502770, ECO:0000269|PubMed:29301961, ECO:0000269|PubMed:29360106, ECO:0000269|PubMed:30705154}. Nucleus, nucleoplasm {ECO:0000269|PubMed:11082287}. Cytoplasm, cytoskeleton, spindle {ECO:0000269|PubMed:11082287}. Cytoplasm {ECO:0000269|PubMed:11435423}. Lipid droplet {ECO:0000250|UniProtKB:Q99KP6}. Note=Nucleoplasmic in interphase cells. Irregularly distributed in anaphase cells. In prophase cells, uniformly distributed, but not associated with condensing chromosomes. Found in extrachromosomal regions in metaphase cells. Mainly localized to the mitotic spindle apparatus when chromosomes segregate during anaphase. When nuclei reform during late telophase, uniformly distributed in daughter cells and displays no preferred association with decondensing chromatin. Recruited on damaged DNA at sites of double-strand break. {ECO:0000269|PubMed:11082287, ECO:0000269|PubMed:18263876}."
Q9UBQ5,,,,"SUBCELLULAR LOCATION: Nucleus {ECO:0000255|HAMAP-Rule:MF_03010, ECO:0000269|PubMed:15327989}. Cytoplasm {ECO:0000255|HAMAP-Rule:MF_03010, ECO:0000269|PubMed:15327989}."
Q9UBU9,,,,"SUBCELLULAR LOCATION: Nucleus {ECO:0000269|PubMed:10924507, ECO:0000269|PubMed:18596238, ECO:0000269|PubMed:19864460, ECO:0000269|PubMed:23591820, ECO:0000269|PubMed:25662211}. Nucleus, nucleoplasm {ECO:0000269|PubMed:19324961, ECO:0000269|PubMed:23826332}. Nucleus speckle {ECO:0000269|PubMed:19324961, ECO:0000269|PubMed:23826332}. Nucleus, nuclear pore complex {ECO:0000269|PubMed:23591820}. Nucleus envelope {ECO:0000269|PubMed:18596238, ECO:0000269|PubMed:23591820}. Cytoplasm {ECO:0000269|PubMed:10924507, ECO:0000269|PubMed:18596238, ECO:0000269|PubMed:19324961, ECO:0000269|PubMed:19864460}. Cytoplasm, Stress granule {ECO:0000269|PubMed:18596238}. Note=Localized predominantly in the nucleoplasm and at both the nucleoplasmic and cytoplasmic faces of the nuclear pore complex. Shuttles between the nucleus and the cytoplasm. Travels to the cytoplasm as part of the exon junction complex (EJC) bound to mRNA. The association with the TREX complex seems to occur in regions surrounding nuclear speckles known as perispeckles (PubMed:23826332). Nucleus; nuclear rim (PubMed:25662211). {ECO:0000269|PubMed:23826332, ECO:0000269|PubMed:25662211}."
Q9UKB3,,,,SUBCELLULAR LOCATION: [Isoform a]: Cytoplasm {ECO:0000269|PubMed:24122553}.
Q9UKG1,,,,"SUBCELLULAR LOCATION: Early endosome membrane {ECO:0000269|PubMed:15016378, ECO:0000269|PubMed:20133602, ECO:0000269|PubMed:21645192}; Peripheral membrane protein {ECO:0000269|PubMed:15016378}. Nucleus {ECO:0000269|PubMed:15016378, ECO:0000269|PubMed:19433865, ECO:0000269|PubMed:26583432}. Cytoplasm {ECO:0000269|PubMed:19433865, ECO:0000269|PubMed:19661063}. Endosome {ECO:0000269|PubMed:26583432}. Cell projection, ruffle {ECO:0000250|UniProtKB:Q8K3H0}. Cytoplasmic vesicle, phagosome {ECO:0000250|UniProtKB:Q8K3H0}. Note=Early endosomal membrane-bound and nuclear. Translocated into the nucleus upon release from endosomal membranes following internalization of EGF. {ECO:0000269|PubMed:15016378}."
Q9UKV8,,,,"SUBCELLULAR LOCATION: Cytoplasm, P-body {ECO:0000269|PubMed:23125361, ECO:0000269|PubMed:23603119, ECO:0000269|PubMed:31400113, ECO:0000269|PubMed:33199684}. Nucleus {ECO:0000269|PubMed:23125361}. Note=Translational repression of mRNAs results in their recruitment to P-bodies. Translocation to the nucleus requires IMP8."
Q9UL54,,"TRANSMEM 965..985; /note=""Helical""; /evidence=""ECO:0000255""; TRANSMEM 987..1007; /note=""Helical""; /evidence=""ECO:0000255""; TRANSMEM 1012..1032; /note=""Helical""; /evidence=""ECO:0000255""; TRANSMEM 1043..1063; /note=""Helical""; /evidence=""ECO:0000255""; TRANSMEM 1166..1186; /note=""Helical""; /evidence=""ECO:0000255""",,"SUBCELLULAR LOCATION: Cytoplasmic vesicle membrane {ECO:0000305}; Multi-pass membrane protein {ECO:0000305}. Cytoplasm, cytoskeleton. Nucleus. Note=Catalytically active full-length phosphorylated isoform 1 localizes to microtubules in the cytoplasm predominantly on microtubule cables positioned around the nucleus. A C-terminally truncated form of isoform 1 is present in the nucleus; isoform 2 and kinase-defective, as well as full-length isoform 1 are excluded from the nucleus.; SUBCELLULAR LOCATION: [Isoform 2]: Cell projection, dendrite. Note=In dendrites, colocalizes with PCDH8. {ECO:0000250}."
Q9ULH1,,,,"SUBCELLULAR LOCATION: Cytoplasm {ECO:0000250}. Membrane {ECO:0000250}. Golgi apparatus {ECO:0000269|PubMed:25673879}. Golgi apparatus, trans-Golgi network {ECO:0000269|PubMed:25673879}. Note=Predominantly cytoplasmic. Partially membrane-associated. Localized to the Golgi, TGN and rhodopsin transport carriers (RTC) when interacting with RHO in photoreceptors (PubMed:25673879). Localized to RTC when interacting with RAB11A and RAB11FIP3 in photoreceptors (PubMed:25673879). {ECO:0000250, ECO:0000269|PubMed:25673879}."
Q9UM13,,,,
Q9UN86,,,,"SUBCELLULAR LOCATION: Cytoplasm {ECO:0000269|PubMed:23279204, ECO:0000269|PubMed:30404792}. Cytoplasm, Stress granule {ECO:0000269|PubMed:23279204, ECO:0000269|PubMed:27022092, ECO:0000269|PubMed:30404792}."
Q9UNF0,,,,"SUBCELLULAR LOCATION: Cytoplasm {ECO:0000250|UniProtKB:Q9WVE8}. Cytoplasm, cytoskeleton {ECO:0000250|UniProtKB:Q9WVE8}. Cytoplasmic vesicle membrane {ECO:0000250|UniProtKB:Q9WVE8}; Peripheral membrane protein {ECO:0000250|UniProtKB:Q9WVE8}; Cytoplasmic side {ECO:0000250|UniProtKB:Q9WVE8}. Cell projection, ruffle membrane {ECO:0000250|UniProtKB:Q9WVE8}; Peripheral membrane protein {ECO:0000250|UniProtKB:Q9WVE8}; Cytoplasmic side {ECO:0000250|UniProtKB:Q9WVE8}. Early endosome {ECO:0000250|UniProtKB:Q9WVE8}. Recycling endosome membrane {ECO:0000250}. Cell membrane {ECO:0000250|UniProtKB:Q9WVE8}; Peripheral membrane protein {ECO:0000250|UniProtKB:Q9WVE8}; Cytoplasmic side {ECO:0000250|UniProtKB:Q9WVE8}. Cell projection {ECO:0000269|PubMed:31242077}. Membrane, caveola {ECO:0000269|PubMed:22323287}. Cell junction, adherens junction {ECO:0000250|UniProtKB:Q9WVE8}. Note=Detected at the neck of flask-shaped caveolae. Localization to tubular recycling endosomes probably requires interaction with MICALL1 and EHD1. {ECO:0000250|UniProtKB:Q9WVE8}."
Q9Y230,,,,"SUBCELLULAR LOCATION: Nucleus matrix. Nucleus, nucleoplasm. Cytoplasm. Membrane. Dynein axonemal particle {ECO:0000250|UniProtKB:Q9DE27}. Note=Mainly localized in the nucleus, associated with nuclear matrix or in the nuclear cytosol. Although it is also present in the cytoplasm and associated with the cell membranes."
Q9Y243,,,,SUBCELLULAR LOCATION: Nucleus {ECO:0000269|PubMed:20018949}. Cytoplasm {ECO:0000269|PubMed:20018949}. Membrane {ECO:0000269|PubMed:20018949}; Peripheral membrane protein {ECO:0000269|PubMed:20018949}. Note=Membrane-associated after cell stimulation leading to its translocation.
Q9UNM6,,,,
Q9UQB8,,,,"SUBCELLULAR LOCATION: Cytoplasm. Membrane; Peripheral membrane protein {ECO:0000269|PubMed:38149472}. Cell projection, filopodium. Cell projection, ruffle. Cytoplasm, cytoskeleton. Note=Detected throughout the cytoplasm in the absence of specific binding partners. Detected in filopodia and close to membrane ruffles. Recruited to actin pedestals that are formed upon infection by bacteria at bacterial attachment sites."
Q9UEU0,,"TRANSMEM 209..229; /note=""Helical; Anchor for type IV membrane protein""; /evidence=""ECO:0000255""","TOPO_DOM 2..208; /note=""Cytoplasmic""; /evidence=""ECO:0000255""; TOPO_DOM 230..232; /note=""Vesicular""; /evidence=""ECO:0000255""","SUBCELLULAR LOCATION: Early endosome membrane {ECO:0000269|PubMed:18033301}; Single-pass type IV membrane protein {ECO:0000255}. Late endosome membrane {ECO:0000269|PubMed:18033301, ECO:0000269|PubMed:21388490, ECO:0000269|PubMed:23217709}; Single-pass type IV membrane protein {ECO:0000269|PubMed:23217709}. Lysosome membrane {ECO:0000269|PubMed:18033301, ECO:0000269|PubMed:23217709}. Cytoplasmic granule {ECO:0000269|PubMed:23217709}. Recycling endosome membrane {ECO:0000269|PubMed:18033301}; Single-pass type IV membrane protein {ECO:0000255}."
Q9UJX2,,,,
Q9UKI8,,,,"SUBCELLULAR LOCATION: Nucleus {ECO:0000269|PubMed:10523312, ECO:0000269|PubMed:10588641, ECO:0000269|PubMed:11314006, ECO:0000269|PubMed:9427565}."
Q9UM54,,,,"SUBCELLULAR LOCATION: Golgi apparatus, trans-Golgi network membrane {ECO:0000269|PubMed:16507995}; Peripheral membrane protein {ECO:0000269|PubMed:16507995}. Golgi apparatus {ECO:0000269|PubMed:16507995}. Nucleus {ECO:0000269|PubMed:16507995, ECO:0000269|PubMed:16949370}. Cytoplasm, perinuclear region {ECO:0000269|PubMed:16507995}. Membrane, clathrin-coated pit {ECO:0000269|PubMed:11447109}. Cytoplasmic vesicle, clathrin-coated vesicle {ECO:0000269|PubMed:11447109}. Cell projection, filopodium {ECO:0000269|PubMed:9852149}. Cell projection, ruffle membrane {ECO:0000269|PubMed:16507995}. Cell projection, microvillus {ECO:0000269|PubMed:9852149}. Cytoplasm, cytosol {ECO:0000269|PubMed:16949370}. Cytoplasmic vesicle, autophagosome {ECO:0000269|PubMed:23023224}. Endosome {ECO:0000269|PubMed:23023224}. Note=Also present in endocyctic vesicles (PubMed:16507995). Translocates from membrane ruffles, endocytic vesicles and cytoplasm to Golgi apparatus, perinuclear membrane and nucleus through induction by p53 and p53-induced DNA damage (PubMed:16507995). Recruited into membrane ruffles from cell surface by EGF-stimulation (PubMed:9852149). Colocalizes with DAB2 in clathrin-coated pits/vesicles (PubMed:11967127). Colocalizes with OPTN at the Golgi complex and in vesicular structures close to the plasma membrane (By similarity). Recruited to endosomes by TOM1 and TOM1L2 (PubMed:23023224). {ECO:0000250|UniProtKB:Q9I8D1, ECO:0000269|PubMed:11967127, ECO:0000269|PubMed:16507995, ECO:0000269|PubMed:23023224, ECO:0000269|PubMed:9852149}.; SUBCELLULAR LOCATION: [Isoform 3]: Cytoplasmic vesicle, clathrin-coated vesicle membrane {ECO:0000269|PubMed:11447109}.; SUBCELLULAR LOCATION: [Isoform 4]: Cytoplasmic vesicle, clathrin-coated vesicle membrane. Cell projection, ruffle membrane {ECO:0000269|PubMed:11447109}."
Q9Y237,,,,"SUBCELLULAR LOCATION: [Isoform 1]: Nucleus, nucleolus. Cytoplasm, cytoskeleton, spindle. Cytoplasm. Note=Colocalizes in the nucleolus during interphase and on the spindle apparatus during mitosis with NPM1.; SUBCELLULAR LOCATION: [Isoform 2]: Mitochondrion. Mitochondrion matrix. Note=Imported in a time- and membrane potential-dependent manner to the mitochondrial matrix, but without concomitant processing of the protein. Directed to mitochondria by a novel N-terminal domain that functions as a non-cleavable mitochondrial targeting peptide."
Q9UBP0,,,"TOPO_DOM 1..56; /note=""Cytoplasmic""; /evidence=""ECO:0000255|HAMAP-Rule:MF_03021, ECO:0000305|PubMed:20200447""; TOPO_DOM 78..616; /note=""Cytoplasmic""; /evidence=""ECO:0000255|HAMAP-Rule:MF_03021, ECO:0000305|PubMed:20200447""","SUBCELLULAR LOCATION: Membrane {ECO:0000255|HAMAP-Rule:MF_03021, ECO:0000269|PubMed:19000169}; Peripheral membrane protein {ECO:0000255|HAMAP-Rule:MF_03021, ECO:0000305|PubMed:20200447}. Endoplasmic reticulum {ECO:0000255|HAMAP-Rule:MF_03021, ECO:0000269|PubMed:16602018}. Midbody {ECO:0000255|HAMAP-Rule:MF_03021, ECO:0000269|PubMed:18997780, ECO:0000269|PubMed:21310966, ECO:0000269|PubMed:25390646}. Cytoplasm, cytoskeleton, microtubule organizing center, centrosome {ECO:0000255|HAMAP-Rule:MF_03021, ECO:0000269|PubMed:15269182, ECO:0000269|PubMed:15891913, ECO:0000269|PubMed:25390646}. Cytoplasm, cytoskeleton {ECO:0000255|HAMAP-Rule:MF_03021, ECO:0000269|PubMed:15716377, ECO:0000269|PubMed:17389232, ECO:0000269|PubMed:18410514, ECO:0000269|PubMed:19000169, ECO:0000269|PubMed:20200447}. Cytoplasm, perinuclear region {ECO:0000255|HAMAP-Rule:MF_03021, ECO:0000269|PubMed:11809724, ECO:0000269|PubMed:15147984, ECO:0000269|PubMed:15269182, ECO:0000269|PubMed:15537668}. Nucleus {ECO:0000255|HAMAP-Rule:MF_03021, ECO:0000269|PubMed:15147984, ECO:0000269|PubMed:15269182, ECO:0000269|PubMed:16026783}. Cytoplasm, cytoskeleton, spindle {ECO:0000255|HAMAP-Rule:MF_03021, ECO:0000269|PubMed:15269182}. Cytoplasm {ECO:0000255|HAMAP-Rule:MF_03021, ECO:0000269|PubMed:16026783, ECO:0000269|PubMed:20200447}. Cell projection, axon {ECO:0000269|PubMed:15269182}. Note=Forms an intramembrane hairpin-like structure in the membrane (PubMed:20200447). Localization to the centrosome is independent of microtubules (PubMed:15891913). Localizes to the midbody of dividing cells, and this requires CHMP1B (PubMed:18997780). Enriched in the distal axons and branches of postmitotic neurons (PubMed:15269182). Mainly nuclear in interphase cells and becomes associated with the centrosomes, spindle microtubules, midzone and finally the midbody during cell division (PubMed:15269182). {ECO:0000255|HAMAP-Rule:MF_03021, ECO:0000269|PubMed:15269182, ECO:0000269|PubMed:15891913, ECO:0000269|PubMed:18997780, ECO:0000305|PubMed:20200447}.; SUBCELLULAR LOCATION: [Isoform 1]: Endoplasmic reticulum membrane {ECO:0000269|PubMed:19000169, ECO:0000269|PubMed:23969831}; Peripheral membrane protein {ECO:0000305|PubMed:20200447}. Nucleus membrane {ECO:0000269|PubMed:26040712}. Lipid droplet {ECO:0000269|PubMed:25875445}. Cytoplasm, cytoskeleton {ECO:0000269|PubMed:19000169, ECO:0000269|PubMed:20200447}. Endosome {ECO:0000269|PubMed:23897888}. Note=Forms an intramembrane hairpin-like structure in the membrane (PubMed:20200447). Recruited to nuclear membrane by IST1 during late anaphase (PubMed:26040712). Localizes to endoplasmic reticulum tubular network (PubMed:23969831). {ECO:0000269|PubMed:23969831, ECO:0000269|PubMed:26040712, ECO:0000305|PubMed:20200447}.; SUBCELLULAR LOCATION: [Isoform 3]: Cytoplasm {ECO:0000269|PubMed:20200447, ECO:0000269|PubMed:23969831}. Endosome {ECO:0000269|PubMed:19000169, ECO:0000269|PubMed:23897888}. Nucleus membrane {ECO:0000269|PubMed:16026783, ECO:0000269|PubMed:26040712}. Cytoplasm, cytoskeleton, microtubule organizing center, centrosome {ECO:0000269|PubMed:25390646}. Note=Constitutes the main endosomal form (PubMed:19000169). Recruited to nuclear membrane by IST1 during late anaphase (PubMed:26040712). {ECO:0000269|PubMed:19000169, ECO:0000269|PubMed:26040712}."
Q9UJX6,,,,
Q9UPN9,,,,"SUBCELLULAR LOCATION: Nucleus {ECO:0000269|PubMed:15820681, ECO:0000269|PubMed:16751102, ECO:0000269|PubMed:19135894, ECO:0000269|PubMed:25593309}. Note=In discrete nuclear dots resembling nuclear bodies (By similarity). Localizes to sites of DNA damage (PubMed:25593309). {ECO:0000250|UniProtKB:Q99PP7, ECO:0000269|PubMed:25593309}."
Q9UI26,,,,SUBCELLULAR LOCATION: Cytoplasm {ECO:0000269|PubMed:11032817}. Nucleus {ECO:0000269|PubMed:11032817}.
Q9UM00,,"TRANSMEM 56..83; /note=""Helical""; /evidence=""ECO:0000250|UniProtKB:A0A8I3PI99""; TRANSMEM 138..157; /note=""Helical""; /evidence=""ECO:0000250|UniProtKB:A0A8I3PI99""; TRANSMEM 192..213; /note=""Helical""; /evidence=""ECO:0000250|UniProtKB:A0A8I3PI99""","TOPO_DOM 1..55; /note=""Lumenal""; /evidence=""ECO:0000250|UniProtKB:A0A8I3PI99""; TOPO_DOM 84..137; /note=""Cytoplasmic""; /evidence=""ECO:0000250|UniProtKB:A0A8I3PI99""; TOPO_DOM 158..171; /note=""Lumenal""; /evidence=""ECO:0000250|UniProtKB:A0A8I3PI99""; TOPO_DOM 182..191; /note=""Lumenal""; /evidence=""ECO:0000250|UniProtKB:A0A8I3PI99""; TOPO_DOM 214..239; /note=""Cytoplasmic""; /evidence=""ECO:0000250|UniProtKB:A0A8I3PI99""","SUBCELLULAR LOCATION: Endoplasmic reticulum membrane {ECO:0000269|PubMed:10393320, ECO:0000269|PubMed:27212239, ECO:0000269|PubMed:36261522}; Multi-pass membrane protein {ECO:0000269|PubMed:10393320, ECO:0000269|PubMed:27212239}. Golgi apparatus membrane {ECO:0000269|PubMed:10393320}; Multi-pass membrane protein {ECO:0000269|PubMed:10393320}. Mitochondrion membrane {ECO:0000250|UniProtKB:C5HGF3}; Multi-pass membrane protein {ECO:0000269|PubMed:10393320}. Note=The first transmembrane region is required for localization to the endoplasmic reticulum (PubMed:27212239). A publication reported localization in cytoplasm and nucleus (PubMed:22714896). Nuclear localization is however in contradiction with two other reports (PubMed:10393320, PubMed:27212239). {ECO:0000269|PubMed:10393320, ECO:0000269|PubMed:22714896, ECO:0000269|PubMed:27212239}."
Q9UIG0,,,,"SUBCELLULAR LOCATION: Nucleus {ECO:0000255|PROSITE-ProRule:PRU00063, ECO:0000255|PROSITE-ProRule:PRU00475, ECO:0000269|PubMed:11980720, ECO:0000269|PubMed:15543136, ECO:0000269|PubMed:16603771, ECO:0000269|PubMed:25593309}. Note=Accumulates in pericentromeric heterochromatin during replication (PubMed:15543136). Co-localizes with PCNA at replication foci during S phase (PubMed:15543136). Co-localizes with SMARCA5/SNF2H at replication foci during late-S phase (PubMed:15543136). Also localizes to replication foci independently of SMARCA5/SNF2H and PCNA (PubMed:15543136). Localizes to sites of DNA damage (PubMed:25593309). {ECO:0000269|PubMed:15543136, ECO:0000269|PubMed:25593309}."
Q9UIX4,,"TRANSMEM 225..246; /note=""Helical; Name=Segment S1""; /evidence=""ECO:0000250|UniProtKB:P63142""; TRANSMEM 268..289; /note=""Helical; Name=Segment S2""; /evidence=""ECO:0000250|UniProtKB:P63142""; TRANSMEM 301..321; /note=""Helical; Name=Segment S3""; /evidence=""ECO:0000250|UniProtKB:P63142""; TRANSMEM 339..359; /note=""Helical; Voltage-sensor; Name=Segment S4""; /evidence=""ECO:0000250|UniProtKB:P63142""; TRANSMEM 375..396; /note=""Helical; Name=Segment S5""; /evidence=""ECO:0000250|UniProtKB:P63142""; TRANSMEM 439..467; /note=""Helical; Name=Segment S6""; /evidence=""ECO:0000250|UniProtKB:P63142""","TOPO_DOM 1..224; /note=""Cytoplasmic""; /evidence=""ECO:0000250|UniProtKB:P63142""; TOPO_DOM 247..267; /note=""Extracellular""; /evidence=""ECO:0000250|UniProtKB:P63142""; TOPO_DOM 290..300; /note=""Cytoplasmic""; /evidence=""ECO:0000250|UniProtKB:P63142""; TOPO_DOM 322..338; /note=""Extracellular""; /evidence=""ECO:0000250|UniProtKB:P63142""; TOPO_DOM 360..374; /note=""Cytoplasmic""; /evidence=""ECO:0000250|UniProtKB:P63142""; TOPO_DOM 397..411; /note=""Extracellular""; /evidence=""ECO:0000250|UniProtKB:P63142""; TOPO_DOM 432..438; /note=""Extracellular""; /evidence=""ECO:0000250|UniProtKB:P63142""; TOPO_DOM 468..513; /note=""Cytoplasmic""; /evidence=""ECO:0000250|UniProtKB:P63142""",SUBCELLULAR LOCATION: Cell membrane {ECO:0000250|UniProtKB:Q14721}; Multi-pass membrane protein {ECO:0000305}. Note=Colocalizes with KCNB1 at the plasma membrane. {ECO:0000250|UniProtKB:Q14721}.
Q9UL03,,,,"SUBCELLULAR LOCATION: Nucleus {ECO:0000269|PubMed:11939413, ECO:0000269|PubMed:23904267, ECO:0000269|PubMed:34004147, ECO:0000269|PubMed:39032490}. Chromosome {ECO:0000269|PubMed:34004147}. Note=Associates with chromatin and transcription pause-release checkpoint. {ECO:0000269|PubMed:34004147}."
Q9UMY4,,,,SUBCELLULAR LOCATION: Membrane {ECO:0000305}; Peripheral membrane protein {ECO:0000305}; Cytoplasmic side {ECO:0000305}.
Q9UJX4,,,,"SUBCELLULAR LOCATION: Nucleus {ECO:0000269|PubMed:18445686}. Cytoplasm, cytoskeleton, spindle {ECO:0000269|PubMed:18445686}."
Q9UBR5,,"TRANSMEM 45..65; /note=""Helical""; /evidence=""ECO:0000255""; TRANSMEM 81..101; /note=""Helical""; /evidence=""ECO:0000255""; TRANSMEM 108..128; /note=""Helical""; /evidence=""ECO:0000255""",,"SUBCELLULAR LOCATION: [Isoform 1]: Secreted {ECO:0000269|PubMed:11415443, ECO:0000269|PubMed:16137713}.; SUBCELLULAR LOCATION: [Isoform 2]: Membrane {ECO:0000305}; Multi-pass membrane protein {ECO:0000305}.; SUBCELLULAR LOCATION: [Isoform 4]: Membrane {ECO:0000305}; Multi-pass membrane protein {ECO:0000305}."
Q9UHD8,,,,"SUBCELLULAR LOCATION: Cytoplasm, cytoskeleton {ECO:0000269|PubMed:17546647, ECO:0000269|PubMed:17922164}. Note=In an epithelial cell line, concentrates at cell-cell contact areas. After TGF-beta1 treatment and induction of epithelial to mesenchymal transition, colocalizes partly with actin stress fibers. During bacterial infection, displays a collar shape structure next to actin at the pole of invading bacteria."
Q9UNX4,,,,"SUBCELLULAR LOCATION: Nucleus, nucleolus {ECO:0000269|PubMed:12429849, ECO:0000269|PubMed:34516797}."
Q9UH62,,"TRANSMEM 7..29; /note=""Helical; Signal-anchor""; /evidence=""ECO:0000255""","TOPO_DOM 1..6; /note=""Mitochondrial intermembrane""; /evidence=""ECO:0000250|UniProtKB:Q8BHS6""; TOPO_DOM 30..379; /note=""Cytoplasmic""; /evidence=""ECO:0000250|UniProtKB:Q8BHS6""",SUBCELLULAR LOCATION: Mitochondrion outer membrane {ECO:0000250|UniProtKB:Q8BHS6}; Single-pass membrane protein {ECO:0000255}. Cytoplasm {ECO:0000250|UniProtKB:Q8BHS6}. Nucleus {ECO:0000250|UniProtKB:Q8BHS6}.
Q9UIM3,,,,
Q9UNZ5,,,,
Q9Y265,,,,"SUBCELLULAR LOCATION: Nucleus matrix. Nucleus, nucleoplasm. Cytoplasm {ECO:0000269|PubMed:11027681}. Membrane {ECO:0000269|PubMed:11027681}. Cytoplasm, cytoskeleton, microtubule organizing center, centrosome. Dynein axonemal particle {ECO:0000250|UniProtKB:Q9DE26}. Note=Mainly localized in the nucleus, associated with nuclear matrix or in the nuclear cytosol, although it is also present in the cytoplasm and associated with the cell membranes. In prophase and prometaphase it is located at the centrosome and the branching microtubule spindles. After mitotic nuclear membrane disintigration it accumulates at the centrosome and sites of tubulin polymerization. As cells pass through metaphase and into telophase it is located close to the centrosome at the early phase of tubulin polymerization. In anaphase it accumulates at the zone of tubule interdigitation. In telophase it is found at polar tubule overlap, and it reappears at the site of chromosomal decondensation in the daughter cells."
Q9Y277,,"TRANSMEM 26..35; /note=""Beta stranded""; /evidence=""ECO:0000250|UniProtKB:P21796""; TRANSMEM 39..47; /note=""Beta stranded""; /evidence=""ECO:0000250|UniProtKB:P21796""; TRANSMEM 54..64; /note=""Beta stranded""; /evidence=""ECO:0000250|UniProtKB:P21796""; TRANSMEM 69..76; /note=""Beta stranded""; /evidence=""ECO:0000250|UniProtKB:P21796""; TRANSMEM 80..89; /note=""Beta stranded""; /evidence=""ECO:0000250|UniProtKB:P21796""; TRANSMEM 95..104; /note=""Beta stranded""; /evidence=""ECO:0000250|UniProtKB:P21796""; TRANSMEM 111..120; /note=""Beta stranded""; /evidence=""ECO:0000250|UniProtKB:P21796""; TRANSMEM 123..130; /note=""Beta stranded""; /evidence=""ECO:0000250|UniProtKB:P21796""; TRANSMEM 137..145; /note=""Beta stranded""; /evidence=""ECO:0000250|UniProtKB:P21796""; TRANSMEM 150..158; /note=""Beta stranded""; /evidence=""ECO:0000250|UniProtKB:P21796""; TRANSMEM 163..175; /note=""Beta stranded""; /evidence=""ECO:0000250|UniProtKB:P21796""; TRANSMEM 178..185; /note=""Beta stranded""; /evidence=""ECO:0000250|UniProtKB:P21796""; TRANSMEM 189..198; /note=""Beta stranded""; /evidence=""ECO:0000250|UniProtKB:P21796""; TRANSMEM 202..211; /note=""Beta stranded""; /evidence=""ECO:0000250|UniProtKB:P21796""; TRANSMEM 218..227; /note=""Beta stranded""; /evidence=""ECO:0000250|UniProtKB:P21796""; TRANSMEM 231..238; /note=""Beta stranded""; /evidence=""ECO:0000250|UniProtKB:P21796""; TRANSMEM 242..251; /note=""Beta stranded""; /evidence=""ECO:0000250|UniProtKB:P21796""; TRANSMEM 254..263; /note=""Beta stranded""; /evidence=""ECO:0000250|UniProtKB:P21796""; TRANSMEM 273..282; /note=""Beta stranded""; /evidence=""ECO:0000250|UniProtKB:P21796""",,SUBCELLULAR LOCATION: Mitochondrion outer membrane {ECO:0000250|UniProtKB:P21796}. Membrane {ECO:0000269|PubMed:27641616}. Note=May localize to non-mitochondrial membranes. {ECO:0000269|PubMed:27641616}.
Q9Y2P5,,"TRANSMEM 31..51; /note=""Helical""; /evidence=""ECO:0000255""; TRANSMEM 56..76; /note=""Helical""; /evidence=""ECO:0000255""","TOPO_DOM 1..30; /note=""Cytoplasmic""; /evidence=""ECO:0000305|PubMed:11980911""; TOPO_DOM 77..690; /note=""Cytoplasmic""; /evidence=""ECO:0000305|PubMed:11980911""",SUBCELLULAR LOCATION: Endoplasmic reticulum membrane {ECO:0000269|PubMed:10479480}; Multi-pass membrane protein {ECO:0000255}. Microsome {ECO:0000250|UniProtKB:Q9ES38}. Cell membrane {ECO:0000250|UniProtKB:Q4LDG0}; Multi-pass membrane protein {ECO:0000255}.
Q9Y2Y1,,,,SUBCELLULAR LOCATION: Nucleus {ECO:0000305|PubMed:33335104}.
Q9Y496,,,,"SUBCELLULAR LOCATION: Cytoplasm, cytoskeleton {ECO:0000305}. Cell projection, cilium {ECO:0000250|UniProtKB:P28741}. Cytoplasm, cytoskeleton, microtubule organizing center, centrosome, centriole {ECO:0000269|PubMed:23386061}. Note=Localizes to the subdistal appendage region of the centriole. {ECO:0000269|PubMed:23386061}."
Q9Y592,,,,"SUBCELLULAR LOCATION: Cytoplasm, cytoskeleton, microtubule organizing center, centrosome, centriole {ECO:0000269|PubMed:23348840, ECO:0000269|PubMed:23530209}. Note=Localizes specifically to the distal appendage region of the centriole, which anchors the mother centriole to the plasma membrane. Localizes to centrioles at all stages of the cell cycle, including mitosis."
Q9Y5X1,,,,"SUBCELLULAR LOCATION: Cytoplasmic vesicle membrane; Peripheral membrane protein; Cytoplasmic side. Cell membrane; Peripheral membrane protein; Cytoplasmic side. Cytoplasmic vesicle, clathrin-coated vesicle. Golgi apparatus, trans-Golgi network. Cell projection, ruffle. Cytoplasm. Note=Localized at sites of endocytosis at the cell membrane. Detected on newly formed macropinosomes. Transiently recruited to clathrin-coated pits at a late stage of clathrin-coated vesicle formation. Colocalizes with the actin cytoskeleton at the cell membrane."
Q9Y5X2,,,,SUBCELLULAR LOCATION: Early endosome membrane {ECO:0000269|PubMed:19782049}; Peripheral membrane protein {ECO:0000269|PubMed:19782049}; Cytoplasmic side {ECO:0000269|PubMed:19782049}. Note=Colocalizes with retromer components.
Q9Y5Y5,,"TRANSMEM 85..105; /note=""Helical""; /evidence=""ECO:0000255""; TRANSMEM 111..131; /note=""Helical""; /evidence=""ECO:0000255""","TOPO_DOM 1..84; /note=""Cytoplasmic""; /evidence=""ECO:0000255""; TOPO_DOM 106..110; /note=""Peroxisomal""; /evidence=""ECO:0000255""; TOPO_DOM 132..336; /note=""Cytoplasmic""; /evidence=""ECO:0000255""","SUBCELLULAR LOCATION: Peroxisome membrane {ECO:0000269|PubMed:11390669, ECO:0000269|PubMed:21768384}; Multi-pass membrane protein {ECO:0000269|PubMed:11390669}."
Q9Y678,,,,"SUBCELLULAR LOCATION: Cytoplasm {ECO:0000269|PubMed:11056392}. Golgi apparatus membrane {ECO:0000269|PubMed:11056392}; Peripheral membrane protein {ECO:0000269|PubMed:11056392}; Cytoplasmic side {ECO:0000269|PubMed:11056392}. Cytoplasmic vesicle, COPI-coated vesicle membrane {ECO:0000250}; Peripheral membrane protein {ECO:0000250}; Cytoplasmic side {ECO:0000250}. Note=The coatomer is cytoplasmic or polymerized on the cytoplasmic side of the Golgi, as well as on the vesicles/buds originating from it. Predominantly located in the cis-Golgi apparatus. {ECO:0000250}."
Q9Y6D6,,,,"SUBCELLULAR LOCATION: Cytoplasm. Cytoplasm, perinuclear region. Golgi apparatus {ECO:0000269|PubMed:12571360}. Golgi apparatus, trans-Golgi network membrane {ECO:0000269|PubMed:27373159, ECO:0000269|PubMed:27436755}. Nucleus {ECO:0000269|PubMed:14973189}. Nucleus, nucleolus {ECO:0000269|PubMed:14973189}. Nucleus matrix {ECO:0000269|PubMed:14973189}. Note=Translocates from cytoplasm to membranes and nucleus upon cAMP treatment."
Q9Y6G9,,,,"SUBCELLULAR LOCATION: Cytoplasm {ECO:0000250}. Chromosome, centromere, kinetochore {ECO:0000269|PubMed:19229290}. Cytoplasm, cytoskeleton, spindle pole {ECO:0000269|PubMed:19229290}. Recycling endosome membrane {ECO:0000269|PubMed:20026645}. Note=During interphase, localized in vesicles continuously moving from peripheral sorting endosomes in the cell towards the pericentrosomal endosomal recycling compartment (ERC). {ECO:0000269|PubMed:20026645}."
Q9Y6M4,,,,SUBCELLULAR LOCATION: Cytoplasm.
Q9Y6R4,,,,"SUBCELLULAR LOCATION: Cytoplasm, perinuclear region {ECO:0000250}. Note=Localized in perinuclear vesicular-like structures, probably Golgi-associated vesicles. {ECO:0000250}."
Q9Y2A7,,"TRANSMEM 995..1015; /note=""Helical""; /evidence=""ECO:0000255""",,"SUBCELLULAR LOCATION: Cell membrane {ECO:0000250|UniProtKB:P28660}; Single-pass membrane protein {ECO:0000250|UniProtKB:P28660}; Cytoplasmic side {ECO:0000250|UniProtKB:P28660}. Cell projection, lamellipodium membrane {ECO:0000250|UniProtKB:P28660}; Single-pass membrane protein {ECO:0000250|UniProtKB:P28660}; Cytoplasmic side {ECO:0000250|UniProtKB:P28660}. Note=At the interface between the lamellipodial actin meshwork and the membrane. {ECO:0000250|UniProtKB:P28660}."
Q9Y2D2,,"TRANSMEM 8..24; /note=""Helical""; /evidence=""ECO:0000255""; TRANSMEM 42..58; /note=""Helical""; /evidence=""ECO:0000255""; TRANSMEM 138..154; /note=""Helical""; /evidence=""ECO:0000255""; TRANSMEM 173..189; /note=""Helical""; /evidence=""ECO:0000255""; TRANSMEM 209..225; /note=""Helical""; /evidence=""ECO:0000255""; TRANSMEM 246..262; /note=""Helical""; /evidence=""ECO:0000255""; TRANSMEM 268..284; /note=""Helical""; /evidence=""ECO:0000255""; TRANSMEM 295..311; /note=""Helical""; /evidence=""ECO:0000255""",,"SUBCELLULAR LOCATION: Golgi apparatus membrane {ECO:0000269|PubMed:10393322, ECO:0000269|PubMed:23766508, ECO:0000269|PubMed:28167211}; Multi-pass membrane protein {ECO:0000255}."
Q9Y2L5,,,,"SUBCELLULAR LOCATION: Golgi apparatus, cis-Golgi network {ECO:0000250}."
Q9Y2Y0,,,,"SUBCELLULAR LOCATION: Cytoplasm. Mitochondrion intermembrane space. Cytoplasm, cytoskeleton, microtubule organizing center, centrosome. Nucleus. Cytoplasm, cytoskeleton, spindle. Cytoplasm, cytoskeleton, cilium basal body. Note=The complex formed with ARL2BP, ARL2 and SLC25A4 is expressed in mitochondria (By similarity). Detected in the midbody matrix. Not detected in the Golgi, nucleus and on the mitotic spindle. Centrosome-associated throughout the cell cycle. Not detected to interphase microtubules. In retina photoreceptor cells, localized in the distal connecting cilia, basal body, ciliary-associated centriole, and ciliary rootlet. Interaction with ARL2 may be required for cilia basal body localization. {ECO:0000250}."
Q9Y3C8,,,,
Q9Y3E0,,"TRANSMEM 10..30; /note=""Helical; Name=1""; /evidence=""ECO:0000255""; TRANSMEM 33..53; /note=""Helical; Name=2""; /evidence=""ECO:0000255""; TRANSMEM 69..89; /note=""Helical; Name=3""; /evidence=""ECO:0000255""; TRANSMEM 91..109; /note=""Helical; Name=4""; /evidence=""ECO:0000255""","TOPO_DOM 1..9; /note=""Cytoplasmic""; /evidence=""ECO:0000255""; TOPO_DOM 31..32; /note=""Lumenal""; /evidence=""ECO:0000255""; TOPO_DOM 54..68; /note=""Cytoplasmic""; /evidence=""ECO:0000255""; TOPO_DOM 90; /note=""Lumenal""; /evidence=""ECO:0000255""; TOPO_DOM 110..138; /note=""Cytoplasmic""; /evidence=""ECO:0000255""",SUBCELLULAR LOCATION: Golgi apparatus membrane {ECO:0000269|PubMed:10406798}; Multi-pass membrane protein {ECO:0000269|PubMed:10406798}.
Q9Y3I0,,,,"SUBCELLULAR LOCATION: Nucleus {ECO:0000269|PubMed:24608264, ECO:0000269|PubMed:25378478}. Cytoplasm {ECO:0000255|HAMAP-Rule:MF_03144, ECO:0000269|PubMed:24608264, ECO:0000269|PubMed:25378478}. Note=Enters into the nucleus in case of active transcription while it accumulates in cytosol when transcription level is low. {ECO:0000269|PubMed:24608264}."
Q9Y4A5,,,,"SUBCELLULAR LOCATION: Nucleus {ECO:0000269|PubMed:11564863, ECO:0000269|PubMed:9708738}."
Q9Y4F1,,,,"SUBCELLULAR LOCATION: Cell membrane; Peripheral membrane protein; Cytoplasmic side. Synapse. Synapse, synaptosome {ECO:0000250}. Cytoplasm, cytosol {ECO:0000250}. Cell projection, filopodium {ECO:0000250}. Cell projection, dendrite {ECO:0000250}. Cell projection, dendritic spine {ECO:0000250}. Note=Recruited to the cell membrane via interaction with CADM1. {ECO:0000250}."
Q9Y547,,,,"SUBCELLULAR LOCATION: Cell projection, cilium {ECO:0000250|UniProtKB:Q9D6H2}."
Q9Y5L0,,,,"SUBCELLULAR LOCATION: Nucleus envelope {ECO:0000269|PubMed:31192305, ECO:0000305|PubMed:10713112, ECO:0000305|PubMed:23543484}. Cytoplasm {ECO:0000269|PubMed:10713112}. Note=Localizes to the nuclear envelope and annulate lamellae, which consists in stacks of endoplasmic reticulum membranes containing a high density of nuclear pores. {ECO:0000269|PubMed:31192305}."
Q9Y613,,,,"SUBCELLULAR LOCATION: Cytoplasm. Cytoplasm, cytoskeleton. Cell projection, bleb. Note=Predominantly cytoplasmic."
Q9Y6K0,,"TRANSMEM 89..108; /note=""Helical""; /evidence=""ECO:0000269|PubMed:37137909, ECO:0007744|PDB:8GYW, ECO:0007744|PDB:8GYX""; TRANSMEM 116..133; /note=""Helical""; /evidence=""ECO:0000269|PubMed:37137909, ECO:0007744|PDB:8GYW, ECO:0007744|PDB:8GYX""; TRANSMEM 156..176; /note=""Helical""; /evidence=""ECO:0000269|PubMed:37137909, ECO:0007744|PDB:8GYW, ECO:0007744|PDB:8GYX""; TRANSMEM 180..199; /note=""Helical""; /evidence=""ECO:0000269|PubMed:37137909, ECO:0007744|PDB:8GYW, ECO:0007744|PDB:8GYX""; TRANSMEM 210..230; /note=""Helical""; /evidence=""ECO:0000269|PubMed:37137909, ECO:0007744|PDB:8GYW, ECO:0007744|PDB:8GYX""; TRANSMEM 246..267; /note=""Helical""; /evidence=""ECO:0000269|PubMed:37137909, ECO:0007744|PDB:8GYW, ECO:0007744|PDB:8GYX""; TRANSMEM 286..306; /note=""Helical""; /evidence=""ECO:0000269|PubMed:37137909, ECO:0007744|PDB:8GYW, ECO:0007744|PDB:8GYX""; TRANSMEM 315..334; /note=""Helical""; /evidence=""ECO:0000269|PubMed:37137909, ECO:0007744|PDB:8GYW, ECO:0007744|PDB:8GYX""; TRANSMEM 349..363; /note=""Helical""; /evidence=""ECO:0000269|PubMed:37137909, ECO:0007744|PDB:8GYW, ECO:0007744|PDB:8GYX""; TRANSMEM 368..388; /note=""Helical""; /evidence=""ECO:0000269|PubMed:37137909, ECO:0007744|PDB:8GYW, ECO:0007744|PDB:8GYX""",,SUBCELLULAR LOCATION: Endoplasmic reticulum membrane {ECO:0000269|PubMed:12221122}; Multi-pass membrane protein {ECO:0000269|PubMed:12221122}. Nucleus membrane {ECO:0000269|PubMed:12221122}; Multi-pass membrane protein {ECO:0000269|PubMed:12221122}.
Q9Y295,,,,"SUBCELLULAR LOCATION: Nucleus {ECO:0000269|PubMed:29915238}. Cytoplasm {ECO:0000269|PubMed:15676025, ECO:0000269|PubMed:19819225, ECO:0000269|PubMed:29915238}. Note=The DRG1-ZC3H15/DFRP1 complex associates with polysomes."
Q9Y2H1,,,,"SUBCELLULAR LOCATION: Cytoplasm. Cytoplasm, cytoskeleton. Membrane. Note=Associated with the actin cytoskeleton. Co-localizes with STK24/MST3 in the membrane."
Q9Y2Q5,,,,SUBCELLULAR LOCATION: Late endosome membrane {ECO:0000250|UniProtKB:Q9JHS3}; Peripheral membrane protein {ECO:0000250|UniProtKB:Q9JHS3}; Cytoplasmic side {ECO:0000250|UniProtKB:Q9JHS3}. Lysosome membrane {ECO:0000269|PubMed:17897319}; Peripheral membrane protein {ECO:0000250|UniProtKB:Q9JHS3}; Cytoplasmic side {ECO:0000250|UniProtKB:Q9JHS3}. Note=Recruited to lysosome and endosome membranes by LAMTOR1. {ECO:0000250|UniProtKB:Q9JHS3}.
Q9Y2X3,,,,"SUBCELLULAR LOCATION: Nucleus, nucleolus {ECO:0000269|PubMed:33367824, ECO:0000269|PubMed:34516797}. Nucleus, nucleoplasm {ECO:0000269|PubMed:33367824}. Note=Localizes to the nucleolus with a minor part present in the nucleoplasm. {ECO:0000269|PubMed:33367824}."
Q9Y3B4,,,,"SUBCELLULAR LOCATION: Nucleus {ECO:0000269|PubMed:27720643, ECO:0000269|PubMed:28541300}."
Q9Y4K4,,,,SUBCELLULAR LOCATION: Cytoplasm {ECO:0000269|PubMed:9038372}.
Q9Y535,,,,SUBCELLULAR LOCATION: Nucleus {ECO:0000269|PubMed:33335104}.
Q9Y580,,,,"SUBCELLULAR LOCATION: Nucleus, nucleoplasm {ECO:0000269|PubMed:21855801, ECO:0000269|PubMed:25852104}. Nucleus {ECO:0000250|UniProtKB:Q9CQT2}. Note=Excluded from the nucleolus. {ECO:0000269|PubMed:21855801}."
Q9Y5Q0,,"TRANSMEM 134..154; /note=""Helical""; /evidence=""ECO:0000255""; TRANSMEM 160..180; /note=""Helical""; /evidence=""ECO:0000255""; TRANSMEM 264..284; /note=""Helical""; /evidence=""ECO:0000255""; TRANSMEM 307..327; /note=""Helical""; /evidence=""ECO:0000255""","TOPO_DOM 1..133; /note=""Cytoplasmic""; /evidence=""ECO:0000305""; TOPO_DOM 155..159; /note=""Lumenal""; /evidence=""ECO:0000305""; TOPO_DOM 181..263; /note=""Cytoplasmic""; /evidence=""ECO:0000305""; TOPO_DOM 285..306; /note=""Lumenal""; /evidence=""ECO:0000305""; TOPO_DOM 328..445; /note=""Cytoplasmic""; /evidence=""ECO:0000305""",SUBCELLULAR LOCATION: Endoplasmic reticulum membrane {ECO:0000269|PubMed:31916624}; Multi-pass membrane protein {ECO:0000255}.
Q9Y5S2,,,,"SUBCELLULAR LOCATION: Cytoplasm {ECO:0000250}. Cell membrane {ECO:0000269|PubMed:21240187}; Peripheral membrane protein {ECO:0000269|PubMed:21240187}; Cytoplasmic side {ECO:0000269|PubMed:21240187}. Cell junction {ECO:0000269|PubMed:21240187}. Cell projection, lamellipodium {ECO:0000250|UniProtKB:Q3UU96}. Note=Displays a dispersed punctate distribution and concentrates along the cell periphery, especially at the leading edge and cell-cell junction. This concentration is PH-domain dependent (By similarity). Detected at the leading edge of migrating cells. Localization at the leading edge of migrating cells requires interaction with catalytically active CDC42 (PubMed:21240187). Localizes in the lamellipodium in a FAM89B/LRAP25-dependent manner (By similarity). {ECO:0000250|UniProtKB:O54874, ECO:0000250|UniProtKB:Q3UU96, ECO:0000269|PubMed:21240187}."
Q9Y5W7,,"TRANSMEM 24..44; /note=""Helical""; /evidence=""ECO:0000255""; TRANSMEM 49..69; /note=""Helical""; /evidence=""ECO:0000255""",,"SUBCELLULAR LOCATION: Lysosome membrane {ECO:0000269|PubMed:25848753}; Multi-pass membrane protein {ECO:0000305}. Late endosome membrane {ECO:0000269|PubMed:25848753}; Multi-pass membrane protein {ECO:0000305}. Cell projection, dendrite {ECO:0000250|UniProtKB:Q8BHY8}."
Q9Y5W8,,,,SUBCELLULAR LOCATION: Early endosome membrane {ECO:0000269|PubMed:11729322}; Peripheral membrane protein {ECO:0000269|PubMed:11729322}; Cytoplasmic side {ECO:0000269|PubMed:11729322}.
Q9Y6B6,,,,"SUBCELLULAR LOCATION: Endoplasmic reticulum membrane {ECO:0000269|PubMed:33186557}; Peripheral membrane protein {ECO:0000250|UniProtKB:Q9QVY3}. Golgi apparatus, Golgi stack membrane {ECO:0000250|UniProtKB:Q9QVY3}; Peripheral membrane protein {ECO:0000250|UniProtKB:Q9QVY3}. Cytoplasm, cytosol {ECO:0000269|PubMed:34290409}. Lysosome membrane {ECO:0000269|PubMed:34290409}. Note=Active at endoplasmic reticulum exit sites (ERES) where it inserts into the membrane and recruits the remainder of the coat protein complex II/COPII (PubMed:23433038). Upon leucine deprivation, associates with lysosomal membranes to repress TORC1 signaling (PubMed:34290409). {ECO:0000269|PubMed:23433038, ECO:0000269|PubMed:34290409}."
Q9Y281,,,,"SUBCELLULAR LOCATION: Nucleus matrix {ECO:0000250}. Cytoplasm, cytoskeleton {ECO:0000250}. Note=Colocalizes with CSPR3 in the Z line of sarcomeres. {ECO:0000269|PubMed:19752190}."
Q9Y2B2,,"TRANSMEM 2..22; /note=""Helical""; /evidence=""ECO:0000255""","TOPO_DOM 23..252; /note=""Cytoplasmic""; /evidence=""ECO:0000269|PubMed:14742432""","SUBCELLULAR LOCATION: Endoplasmic reticulum membrane {ECO:0000269|PubMed:10085243, ECO:0000269|PubMed:14742432}; Single-pass type I membrane protein {ECO:0000269|PubMed:14742432}."
Q9Y2U8,,"TRANSMEM 475..495; /note=""Helical""; /evidence=""ECO:0000255""; TRANSMEM 628..648; /note=""Helical""; /evidence=""ECO:0000255""",,SUBCELLULAR LOCATION: Nucleus inner membrane {ECO:0000269|PubMed:15647271}; Multi-pass membrane protein {ECO:0000269|PubMed:15647271}.
Q9Y487,,"TRANSMEM 394..412; /note=""Helical""; /evidence=""ECO:0000255""; TRANSMEM 415..431; /note=""Helical""; /evidence=""ECO:0000255""; TRANSMEM 446..475; /note=""Helical""; /evidence=""ECO:0000255""; TRANSMEM 550..569; /note=""Helical""; /evidence=""ECO:0000255""; TRANSMEM 588..608; /note=""Helical""; /evidence=""ECO:0000255""; TRANSMEM 652..671; /note=""Helical""; /evidence=""ECO:0000255""; TRANSMEM 740..764; /note=""Helical""; /evidence=""ECO:0000255""; TRANSMEM 786..824; /note=""Helical""; /evidence=""ECO:0000255""","TOPO_DOM 1..393; /note=""Cytoplasmic""; /evidence=""ECO:0000255""; TOPO_DOM 413..414; /note=""Vacuolar""; /evidence=""ECO:0000255""; TOPO_DOM 432..445; /note=""Cytoplasmic""; /evidence=""ECO:0000255""; TOPO_DOM 476..549; /note=""Vacuolar""; /evidence=""ECO:0000255""; TOPO_DOM 570..587; /note=""Cytoplasmic""; /evidence=""ECO:0000255""; TOPO_DOM 609..651; /note=""Vacuolar""; /evidence=""ECO:0000255""; TOPO_DOM 672..739; /note=""Cytoplasmic""; /evidence=""ECO:0000255""; TOPO_DOM 765..785; /note=""Vacuolar""; /evidence=""ECO:0000255""; TOPO_DOM 825..856; /note=""Cytoplasmic""; /evidence=""ECO:0000255""","SUBCELLULAR LOCATION: Cell membrane; Multi-pass membrane protein. Endosome membrane. Note=In kidney proximal tubules, also detected in subapical vesicles. {ECO:0000250}."
Q9Y4C8,,,,"SUBCELLULAR LOCATION: Nucleus, nucleolus {ECO:0000269|PubMed:12429849, ECO:0000269|PubMed:16027046}. Nucleus, nucleoplasm {ECO:0000250}. Cytoplasm {ECO:0000250}. Chromosome {ECO:0000250}. Note=In discrete foci distributed throughout the cytoplasm and nucleoplasm during the 4 to 8 cell stages and the morula stage, but not in the periphery of the nucleolar precursor body (NPB). During blastocyst development, becomes increasingly localized to the nucleolus and less to the cytoplasm. At the late blastocyst stage, localized predominantly in the nucleolus. Localized in the nucleolus during interphase and to the perichromosomal sheath during mitosis. Does not colocalize in the cytoplasm with GW182 in P-bodies. May translocate to the nucleolus upon early embryonic development (By similarity). Colocalizes with NPM1 during interphase. By late prophase, metaphase, anaphase and telophase, associates with the chromosome periphery. By telophase localizes to NPB. {ECO:0000250}."
Q9Y289,,"TRANSMEM 24..44; /note=""Helical""; /evidence=""ECO:0000255""; TRANSMEM 68..88; /note=""Helical""; /evidence=""ECO:0000255""; TRANSMEM 101..121; /note=""Helical""; /evidence=""ECO:0000255""; TRANSMEM 143..163; /note=""Helical""; /evidence=""ECO:0000255""; TRANSMEM 176..196; /note=""Helical""; /evidence=""ECO:0000255""; TRANSMEM 199..219; /note=""Helical""; /evidence=""ECO:0000255""; TRANSMEM 256..276; /note=""Helical""; /evidence=""ECO:0000255""; TRANSMEM 297..317; /note=""Helical""; /evidence=""ECO:0000255""; TRANSMEM 336..356; /note=""Helical""; /evidence=""ECO:0000255""; TRANSMEM 396..416; /note=""Helical""; /evidence=""ECO:0000255""; TRANSMEM 428..448; /note=""Helical""; /evidence=""ECO:0000255""; TRANSMEM 456..476; /note=""Helical""; /evidence=""ECO:0000255""; TRANSMEM 528..548; /note=""Helical""; /evidence=""ECO:0000255""",,"SUBCELLULAR LOCATION: Cell membrane {ECO:0000269|PubMed:25809983, ECO:0000269|PubMed:27904971, ECO:0000269|PubMed:35013551}; Multi-pass membrane protein {ECO:0000255}. Apical cell membrane {ECO:0000269|PubMed:19211916}; Multi-pass membrane protein {ECO:0000255}. Note=Preferentially localized at the luminal membrane of brain capillary endothelium (PubMed:25809983). Localized to the brush border/apical membrane of intestine and renal polarized cells (PubMed:19211916). {ECO:0000269|PubMed:19211916, ECO:0000269|PubMed:25809983}.; SUBCELLULAR LOCATION: Cell membrane {ECO:0000269|PubMed:28052864}; Multi-pass membrane protein {ECO:0000255}. Note=(Microbial infection) Exposure to E.coli lipopolysaccharides leads to reduced cell membrane localization. {ECO:0000269|PubMed:28052864}."
Q9Y2I7,,,,"SUBCELLULAR LOCATION: Endosome membrane {ECO:0000269|PubMed:11706043, ECO:0000269|PubMed:17556371}; Peripheral membrane protein {ECO:0000250|UniProtKB:Q9Z1T6}. Early endosome membrane {ECO:0000269|PubMed:30612035}; Peripheral membrane protein. Cytoplasmic vesicle, phagosome membrane {ECO:0000269|PubMed:30612035}; Peripheral membrane protein {ECO:0000305}. Late endosome membrane {ECO:0000269|PubMed:11706043}; Peripheral membrane protein {ECO:0000250|UniProtKB:Q9Z1T6}. Note=Mainly associated with membranes of the late endocytic pathway. {ECO:0000269|PubMed:11706043}."
Q9Y3A2,,,,"SUBCELLULAR LOCATION: Nucleus, nucleolus {ECO:0000269|PubMed:34516797}."
Q9Y3A5,,,,"SUBCELLULAR LOCATION: Cytoplasm. Nucleus, nucleolus. Nucleus, nucleoplasm. Cytoplasm, cytoskeleton, spindle. Note=Primarily detected in the cytoplasm, and at low levels in nucleus and nucleolus (PubMed:17475909, PubMed:19602484). Detected in the nucleolus during G1 and G2 phase of the cell cycle, and diffusely distributed in the nucleus during S phase. Detected at the mitotic spindle. Colocalizes with the microtubule organizing center during interphase (PubMed:19759903). {ECO:0000269|PubMed:19759903}."
Q9Y3C7,,,,SUBCELLULAR LOCATION: Nucleus {ECO:0000305}.
Q9Y3P9,,,,"SUBCELLULAR LOCATION: Cytoplasm, cytosol {ECO:0000269|PubMed:10202141}. Cytoplasm, cytoskeleton, microtubule organizing center, centrosome {ECO:0000269|PubMed:10202141}. Note=Predominantly cytosolic but also associated with the centrosome. {ECO:0000269|PubMed:10202141}."
Q9Y5B9,,,,SUBCELLULAR LOCATION: Nucleus {ECO:0000269|PubMed:10421373}. Chromosome {ECO:0000269|PubMed:10421373}. Note=Colocalizes with RNA polymerase II on chromatin. Recruited to actively transcribed loci.
Q9Y5K8,,,,"SUBCELLULAR LOCATION: Membrane {ECO:0000305|PubMed:21844891}; Peripheral membrane protein {ECO:0000305|PubMed:21844891}; Cytoplasmic side {ECO:0000305|PubMed:21844891}. Cytoplasmic vesicle, clathrin-coated vesicle membrane {ECO:0000250|UniProtKB:P39942}; Peripheral membrane protein {ECO:0000305}. Lysosome membrane {ECO:0000305|PubMed:22053050}; Peripheral membrane protein {ECO:0000305}. Cytoplasm, cytoskeleton, microtubule organizing center, centrosome {ECO:0000269|PubMed:21844891}. Cell projection, cilium {ECO:0000269|PubMed:21844891}. Note=Localizes to centrosome and the base of the cilium. {ECO:0000269|PubMed:21844891}."
Q9Y5P4,,,,"SUBCELLULAR LOCATION: Cytoplasm {ECO:0000269|PubMed:16895911, ECO:0000269|PubMed:18184806}. Golgi apparatus {ECO:0000269|PubMed:16895911, ECO:0000269|PubMed:18184806, ECO:0000269|PubMed:29858488}. Endoplasmic reticulum {ECO:0000269|PubMed:16895911, ECO:0000269|PubMed:18184806}. Note=Preferentially localized to the Golgi apparatus. {ECO:0000305|PubMed:16895911}."
Q9Y6D5,,,,"SUBCELLULAR LOCATION: Cytoplasm. Membrane. Golgi apparatus. Cytoplasm, perinuclear region. Golgi apparatus, trans-Golgi network {ECO:0000250}. Endosome {ECO:0000250}. Cytoplasm, cytoskeleton, microtubule organizing center, centrosome. Cell projection, dendrite {ECO:0000250}. Cytoplasmic vesicle {ECO:0000250}. Synapse {ECO:0000250}. Cytoplasm, cytoskeleton {ECO:0000250}. Note=Translocates from cytoplasm to membranes upon cAMP treatment. Localized in recycling endosomes."
Q9Y6E0,,,,SUBCELLULAR LOCATION: Cytoplasm. Nucleus. Membrane. Note=The truncated form (MST3/N) translocates to the nucleus. Colocalizes with STK38L in the membrane.
Q9Y3S1,,,,"SUBCELLULAR LOCATION: Cytoplasm {ECO:0000269|PubMed:17667937, ECO:0000269|PubMed:18593598}. Cell membrane {ECO:0000269|PubMed:18593598}."
Q9Y3E7,,,,"SUBCELLULAR LOCATION: Cytoplasm, cytosol. Membrane; Lipid-anchor. Endosome. Late endosome membrane {ECO:0000305}. Note=Localizes to the midbody of dividing cells."
Q9Y5X3,,,,"SUBCELLULAR LOCATION: Endosome {ECO:0000269|PubMed:11485546}. Early endosome {ECO:0000269|PubMed:17148574, ECO:0000269|PubMed:24610942}. Early endosome membrane {ECO:0000269|PubMed:15561769}; Peripheral membrane protein; Cytoplasmic side. Cell membrane {ECO:0000269|PubMed:15561769}; Peripheral membrane protein; Cytoplasmic side {ECO:0000269|PubMed:18854019}. Cytoplasmic vesicle membrane; Peripheral membrane protein; Cytoplasmic side. Cytoplasm. Cell projection, phagocytic cup. Cell projection, ruffle. Note=Recruited to the plasma membrane after EGF stimulation, which leads to increased levels of phosphatidylinositol 3,4-bisphosphate (PdtIns(3,4)P2) (PubMed:15561769). Detected on macropinosomes (PubMed:16968745, PubMed:21048941). Targeted to membrane ruffles in response to EGFR stimulation. {ECO:0000269|PubMed:15561769, ECO:0000269|PubMed:16968745, ECO:0000269|PubMed:21048941}."
Q9Y6W5,,,,"SUBCELLULAR LOCATION: Cytoplasm, cytoskeleton {ECO:0000250}. Cell projection, lamellipodium {ECO:0000250}. Basolateral cell membrane {ECO:0000269|PubMed:30250061}. Note=At the interface between the lamellipodial actin meshwork and the membrane. {ECO:0000250}."
Q9Y371,,,,"SUBCELLULAR LOCATION: Cytoplasm {ECO:0000269|PubMed:15452144}. Golgi apparatus membrane {ECO:0000269|PubMed:21068542}; Peripheral membrane protein {ECO:0000250}. Mitochondrion outer membrane {ECO:0000269|PubMed:15452144}; Peripheral membrane protein {ECO:0000269|PubMed:15452144}. Cytoplasmic vesicle, autophagosome membrane {ECO:0000269|PubMed:17891140}. Midbody {ECO:0000269|PubMed:20643123}. Note=Association with the Golgi apparatus depends on the cell type (By similarity). Following starvation colocalizes with ATG5 and LC3 autophagy-related protein(s)on autophagosomal membranes (PubMed:17891140). {ECO:0000250, ECO:0000269|PubMed:17891140}."
Q9Y4P1,,,,"SUBCELLULAR LOCATION: Cytoplasm {ECO:0000269|PubMed:29165041}. Cytoplasm, cytosol {ECO:0000269|PubMed:29165041}. Cytoplasmic vesicle, autophagosome {ECO:0000269|PubMed:29165041}. Endoplasmic reticulum {ECO:0000269|PubMed:29165041}. Mitochondrion {ECO:0000269|PubMed:29165041}. Note=Mainly localizes to the cytoplasm, including cytosol (PubMed:29165041). A samll potion localizes to mitochondria; phosphorylation at Ser-34 promotes localization to mitochondria (PubMed:29165041). {ECO:0000269|PubMed:29165041}."
Q9Y5W9,,,,SUBCELLULAR LOCATION: Cell membrane {ECO:0000269|PubMed:26818531}; Peripheral membrane protein {ECO:0000305}; Cytoplasmic side {ECO:0000305}. Endosome {ECO:0000269|PubMed:23615901}. Cytoplasm {ECO:0000269|PubMed:26818531}.
Q9Y6I3,,,,"SUBCELLULAR LOCATION: Cytoplasm {ECO:0000250}. Cell membrane {ECO:0000250}; Peripheral membrane protein {ECO:0000250}. Nucleus {ECO:0000250}. Membrane, clathrin-coated pit {ECO:0000250}. Note=Associated with the cytoplasmic membrane at sites where clathrin-coated pits are forming. Colocalizes with clathrin and AP-2 in a punctate pattern on the plasma membrane. Detected in presynaptic nerve terminals and in Golgi stacks. May shuttle to the nucleus when associated with ZBTB16/ZNF145 (By similarity). {ECO:0000250}."
Q9Y3I1,,,,"SUBCELLULAR LOCATION: Cytoplasm {ECO:0000269|PubMed:16096642, ECO:0000269|PubMed:18495667}. Nucleus {ECO:0000269|PubMed:16096642, ECO:0000269|PubMed:18495667, ECO:0000269|PubMed:33010352}. Mitochondrion {ECO:0000269|PubMed:23933751}. Cytoplasm, cytosol {ECO:0000269|PubMed:23933751}. Note=Predominantly cytoplasmic (PubMed:16096642). A minor proportion is detected in the nucleus (PubMed:16096642). Relocates from the cytosol to depolarized mitochondria (PubMed:23933751). {ECO:0000269|PubMed:16096642, ECO:0000269|PubMed:23933751}."
Q9Y5S9,,,,"SUBCELLULAR LOCATION: Nucleus {ECO:0000269|PubMed:11030346, ECO:0000269|PubMed:19324961, ECO:0000269|PubMed:28502770, ECO:0000269|PubMed:29301961}. Nucleus speckle {ECO:0000269|PubMed:11030346, ECO:0000269|PubMed:19324961}. Cytoplasm {ECO:0000269|PubMed:11030346, ECO:0000269|PubMed:19324961}. Note=Nucleocytoplasmic shuttling protein (PubMed:11030346). Travels to the cytoplasm as part of the exon junction complex (EJC) bound to mRNA. Colocalizes with the core EJC, ALYREF/THOC4, NXF1 and UAP56 in the nucleus and nuclear speckles (PubMed:19324961). {ECO:0000269|PubMed:11030346, ECO:0000269|PubMed:19324961}."
Q9Y3B6,,,,SUBCELLULAR LOCATION: Endoplasmic reticulum membrane {ECO:0000305|PubMed:32459176}; Peripheral membrane protein {ECO:0000305|PubMed:32459176}; Cytoplasmic side {ECO:0000269|PubMed:22119785}.
Q9Y5R8,,,,"SUBCELLULAR LOCATION: Golgi apparatus, cis-Golgi network {ECO:0000250}. Endoplasmic reticulum {ECO:0000250}."
Q9Y5M8,,"TRANSMEM 37..57; /note=""Helical""; /evidence=""ECO:0000255""",,SUBCELLULAR LOCATION: Endoplasmic reticulum membrane {ECO:0000250|UniProtKB:O13950}; Single-pass membrane protein {ECO:0000255}.
Q9Y689,,,,
Q9Y485,,,,
Q9Y4E6,,,,
Q9Y3T6,,,,
